{
    "Act Title": "THE FATAL ACCIDENTS ACT, 1855",
    "Act ID": "ACT NO. 13 OF 1855",
    "Enactment Date": "[27th March, 1855.]",
    "Act Definition": {
        "0": "An Act to provide compensation to families for loss occasioned by the death of a person caused by actionable wrong.",
        "1": "Preamble.\u2014WHEREAS no action or suit is now maintainable in any Court against a person who, by his wrongful act, neglect or default, may have caused the death of another person and it is often-times right and expedient that the wrong-doer in such case should be answerable in damages for the injury so caused by him"
    },
    "Sections": {
        "Section 1.": {
            "heading": "Short title and extent.",
            "paragraphs": {
                "0": "(1) This Act may be called the Fatal Accidents Act, 1855.",
                "1": "(2) It extends to the whole of India 3***.]"
            }
        },
        "Section 1A.": {
            "heading": "Suit for compensation to the family of a person for loss occasioned to it by his death by actionable wrong.",
            "paragraphs": {
                "0": "] Suit for compensation to the family of a person for loss occasioned to it by his death by actionable wrong.\u2014Whenever the death of a person shall be caused by wrongful act, neglect or default, and the act, neglect or default is such as would (if death had not ensured) have entitled the party injured to maintain an action and recover damages in respect thereof, the party who would have been liable if death had not ensued shall be liable to an action or suit for damages, notwithstanding the death of the person injured, and although the death shall have been caused under such circumstances as amount in law to felony or other crime.",
                "1": "5** * Every such action or suit shall be for the benefit of the wife, husband, parent and child, if any, of the person whose death shall have been so caused, and shall be brought by and in the name of the executor, administrator or representative of the person deceased;",
                "2": "and in every such action the Court may give such damages as it may th ink proportioned to the loss resulting from such death to the parties respectively, for whom and for whose benefit such action shall be brought; and the amount so recovered, after deducting all costs and expenses, including the costs not recovered from the defendant, shall be divided amongst the before-mentioned parties, or any of them, a such shares as the Court by its judgment or decree shall direct."
            }
        },
        "Section 2.": {
            "heading": "Not more than one suit to be brought.",
            "paragraphs": {
                "0": "Provided always that not more than one action or suit shall be brought for, and in respect of the same subject-matter of complaint 6***:",
                "1": "Claim for loss to estate may be added.\u2014Provided that, in any such action or suit, the executor administrator or representative of the deceased may insert a claim for and recover any pecuniary loss to the estate of the deceased occasioned by such wrongful act, neglect or default, which sum, when recovered, shall be deemed part of the assets of the estate of the deceased."
            }
        },
        "Section 3.": {
            "heading": "Plaintiff shall deliver particulars, etc.",
            "paragraphs": {
                "0": "The plaint in any such action or suit shall give a full particular of the person or persons for whom, or on whose behalf, such action or suit shall be brought, and of the nature of the claim in respect of which damages shall be sought to be recovered."
            }
        },
        "Section 4.": {
            "heading": "Interpretation-clause.",
            "paragraphs": {
                "0": "The following words and expressions are intended to have the meanings hereby assigned to them respectively, so far as such meanings are not excluded by the context or by the nature of the subject-matter; that is to say 1*** the word \u201cperson\u201d, shall apply to bodies politic and corporate; and the word \"parent\" shall include father and mother2 and grand-father and grand-mother; and the word \"child\" shall include son and daughter and grand-son and grand-daughter and step-son and step-daughter."
            }
        }
    },
    "Schedule": {},
    "Annexure": {},
    "Appendix": {},
    "Forms": {},
    "Footnotes": {
        "Page 2": {
            "0": "1. The Act has been extended to Laccadive, Minicoy and Amindivi Islands by Reg. 8 of 1965, s. 3 and Sch., and to the Unionterritory of Pondicherry by Act 26 of 1968, s. 3 and Sch.",
            "1": "2. Ins. by Act 3 of 1951 s. 3 and Sch.",
            "2": "3. The words \u201cexcept the State of Jammu and Kashmir\u201d omitted by Act 34 of 2019, s. 95 and the Fifth Schedule(w.e.f. 31-10- 2019).",
            "3": "4. Original s. 1 re-numbered as s. lA by s. 3 and Sch., ibid.",
            "4": "5. The words \"And it is enacted further that\" omitted by Act 10 of 1914, Sch. II.",
            "5": "6. The words \"and that every such action shall be brought within twelve calendar months after the death of such deceased person\"omitted by Act 9 of 1871. For limitation, see now the Indian Limitation Act, 1963 (36 of 1963)."
        },
        "Page 3": {
            "0": "1. Certain words omitted by Act 10 of 1914, Sch.",
            "1": "2. Stepfather and step-mother are designedly omitted."
        }
    }
}