{
    "Act Title": "THE HINDU ADOPTIONS AND MAINTENANCE ACT, 1956",
    "Act ID": "ACT NO. 78 OF 1956",
    "Enactment Date": "[21st December, 1956.]",
    "Act Definition": {
        "0": "An Act to amend and codify the law relating to adoptions and maintenance among Hindus."
    },
    "Chapters": {
        "0": {
            "ID": "CHAPTER I",
            "Name": "PRELIMINARY",
            "Sections": {
                "Section 1.": {
                    "heading": "Short title and extent.",
                    "paragraphs": {
                        "0": "(1) This Act may be called the Hindu Adoptions and Maintenance Act, 1956.",
                        "1": "(2) It extends to the whole of India 2***."
                    }
                },
                "Section 2.": {
                    "heading": "Application of Act.",
                    "paragraphs": {
                        "0": {
                            "text": "(1) This Act applies\u2015",
                            "contains": {
                                "0": "(a) to any person, who is a Hindu by religion in any of its forms or developments, including a Virashaiva, a Lingayat or a follower of the Brahmo, Prarthana or Arya Samaj,",
                                "1": "(b) to any person who is a Buddhist, Jaina or Sikh by religion, and",
                                "2": "(c) to any other person who is not a Muslim, Christian, Parsi or Jew by religion, unless it is proved that any such person would not have been governed by the Hindu law or by any custom or usage as part of that law in respect of any of the matters dealt with herein if this Act had not been passed."
                            }
                        },
                        "1": {
                            "text": "Explanation.\u2015The following persons are Hindus, Buddhists, Jainas or Sikhs by religion, as the case may be:\u2015",
                            "contains": {
                                "0": "(a) any child, legitimate or illegitimate, both of whose parents are Hindus, Buddhists, Jainas or Sikhs by religion;",
                                "1": "(b) any child, legitimate or illegitimate, one of whose parents is a Hindu, Buddhist, Jaina or Sikh by religion and who is brought up as a member of the tribe, community, group or family to which such parent belongs or belonged; 3* * *",
                                "2": "4[(bb) any child, legitimate or illegitimate, who has been abandoned both by his father and mother or whose parentage is not known and who in either case is brought up as a Hindu, Buddhist, Jaina or Sikh; and]",
                                "3": "(c) any person who is a convert or re-convert to the Hindu, Buddhist, Jaina or Sikh religion."
                            }
                        },
                        "2": "(2) Notwithstanding anything contained in sub-section (1), nothing contained in this Act shall apply to the members of any Scheduled Tribe within the meaning of clause (25) of article 366 of the Constitution unless the Central Government, by notification in the Official Gazette, otherwise directs.",
                        "3": "(3) The expression \u201cHindu\u201d in any portion of this Act shall be construed as if it included a person who, though not a Hindu by religion, is, nevertheless, a person to whom this Act applies by virtue of the provisions contained in this section."
                    }
                },
                "Section 3.": {
                    "heading": "Definitions.",
                    "paragraphs": {
                        "0": {
                            "text": "In this Act, unless the context otherwise requires,\u2015",
                            "contains": {
                                "0": "(a) the expressions \u201ccustom\u201d and \u201cusage\u201d signify any rule which, having been continuously and uniformly observed for a long time, has obtained the force of law among Hindus in any local area, tribe, community, group or family:",
                                "1": "Provided that the rule is certain and not unreasonable or opposed to public policy: and",
                                "2": "Provided further that, in the case of a rule applicable only to a family, it has not been discontinued by the family;",
                                "3": {
                                    "text": "(b) \u201cmaintenance\u201d includes\u2015",
                                    "contains": {
                                        "0": "(i) in all cases, provision for food, clothing, residence, education and medical attendance and treatment;",
                                        "1": "(ii) in the case of an unmarried daughter, also the reasonable expenses of and incident to her marriage;"
                                    }
                                },
                                "4": "(c) \u201cminor\u201d means a person who has not completed his or her age of eighteen years."
                            }
                        }
                    }
                },
                "Section 4.": {
                    "heading": "Overriding effect of Act.",
                    "paragraphs": {
                        "0": {
                            "text": "Save as otherwise expressly provided in this Act,\u2015",
                            "contains": {
                                "0": "(a) any text, rule or interpretation of Hindu law or any custom or usage as part of that law in force immediately before the commencement of this Act shall cease to have effect with respect to any matter for which provision is made in this Act;",
                                "1": "(b) any other law in force immediately before the commencement of this Act shall cease to apply to Hindus in so far as it is inconsistent with any of the provisions contained in this Act."
                            }
                        }
                    }
                }
            }
        },
        "1": {
            "ID": "CHAPTER II",
            "Name": "ADOPTION",
            "Sections": {
                "Section 5.": {
                    "heading": "Adoptions to be regulated by this Chapter.",
                    "paragraphs": {
                        "0": "(1) No adoption shall be made after the commencement of this Act by or to a Hindu except in accordance with the provisions contained in this Chapter, and any adoption made in contravention of the said provisions shall be void.",
                        "1": "(2) An adoption which is void shall neither create any rights in the adoptive family in favour of any person which he or she could not have acquired except by reason of the adoption, nor destroy the rights of any person in the family of his or her birth."
                    }
                },
                "Section 6.": {
                    "heading": "Requisites of a valid adoption.",
                    "paragraphs": {
                        "0": {
                            "text": "No adoption shall be valid unless\u2014",
                            "contains": {
                                "0": "(i) the person adopting has the capacity, and also the right, to take in adoption;",
                                "1": "(ii) the person giving in adoption has the capacity to do so;",
                                "2": "(iii) the person adopted is capable of being taken in adoption; and",
                                "3": "(iv) the adoption is made in compliance with the other conditions mentioned in this Chapter."
                            }
                        }
                    }
                },
                "Section 7.": {
                    "heading": "Capacity of a male Hindu to take in adoption.",
                    "paragraphs": {
                        "0": "Any male Hindu who is of sound mind and is not a minor has the capacity to takes on or a daughter in adoption:",
                        "1": "Provided that, if he has a wife living, he shall not adopt except with the consent of his wife unless the wife has completely and finally renounced the word or has ceased to be a Hindu or has been declared by a court of competent jurisdiction to be of unsound mind.",
                        "2": "Explanation.\u2015If a person has more than one wife living at the time of adoption, the consent of all the wives is necessary unless the consent of any one of them is unnecessary for any of the reasons specified in the preceding proviso."
                    }
                },
                "Section 8.": {
                    "heading": "Capacity of a female Hindu to take in adoption.",
                    "paragraphs": {
                        "0": "Any female Hindu who is of sound mind and is not a minor has the capacity to take a son or daughter in adoption:",
                        "1": "Provided that, if she has a husband living, she shall not adopt a son or daughter except with the consent of her husband unless the husband has completely and finally renounced the world or has ceased to be a Hindu or has been declared by a court of competent jurisdiction to be of unsound mind.]"
                    }
                },
                "Section 9.": {
                    "heading": "Persons capable of giving in adoption.",
                    "paragraphs": {
                        "0": "(1) No person except the father or mother or the guardian of a child shall have the capacity to give the child in adoption.",
                        "1": "2[(2) Subject to the provisions of sub-section (4), the father or the mother, if alive, shall have equal right to give a son or daughter in adoption:",
                        "2": "Provided that such right shall not be exercised by either of them save with the consent of the other unless one of them has completely and finally renounced the world or has ceased to be a Hindu or has been declared by a court of competent jurisdiction to be of unsound mind.]",
                        "3": "3* * * * *",
                        "4": "4[(4) Where both the father and mother are dead or have completely and finally renounced the world or have abandoned the child or have been declared by a court of competent jurisdiction to be of unsound mind or where the parentage of the child is not known, the guardian of the child may give the child in adoption with the previous permission of the court to any person including the guardian himself.]",
                        "5": "(5) Before granting permission to a guardian under sub-section (4), the court shall be satisfied that the adoption will be for the welfare of the child, due consideration being for this purpose given to the wishes of the child having regard to the age and understanding of the child and that the applicant for permission has not received or agreed to receive and that no person has made or given or agreed to make or give to the applicant any payment or reward in consideration of the adoption except such as the court may sanction.",
                        "6": {
                            "text": "Explanation.\u2015For the purposes of this section\u2015",
                            "contains": {
                                "0": "(i) the expressions \u201cfather\u201d and \u201cmother\u201d do not include an adoptive father and an adoptive mother; 5* * *",
                                "1": {
                                    "text": "6[(ia) \u201cguardian\u201d means a person having the care of the person of a child or of both his person and property and includes\u2015",
                                    "contains": {
                                        "0": "(a) a guardian appointed by the will of the child's father or mother, and",
                                        "1": "(b) a guardian appointed or declared by a court; and]"
                                    }
                                },
                                "2": "(ii) \u201ccourt\u201d means the city civil court or a district court within the local limits of whose jurisdiction the child to be adopted ordinarily resides."
                            }
                        }
                    }
                },
                "Section 10.": {
                    "heading": "Persons who may be adopted.",
                    "paragraphs": {
                        "0": {
                            "text": "No person shall be capable of being taken in adoption unless the following conditions are fulfilled, namely:\u2015",
                            "contains": {
                                "0": "(i) he or she is a Hindu;",
                                "1": "(ii) he or she has not already been adopted;",
                                "2": "(iii) he or she has not been married, unless there is a custom or usage applicable to the parties which permits persons who are married being taken in adoption;",
                                "3": "(iv) he or she has not completed the age of fifteen years, unless there is a custom or usage applicable to the parties which permits persons who have completed the age of fifteen years being taken in adoption."
                            }
                        }
                    }
                },
                "Section 11.": {
                    "heading": "Other conditions for a valid adoption.",
                    "paragraphs": {
                        "0": {
                            "text": "In every adoption, the following conditions must be complied with:\u2015",
                            "contains": {
                                "0": "(i) if the adoption is of a son, the adoptive father or mother by whom the adoption is made must not have a Hindu son son\u2019s son or son\u2019s son\u2019s son (whether by legitimate blood relationship or by adoption) living at the time of adoption;",
                                "1": "(ii) if the adoption is of a daughter, the adoptive father or mother by whom the adoption is made must not have a Hindu daughter or son\u2019s daughter (whether by legitimate blood relationship or by adoption) living at the time of adoption;",
                                "2": "(iii) if the adoption is by a male and the person to be adopted is a female, the adoptive father is at least twenty-one years older than the person to be adopted;",
                                "3": "(iv) if the adoption is by a female and the person to be adopted is a male, the adoptive mother is at least twenty-one years older than the person to be adopted;",
                                "4": "(v) the same child may not be adopted simultaneously by two or more persons;",
                                "5": "(vi) the child to be adopted must be actually given and taken in adoption by the parents or guardian concerned or under their authority with intent to transfer the child from the family of its birth 1[or in the case of an abandoned child or a child whose parentage is not known, from the place or family where it has been brought up] to the family of its adoption:",
                                "6": "Provided that the performance of datta homam shall not be essential to the validity of an adoption."
                            }
                        }
                    }
                },
                "Section 12.": {
                    "heading": "Effects of adoption.",
                    "paragraphs": {
                        "0": "An adopted child shall be deemed to be the child of his or her adoptive father or mother for all purposes with effect from the date of the adoption and from such date all the ties of the child in the family of his or her birth shall be deemed to be severed and replaced by those created by the adoption in the adoptive family:",
                        "1": {
                            "text": "Provided that\u2015",
                            "contains": {
                                "0": "(a) the child cannot marry any person whom he or she could not have married if he or she had continued in the family of his or her birth;",
                                "1": "(b) any property which vested in the adopted child before the adoption shall continue to vest in such person subject to the obligations, if any, attaching to the ownership of such property, including the obligation to maintain relatives in the family of his or her birth;",
                                "2": "(c) the adopted child shall not divest any person of any estate which vested in him or her before the adoption."
                            }
                        }
                    }
                },
                "Section 13.": {
                    "heading": "Right of adoptive parents to dispose of their properties.",
                    "paragraphs": {
                        "0": "Subject to any agreement to the contrary, an adoption does not deprive the adoptive father or mother of the power to dispose of his or her property by transfer inter vivos or by will."
                    }
                },
                "Section 14.": {
                    "heading": "Determination of adoptive mother in certain cases.",
                    "paragraphs": {
                        "0": "(1)Where a Hindu who has a wife living adopts a child, she shall be deemed to be the adoptive mother.",
                        "1": "(2) Where an adoption has been made with the consent of more than one wife, the seniormost in marriage among them shall be deemed to be the adoptive mother and the others to be step-mothers.",
                        "2": "(3) Where a widower or a bachelor adopts a child, any wife whom he subsequently marries shall be deemed to be the step-mother of the adopted child.",
                        "3": "(4) Where a window or an unmarried woman adopts a child, any husband whom she marries subsequently shall be deemed to be the step-father of the adopted child."
                    }
                },
                "Section 15.": {
                    "heading": "Valid adoption not to be cancelled.",
                    "paragraphs": {
                        "0": "No adoption which has been validly made can be cancelled by the adoptive father or mother or any other person, nor can the adopted child renounce his or her status as such and return to the family of his or her birth."
                    }
                },
                "Section 16.": {
                    "heading": "Presumption as to registered documents relating to adoptions.",
                    "paragraphs": {
                        "0": "Whenever any document registered under any law for the time being in force is produced before any court purporting to record an adoption made and is signed by the person giving and the person taking the child in adoption, the court shall presume that the adoption has been made in compliance with the provisions of this Act unless and until it is disproved."
                    }
                },
                "Section 17.": {
                    "heading": "Prohibition of certain payments.",
                    "paragraphs": {
                        "0": "(1) No person shall receive or agree to receive any payment or other reward in consideration of the adoption of any person, and no person shall make or give or agree to make or give to any other person any payment or reward the receipt of which is prohibited by this section.",
                        "1": "(2) If any person contravenes the provisions of sub-section (1), he shall be punishable with imprisonment which may extend to six months, or with fine, or with both.",
                        "2": "(3) No prosecution under this section shall be instituted without the previous sanction of the State Government or an officer authorised by the State Government in this behalf."
                    }
                }
            }
        },
        "2": {
            "ID": "CHAPTER III",
            "Name": "MAINTENANCE",
            "Sections": {
                "Section 18.": {
                    "heading": "Maintenance of wife.",
                    "paragraphs": {
                        "0": "(1) Subject to the provisions of this section, a Hindu wife, whether married before or after the commencement of this Act, shall be entitled to be maintained by her husband during her life time.",
                        "1": {
                            "text": "(2) A Hindu wife shall be entitled to live separately from her husband without forfeiting her claim to maintenance,\u2015",
                            "contains": {
                                "0": "(a) if he is guilty of desertion, that is to say, of abandoning her without reasonable cause and without her consent or against her wish, or of wilfully neglecting her;",
                                "1": "(b) if he has treated her with such cruelty as to cause a reasonable apprehension in her mind that it will be harmful or injurious to live with her husband;",
                                "2": "1* * * * *",
                                "3": "(d) if he has any other wife living;",
                                "4": "(e) if he keeps a concubine in the same house in which his wife is living or habitually resides with a concubine elsewhere;",
                                "5": "(f) if he has ceased to be a Hindu by conversion to another religion;",
                                "6": "(g) if there is any other cause justifying her living separately."
                            }
                        },
                        "2": "(3) A Hindu wife shall not be entitled to separate residence and maintenance from her husband if she is unchaste or ceases to be a Hindu by conversion to another religion."
                    }
                },
                "Section 19.": {
                    "heading": "Maintenance of widowed daughter-in-law.",
                    "paragraphs": {
                        "0": "(1) A Hindu wife, whether married before or after the commencement of this Act, shall be entitled to be maintained after the death of her husband by her father-in-law:",
                        "1": {
                            "text": "Provided and to the extent that she is unable to maintain herself out of her own earnings or other property or, where she has no property of her own, is unable to obtain maintenance\u2015",
                            "contains": {
                                "0": "(a) from the estate of her husband or her father or mother, or",
                                "1": "(b) from her son or daughter, if any, or his or her estate."
                            }
                        },
                        "2": "(2) Any obligation under sub-section (1) shall not be enforceable if the father-in-law has not the means to do so from any coparcenary property in his possession out of which the daughter-in- law has not obtained any share, and any such obligation shall cease on the remarriage of the daughter-in-law."
                    }
                },
                "Section 20.": {
                    "heading": "Maintenance of children and aged parents.",
                    "paragraphs": {
                        "0": "(1) Subject to the provisions of this section a Hindu is bound, during his or her life-time, to maintain his or her legitimate or illegitimate children and his or her aged or infirm parents.",
                        "1": "(2) A legitimate or illegitimate child may claim maintenance from his or her father or mother so long as the child is a minor.",
                        "2": "(3) The obligation of a person to maintain his or her aged or infirm parent or a daughter who is unmarried extends in so far as the parent or the unmarried daughter, as the case may be, is unable to maintain himself or herself out of his or her own earnings or other property.",
                        "3": "Explanation.\u2015In this section \u201cparent \u201cincludes a childless step-mother."
                    }
                },
                "Section 21.": {
                    "heading": "Dependants defined.",
                    "paragraphs": {
                        "0": {
                            "text": "For the purposes of this Chapter \u201cdependants\u201d mean the following relatives of the deceased:\u2015",
                            "contains": {
                                "0": "(i) his or her father;",
                                "1": "(ii) his or her mother;",
                                "2": "(iii) his widow, so long as she does not re-marry;",
                                "3": "(iv) his or her son or the son of his predeceased son or the son of a predeceased son of his pre-deceased son, so long as he is a minor: provided and to the extent that he is unable to obtain maintenance, in the case of a grandson from his father\u2019s or mother\u2019s estate, and in the case of a great-grandson, from the estate of his father or mother or father\u2019s father or father\u2019s mother;",
                                "4": "(v) his or her unmarried daughter, or the unmarried daughter of his predeceased son or the unmarried daughter of a predeceased son of his predeceased son, so long as she remains unmarried: provided and to the extent that she is unable to obtain maintenance, in the case of a grand-daughter from her father\u2019s or mother\u2019s estate and in the case of a great-grand-daughter from the estate of her father or mother or father's father or father\u2019s mother;",
                                "5": {
                                    "text": "(vi) his widowed daughter: provided and to the extent that she is unable to obtain maintenance\u2015",
                                    "contains": {
                                        "0": "(a) from the estate of her husband; or",
                                        "1": "(b) from her son or daughter if any, or his or her estate; or",
                                        "2": "(c) from her father-in-law or his father or the estate of either of them;"
                                    }
                                },
                                "6": "(vii) any widow of his son or of a son of his predeceased son, so long as she does not re-marry: provided and to the extent that she is unable to obtain maintenance from her husband\u2019s estate, or from her son or daughter, if any, or his or her estate; or in the case of a grandson\u2019s widow, also from her father-in-law\u2019s estate;",
                                "7": "(viii) his or her minor illegitimate son, so long as he remains a minor;",
                                "8": "(ix) his or her illegitimate daughter, so long as she remains unmarried."
                            }
                        }
                    }
                },
                "Section 22.": {
                    "heading": "Maintenance of dependants.",
                    "paragraphs": {
                        "0": "(1) Subject to the provisions of sub-section (2), the heirs of a deceased Hindu are bound to maintain the dependants of the deceased out of the estate inherited by them from the deceased.",
                        "1": "(2) Where a dependant has not obtained, by testamentary or intestate succession, any share in the estate of a Hindu dying after the commencement of this Act, the dependant shall be entitled, subject to the provisions of this Act, to maintenance from those who take the estate.",
                        "2": "(3) The liability of each of the persons who takes the estate shall be in proportion to the value of the share or part of the estate taken by him or her.",
                        "3": "(4) Notwithstanding anything contained in sub-section (2) or sub-section (3), no person who is himself or herself a dependant shall be liable to contribute to the maintenance of others, if he or she has obtained a share or part the value of which is, or would, if the liability to contribute were enforced, become less than what would be awarded to him or her by way of maintenance under this Act."
                    }
                },
                "Section 23.": {
                    "heading": "Amount of maintenance.",
                    "paragraphs": {
                        "0": "(1) It shall be in the discretion of the court to determine whether any, and if so what, maintenance shall be awarded under the provisions of this Act, and in doing so the court shall have due regard to the considerations set out in sub-section (2) or sub-section (3), as the case may be, so far as they are applicable.",
                        "1": {
                            "text": "(2) In determining the amount of maintenance, if any, to be awarded to a wife, children or aged on infirm parents under this Act, regard shall be had to\u2015",
                            "contains": {
                                "0": "(a) the position and status of the parties;",
                                "1": "(b) the reasonable wants of the claimant;",
                                "2": "(c) if the claimant is living separately, whether the claimant is justified in doing so;",
                                "3": "(d) the value of the claimant\u2019s property and any income derived from such property, or from the claimant's own earnings or from any other source;",
                                "4": "(e) the number of persons entitled to maintenance under this Act."
                            }
                        },
                        "2": {
                            "text": "(3) In determining the amount of maintenance, if any, to be awarded to a dependent under this Act, regard shall be had to\u2015",
                            "contains": {
                                "0": "(a) the net value of the estate of the deceased after providing for the payment of his debts;",
                                "1": "(b) the provision, if any, made under a will of the deceased in respect of the dependant;",
                                "2": "(c) the degree of relationship between the two;",
                                "3": "(d) the reasonable wants of the dependant;",
                                "4": "(e) the past relations between the dependant and the deceased;",
                                "5": "(f) the value of the property of the dependant and any income derived from such property; or from his or her earnings or from any other source;",
                                "6": "(g) the number of dependants entitled to maintenance under this Act."
                            }
                        }
                    }
                },
                "Section 24.": {
                    "heading": "Claimant to maintenance should be a Hindu.",
                    "paragraphs": {
                        "0": "No person shall be entitled to claim maintenance under this Chapter if he or she has ceased to be a Hindu by conversion to another religion."
                    }
                },
                "Section 25.": {
                    "heading": "Amount of maintenance may be altered on change of circumstances.",
                    "paragraphs": {
                        "0": "The amount of maintenance, whether fixed by a decree of court or by agreement, either before or after the commencement of this Act, may be altered subsequently if there is a material change in the circumstances justifying such alteration."
                    }
                },
                "Section 26.": {
                    "heading": "Debts to have priority.",
                    "paragraphs": {
                        "0": "Subject to the provisions contained in section 27 debts of every description contracted or payable by the deceased shall have priority over the claims of his dependants for maintenance under this Act."
                    }
                },
                "Section 27.": {
                    "heading": "Maintenance when to be a charge.",
                    "paragraphs": {
                        "0": "A dependant\u2019s claim for maintenance under this Act shall not be a charge on the estate of the deceased or any portion thereof, unless one has been created by the will of the deceased, by a decree of court, by agreement between the dependant and the owner of the estate or portion, or otherwise."
                    }
                },
                "Section 28.": {
                    "heading": "Effect of transfer of property on right to maintenance.",
                    "paragraphs": {
                        "0": "Where a dependant has a right to receive maintenance out of an estate and such estate or any part thereof is transferred, the right to receive maintenance may be enforced against the transferee if the transferee has notice of the right, or if the transfer is gratuitous; but not against the transferee for consideration and without notice of the right."
                    }
                },
                "Section 29.": {
                    "heading": "[Repealed.].",
                    "paragraphs": {
                        "0": "[Repeals.]\u2015Rep. by the Repealing and Amending Act, 1960 (58 of 1960), s. 2 and the First Schedule (w.e.f. 26-11-1960)."
                    }
                },
                "Section 30.": {
                    "heading": "Savings.",
                    "paragraphs": {
                        "0": "Nothing contained in this Act shall affect any adoption made before the commencement of this Act, and the validity and effect of any such adoption shall be determined as if this Act had not been passed."
                    }
                }
            }
        }
    },
    "Schedule": {},
    "Annexure": {},
    "Appendix": {},
    "Forms": {},
    "Footnotes": {
        "Page 2": {
            "0": "1. This Act has been extended to Dadra and Nagar Haveli by Reg. 6 of 1963, s. 2 and First Schedule.This Act has been amended in U.P. Act 57 of 1976.This  Act  shall,  from  a  date  to  be  notified  by  the  administrator,  come  into  force  in  Pondicherry,  subject  to  the  followingmodification:In section 2, after sub-section (2), insert:\u2015\u201c(2A) Notwithstanding anything contained in sub-section (1) nothing contained in this Act shall apply to the renoncants ofthe Union territory of Pondicherry.\u201d",
            "1": "2. The words \u201cexcept the State of Jammu and Kashmir\u201d omitted by Act 34 of 2019, s. 95 and the Fifth Schedule(w.e.f. 31-10- 2019).",
            "2": "3. The word \u201cand\u201d omitted by Act 45 of 1962, s. 2 (w.e.f. 19-11-1962).",
            "3": "4. Ins. by s. 2, ibid. (w.e.f. 19-11-1962)."
        },
        "Page 4": {
            "0": "1. Subs. by Act 30 of 2010, s. 3, for section 8 (w.e.f. 31-8-2010).",
            "1": "2. Subs. by s. 3, ibid., for sub-section (2) (w.e.f. 31-8-2010).",
            "2": "3. Sub-section (3) omitted by s. 3, ibid. (w.e.f. 31-8-2010).",
            "3": "4. Subs. by Act 45 of 1962, s. 3, for sub-section (4) (w.e.f. 29-11-1962).",
            "4": "5. The word \u201cand\u201d omitted by s. 3, ibid. (w.e.f. 29-11-1962).",
            "5": "6. Ins. by s. 3, ibid.(w.e.f. 29-11-1962)."
        },
        "Page 5": {
            "0": "1. Ins. by Act 45 of 1962, s. 4 (w.e.f. 29-11-1962)."
        },
        "Page 6": {
            "0": "1. Clause (c) omitted by Act 6 of 2019, s. 6 (w.e.f. 1-3-2019)."
        }
    }
}