{
    "Act Title": "THE NATIONAL COMMISSION FOR WOMEN ACT, 1990",
    "Act ID": "ACT NO. 20 OF 1990",
    "Enactment Date": "[30th August, 1990.]",
    "Act Definition": {
        "0": "An Act to constitute a National Commission for Women and to provide for matters connected therewith or incidental thereto."
    },
    "Chapters": {
        "0": {
            "ID": "CHAPTER I",
            "Name": "PRELIMINARY",
            "Sections": {
                "Section 1.": {
                    "heading": "Short title, extent and commencement.",
                    "paragraphs": {
                        "0": "(1) This Act may be called the National Commission for Women Act, 1990.",
                        "1": "(2) It extends to the whole of India 1***.",
                        "2": "(3) It shall come into force on such date2as the Central Government may, by notification in the Official Gazette, appoint."
                    }
                },
                "Section 2.": {
                    "heading": "Definitions.",
                    "paragraphs": {
                        "0": {
                            "text": "In this Act, unless the context otherwise requires,\u2014",
                            "contains": {
                                "0": "(a) \u201cCommission\u201d means the National Commission for Women constituted under section 3;",
                                "1": "(b) \u201cMember\u201d means a Member of the Commission and includes the Member-Secretary;",
                                "2": "(c) \u201cprescribed\u201d means prescribed by rules made under this Act."
                            }
                        }
                    }
                }
            }
        },
        "1": {
            "ID": "CHAPTER II",
            "Name": "THE NATIONAL COMMISSION FOR WOMEN",
            "Sections": {
                "Section 3.": {
                    "heading": "Constitution of the National Commission for Women.",
                    "paragraphs": {
                        "0": "(1) The Central Government shall constitute a body to be known as the National Commission for Women to exercise the powers conferred on, and to perform the functions assigned to, it under this Act.",
                        "1": {
                            "text": "(2) The Commission shall consist of\u2014",
                            "contains": {
                                "0": "(a) a Chairperson, committed to the cause of women, to be nominated by the Central Government;",
                                "1": "(b) five Members to be nominated by the Central Government from amongst persons of ability, integrity and standing who have had experience in law or legislation, trade unionism, management of an industry or organisation committed to increasing the employment potential of women, women\u2019s voluntary organisations (including women activists), administration, economic development, health, education or social welfare:",
                                "2": "Provided that at least one Member each shall be from amongst persons belonging to the Scheduled Castes and Scheduled Tribes respectively;",
                                "3": {
                                    "text": "(c) a Member-Secretary to be nominated by the Central Government, who shall be\u2014",
                                    "contains": {
                                        "0": "(i) an expert in the field of management, organisational structure or sociological movement, or",
                                        "1": "(ii) an officer who is a member of a civil service of the Union or of an all-India service or holds a civil post under the Union with appropriate experience."
                                    }
                                }
                            }
                        }
                    }
                },
                "Section 4.": {
                    "heading": "Term of office and conditions of service of Chairperson and Members.",
                    "paragraphs": {
                        "0": "(1)The Chairperson and every Member shall hold office for such period, not exceeding three years, as may be specified by the Central Government in this behalf.",
                        "1": "(2) The Chairperson or a Member (other than the Member-Secretary who is a member of a civil service of the Union or of an all-India service or holds a civil post under the Union) may, by writing and addressed to the Central Government, resign from the office of Chairperson or, as the case may be, of the Member at any time.",
                        "2": {
                            "text": "(3) The Central Government shall remove a person from the office of Chairperson or a Member referred to in sub-section (2) if that person\u2014",
                            "contains": {
                                "0": "(a) becomes an undischarged insolvent;",
                                "1": "(b) gets convicted and sentenced to imprisonment for an offence which in the opinion of the Central Government involves moral turpitude;",
                                "2": "(c) becomes of unsound mind and stands so declared by a competent court;",
                                "3": "(d) refuses to act or becomes incapable of acting;",
                                "4": "(e) is, without obtaining leave of absence from the Commission, absent from three consecutive meetings of the Commission; or",
                                "5": "(f) in the opinion of the Central Government has so abused the position of Chairperson or Member as to render that person\u2019s continuance in office detrimental to the public interest:",
                                "6": "Provided that no person shall be removed under this clause until that person has been given a reasonable opportunity of being heard in the matter."
                            }
                        },
                        "3": "(4) A vacancy caused under sub-section (2) or otherwise shall be filled by fresh nomination.",
                        "4": "(5) The salaries and allowances payable to, and the other terms and conditions of service of, the Chairperson and Members shall be such as may be prescribed."
                    }
                },
                "Section 5.": {
                    "heading": "Officers and other employees of the Commission.",
                    "paragraphs": {
                        "0": "(1) The Central Government shall provide the Commission with such officers and employees as may be necessary for the efficient performance of the functions of the Commission under this Act.",
                        "1": "(2) The salaries and allowances payable to, and the other terms and conditions of service of, the officers and other employees appointed for the purpose of the Commission shall be such as may be prescribed."
                    }
                },
                "Section 6.": {
                    "heading": "Salaries and allowances to be paid out of grants.",
                    "paragraphs": {
                        "0": "The salaries and allowances payable to the Chairperson and Members and the administrative expenses, including salaries, allowances and pensions payable to the officers and other employees referred to in section 5, shall be paid out of the grants referred to in sub-section (1) of section 11."
                    }
                },
                "Section 7.": {
                    "heading": "Vacancies, etc., not to invalidate proceedings of the Commission.",
                    "paragraphs": {
                        "0": "No act or proceeding of the Commission shall be questioned or shall be invalid on the ground merely of the existence of any vacancy or defect in the constitution of the Commission."
                    }
                },
                "Section 8.": {
                    "heading": "Committees of the Commission.",
                    "paragraphs": {
                        "0": "(1) The Commission may appoint such committees as may be necessary for dealing with such special issues as may be taken up by the Commission from time to time.",
                        "1": "(2) The Commission shall have the power to co-opt as members of any committee appointed under sub-section (1) such number of persons, who are not Members of the Commission, as it may think fit and the persons so co-opted shall have the right to attend the meetings of the committee and take part in its proceedings but shall not have the right to vote.",
                        "2": "(3) The persons so co-opted shall be entitled to receive such allowances for attending the meetings of the committee as may be prescribed."
                    }
                },
                "Section 9.": {
                    "heading": "Procedure to be regulated by the Commission.",
                    "paragraphs": {
                        "0": "(1) The Commission or a committee thereof shall meet as and when necessary and shall meet at such time and place as the Chairperson may think fit.",
                        "1": "(2) The Commission shall regulate its own procedure and the procedure of the committees thereof.",
                        "2": "(3) All orders and decisions of the Commission shall be authenticated by the Member-Secretary or any other officer of the Commission duly authorised by the Member-Secretary in this behalf."
                    }
                }
            }
        },
        "2": {
            "ID": "CHAPTER III",
            "Name": "FUNCTIONS OF THE COMMISSION",
            "Sections": {
                "Section 10.": {
                    "heading": "Functions of the Commission.",
                    "paragraphs": {
                        "0": {
                            "text": "(1) The Commission shall perform all or any of the following functions, namely:\u2014",
                            "contains": {
                                "0": "(a) investigate and examine all matters relating to the safeguards provided for women under the Constitution and other law;",
                                "1": "(b) present to the Central Government, annually and at such other times as the Commission may deem fit, reports upon the working of those safeguards;",
                                "2": "(c) make in such reports recommendations for the effective implementation of those safeguards for improving the conditions of women by the Union or any State;",
                                "3": "(d) review, from time to time, the existing provisions of the Constitution and other laws affecting women and recommend amendments thereto so as to suggest remedial legislative measures to meet any lacunae, inadequacies or shortcomings in such legislations;",
                                "4": "(e) take up the cases of violation of the provisions of the Constitution and of other laws relating to women with the appropriate authorities;",
                                "5": {
                                    "text": "(f) look into complaints and take suo moto notice of matters relating to\u2014",
                                    "contains": {
                                        "0": "(i) deprivation of women\u2019s rights;",
                                        "1": "(ii) non-implementation of laws enacted to provide protection to women and also to achieve the objective of equality and development;",
                                        "2": "(iii) non-compliance of policy decisions, guidelines or instructions aimed at mitigating hardships and ensuring welfare and providing relief to women,"
                                    }
                                }
                            }
                        },
                        "1": {
                            "text": "and take up the issues arising out of such matters with appropriate authorities;",
                            "contains": {
                                "0": "(g) call for special studies or investigations into specific problems or situations arising out of discrimination and atrocities against women and identify the constraints so as to recommend strategies for their removal;",
                                "1": "(h) undertake promotional and educational research so as to suggest ways of ensuring due representation of women in all spheres and identify factors responsible for impeding their advancement, such as, lack of access to housing and basic services, inadequate support services and technologies for reducing drudgery and occupational health hazards and for increasing their productivity;",
                                "2": "(i) participate and advise on the planning process of socio-economic development of women;",
                                "3": "(j) evaluate the progress of the development of women under the Union and any State;",
                                "4": "(k) inspect or cause to be inspected a jail, remand home, women\u2019s institution or other place of custody where women are kept as prisoners or otherwise, and take up with the concerned authorities for remedial action, if found necessary;",
                                "5": "(l) fund litigation involving issues affecting a large body of women;",
                                "6": "(m) make periodical reports to the Government on any matter pertaining to women and in particular various difficulties under which women toil;",
                                "7": "(n) any other matter which may be referred to it by the Central Government."
                            }
                        },
                        "2": "(2) The Central Government shall cause all the reports referred to in clause (b) of sub-section (1) to be laid before each House of Parliament along with a memorandum explaining the action taken or proposed to be taken on the recommendations relating to the Union and the reasons for the non- acceptance, if any of any of such recommendations.",
                        "3": "(3) Where any such reportor any part thereof relates to any matter with which any State Government is concerned, the Commission shall forward a copy of such report or part to such State Government who shall cause it to be laid before the Legislature of the State along with a memorandum explaining the action taken or proposed to be taken on the recommendations relating to the State and the reasons for the non-acceptance, if any, of any of such recommendations.",
                        "4": {
                            "text": "(4) The Commission shall, while investigating any matter referred to in clause (a) or sub-clause (i) of clause (f) ofsub-section (1), have all the powers of a civil court trying a suit and, in particular, in respect of the following matters, namely:\u2014",
                            "contains": {
                                "0": "(a) summoning and enforcing the attendance of any person from any part of India and examining him on oath;",
                                "1": "(b) requiring the discovery and production of any document;",
                                "2": "(c) receiving evidence on affidavits;",
                                "3": "(d) requisitioning any public record or copy thereof from any court or office;",
                                "4": "(e) issuing commissions for the examination of witnesses and documents; and",
                                "5": "(f) any other matter which may be prescribed."
                            }
                        }
                    }
                }
            }
        },
        "3": {
            "ID": "CHAPTER IV",
            "Name": "FINANCE, ACCOUNTS AND AUDIT",
            "Sections": {
                "Section 11.": {
                    "heading": "Grants by the Central Government.",
                    "paragraphs": {
                        "0": "(1) The Central Government shall, after due appropriation made by Parliament by law in this behalf, pay to the Commission by way of grants such sums of money as the Central Government may think fit for being utilised for the purposes of this Act.",
                        "1": "(2) The Commission may spend such sums as it thinks fit for performing the functions under this Act, and such sums shall be treated as expenditure payable out of the grants referred to in sub-section (1)."
                    }
                },
                "Section 12.": {
                    "heading": "Accounts and audit.",
                    "paragraphs": {
                        "0": "(1) The Commission shall maintain proper accounts and other relevant records and prepare an annual statement of accounts in such form as may be prescribed by the Central Government in consultation with the Comptroller and Auditor-General of India.",
                        "1": "(2) The accounts of the Commission shall be audited by the Comptroller and Auditor-General at such intervals as may be specified by him and any expenditure incurred in connection with such audit shall be payable by the Commission to the Comptroller and Auditor-General.",
                        "2": "(3) The Comptroller and Auditor-General and any person appointed by him in connection with the audit of the accounts of the Commission under this Act shall have the same rights and privileges and the authority in connection with such audit as the Comptroller and Auditor-General generally has in connection with the audit of Government accounts and, in particular, shall have the right to demand the production of books, accounts, connected vouchers and other documents and papers and to inspect any of the offices of the Commission.",
                        "3": "(4) The accounts of the Commission, as certified by the Comptroller and Auditor-General or any other person appointed by him in this behalf, together with the audit report thereon shall be forwarded annually to the Central Government by the Commission."
                    }
                },
                "Section 13.": {
                    "heading": "Annual report.",
                    "paragraphs": {
                        "0": "The Commission shall prepare, in such form and at such time, for each financial year, as may be prescribed, its annual report, giving a full account of its activities during the previous financial year and forward a copy thereof to the Central Government."
                    }
                },
                "Section 14.": {
                    "heading": "Annual report and audit report to be laid before Parliament.",
                    "paragraphs": {
                        "0": "The Central Government shall cause the annual report together with a memorandum of action taken on the recommendations contained therein, in so far as they relate to the Central Government, and the reasons for the non-acceptance, if any, of any of such recommendations and the audit report to be laid as soon as may be after the reports are received, before each House of Parliament."
                    }
                }
            }
        },
        "4": {
            "ID": "CHAPTER V",
            "Name": "MISCELLANEOUS",
            "Sections": {
                "Section 15.": {
                    "heading": "Chairperson, Members and Staff of the Commission to be public servants.",
                    "paragraphs": {
                        "0": "The Chairperson, the Members, officers and other employees of the Commission shall be deemed to be public servants within the meaning of section 21 of the Indian Penal Code (45 of 1860)."
                    }
                },
                "Section 16.": {
                    "heading": "Central Government to consult Commission.",
                    "paragraphs": {
                        "0": "The Central Government shall consult the Commission on all major policy matters affecting women."
                    }
                },
                "Section 17.": {
                    "heading": "Power to make rules.",
                    "paragraphs": {
                        "0": "(1) The Central Government may, by notification in the Official Gazette, make rules for carrying out the provisions of this Act.",
                        "1": {
                            "text": "(2) In particular, and without prejudice to the generality of the foregoing power, such rules may provide for all or any of the following matters, namely:\u2014",
                            "contains": {
                                "0": "(a) salaries and allowances payable to, and the other terms and conditions of service of, the Chairperson and Members under sub-section (5) of section 4 and of officers and other employees under sub-section(2) of section 5;",
                                "1": "(b) allowances for attending the meetings of the committee by the co-opted persons under sub- section (3)of section 8;",
                                "2": "(c) other matters under clause (f) of sub-section (4) of section 10;",
                                "3": "(d) the form in which the annual statement of accounts shall be maintained under sub-section (1) of section 12;",
                                "4": "(e) the form in, and the time at, which the annual report shall be prepared under section 13;",
                                "5": "(f) any other matter which is required to be, or may be, prescribed."
                            }
                        },
                        "2": "(3) Every rule made under this Act shall be laid, as soon as may be after it is made, before each House of Parliament, while it is in session, for a total period of thirty days which may be comprised in one session or in two or more successive sessions, and if, before the expiry of the session immediately following the session or the successive sessions aforesaid, both Houses agree in making any modification in the rule or both Houses agree that the rule should not be made, the rule shall thereafter have effect only in such modified form or be of no effect, as the case may be; so, however, that any such modification or annulment shall be without prejudice to the validity of anything previously done under that rule."
                    }
                }
            }
        }
    },
    "Schedule": {},
    "Annexure": {},
    "Appendix": {},
    "Forms": {},
    "Footnotes": {
        "Page 2": {
            "0": "1. The words \u201cexcept the State of Jammu and Kashmir\u201d omitted by Act 34 of 2019, s. 95 and the Fifth Schedule (w.e.f. 31-10-2019).",
            "1": "2. 31st January, 1992, vide notification No. S.O. 99(E), dated 31st January, 1992, see Gazette of India, Extraordinary, Part II, sec.3(ii)."
        }
    }
}