{
    "Act Title": "THE KALAKSHETRA FOUNDATION ACT, 1993",
    "Act ID": "ACT NO. 6 OF 1994",
    "Enactment Date": "[4th January, 1994.]",
    "Act Definition": {
        "0": "An Act to declare Kalakshetra of Madras to be an institution of national importance to provide for the establishment and incorporation of a Foundation for its administration, to make provisions for further development of Kalakshetra in accordance with the aims and objects for which Kalakshetra was founded and for matters connected therewith or incidental thereto."
    },
    "Chapters": {
        "0": {
            "ID": "CHAPTER I",
            "Name": "PRELIMINARY",
            "Sections": {
                "Section 1.": {
                    "heading": "Short title and commencement.",
                    "paragraphs": {
                        "0": "(1) This Act may be called the Kalakshetra Foundation Act, 1993.",
                        "1": "(2) It shall be deemed to have come into force on the 29th day of September, 1993."
                    }
                },
                "Section 2.": {
                    "heading": "Declaration of Kalakshetra as an institution of national importance.",
                    "paragraphs": {
                        "0": "Whereas the objects of the institution known as Kalakshetra at Adyar, Madras in the State of Tamil Nadu, founded by the late Thirumathi Rukmini Devi Arundale, are such as to make the institution one of national importance, it is hereby declared that the institution known as Kalakshetra is an institution of national importance."
                    }
                },
                "Section 3.": {
                    "heading": "Definitions.",
                    "paragraphs": {
                        "0": {
                            "text": "In this Act, unless the context otherwise requires,\u2014",
                            "contains": {
                                "0": "(a) \u201cAcademic Committee\u201d means the Academic Committee constituted under section 15;",
                                "1": "(b) \u201cappointed day\u201d means the date on which the Foundation is established under sub-section (1) of section 8;",
                                "2": "(c) \u201cBoard of Trustees\u201d means the Board of Trustees managing the affairs of Kalakshetra under the \u201escheme writ\u201f approved by the Madras High Court in petition No. 716 of 1985;",
                                "3": "(d) \u201cconstituent units\u201d means the units of Kalakshetra specified in the First Schedule;",
                                "4": "(e) \u201cDirector\u201d means the Director appointed under sub-section (1) of section 19;",
                                "5": "(f) \u201cFinance Committee\u201d means the Finance Committee constituted under sub-section (1) of section 17;",
                                "6": "(g) \u201cFoundation\u201d means the Kalakshetra Foundation established under sub-section (1) of section 8;",
                                "7": "(h) \u201cFund\u201d means the Fund of the Foundation referred to in section 22;",
                                "8": "(i) \u201cGoverning Board\u201d means the Governing Board constituted under section 11;",
                                "9": "(j) \u201cKalakshetra\u201d means the institution known as Kalakshetra founded by the late Thirumathi Rukmini Devi Arundale, situated at Adyar, Madras, and includes its constituent units;",
                                "10": "(k) \u201cnotification\u201d means a notification published in the Official Gazette;",
                                "11": "(l) \u201cMember\u201d means a Member of the Governing Board and includes the Chairperson thereof;",
                                "12": "(m) \u201cprescribed\u201d means prescribed by rules made under this Act;",
                                "13": "(n) \u201cregulations\u201d means regulations made under section 32;",
                                "14": "(o) \u201cSchedule\u201d means a Schedule annexed to this Act;",
                                "15": "(p) \u201cState Government\u201d means the Government of Tamil Nadu."
                            }
                        }
                    }
                }
            }
        },
        "1": {
            "ID": "CHAPTER II",
            "Name": "ACQUISITION AND TRANSFER OF THE ASSETS AND PROPERTIES OF KALAKSHETRA",
            "Sections": {
                "Section 4.": {
                    "heading": "Transfer to, and vesting in, the Central Government of the assets and properties of Kalakshetra.",
                    "paragraphs": {
                        "0": "On the commencement of this Act, the right, title and interest in relation to the assets and properties of Kalakshetra specified in the Second Schedule and vested in the Board of Trustees or any other body, in whatever capacity, shall Stand transferred to, and vest in, the Central Government."
                    }
                },
                "Section 5.": {
                    "heading": "General effect of vesting.",
                    "paragraphs": {
                        "0": "(1) The right, title and interest vested in the Central Government under section 4 shall be deemed to include all the assets, rights, leaseholds, powers, authorities, licences and privileges; all property (movable and immovable) including lands and buildings; musical instruments; equipments used in teaching, training and staging of performing arts; tools and facilities used in arts and crafts; costumes and decorative items; books; stationery, furniture and other equipments used in libraries and laboratories; works of art and artefacts; stores, automobiles and other vehicles; workshops; cash balances, funds including reserve funds, investments and all other rights and interests arising out of such assets and properties as were immediately before the commencement of this Act in the possession ownership, power or control of the Board of Trustees or any other body, in whatever capacity, and all books of account, registers, maps, plans and all other documents of whatever nature relating thereto.",
                        "1": "(2) All assets and properties as aforesaid which have vested in the Central Government under section 4 shall, by force of such vesting, be freed and discharged from any trust, obligation, mortgage, charge, lien and all other encumbrances affecting them or of any attachment, injunction, decree or order of any court or other authority restricting the use of such assets or properties in any manner, or appointing any receiver in respect of the whole or any part of such assets and properties shall be deemed to have been withdrawn.",
                        "2": "(3) Any licence, permission, authority, concession, facility, privilege, affiliation or any other instrument of similar nature granted to the Board of Trustees or any other body, in whatever capacity, in relation to the assets and properties of Kalakshetra or any of its constituent units which has vested in the Central Government under section 4, at any time before the commencement of this Act and in force immediately before such commencement, shall continue to be in force on and after such commencement in accordance with its tenor in relation to, and for purposes of, such assets and properties, or where the direction under section 6 has been issued, the Foundation shall be deemed to be substituted in such licence, permission, authority, concession, facility, privilege affiliation or other instrument, as if it had been granted to the Foundation and the Foundation shall hold it for the remainder of the period for which the Board of Trustees or any other body, in whatever capacity, would have held it under the terms thereof.",
                        "3": "(4) If, on the commencement of this Act, any suit, appeal or other proceeding of whatever nature in relation to any assets or properties which have vested in the Central Government under section 4, instituted or preferred by the Board of Trustees is pending, the same shall not abate, be discontinued or be, in any way, prejudicially affected by reason of such transfer and vesting, or of anything contained in this Act, but the suit, appeal or other proceeding may be continued, prosecuted or enforced, by the Central Government or where the right, title and interest in relation to such assets and properties are directed under section 6 to vest in the Foundation, by the Foundation."
                    }
                },
                "Section 6.": {
                    "heading": "Central Government to direct vesting of assets and properties in the Foundation.",
                    "paragraphs": {
                        "0": "(1) Notwithstanding anything contained in sections 4 and 5, the Central Government shall direct, by notification, that the right, title and interest in relation to the assets and properties of Kalakshetra, which had vested in it under section 4, shall vest in the Foundation on such date, not being a date earlier than the date of commencement of this Act, as may be specified in the notification.",
                        "1": {
                            "text": "(2) On and from the date of vesting of the right, title and interest in relation to the assets, and properties of Kalakshetra in the Foundation under sub-section (1),\u2014",
                            "contains": {
                                "0": "(a) the Foundation shall be deemed to have become the owner of the assets and properties; and",
                                "1": "(b) the rights and liabilities of the Central Government, in relation to such assets and properties shall be deemed to have become the rights and liabilities respectively of the Foundation."
                            }
                        }
                    }
                },
                "Section 7.": {
                    "heading": "Duty of persons to deliver and to account for assets, properties, etc.",
                    "paragraphs": {
                        "0": "(1) On the vesting in the Central Government of the assets and properties of Kalakshetra, all persons in charge of the management of the said assets and properties immediately before the date of such vesting, shall be bound to deliver to the Central Government or to the Foundation or to such person or body of persons as the Central Government or the Foundation may specify in this behalf, all assets, properties, books of account, registers or other, documents in their custody relating to the assets and properties of Kalakshetra.",
                        "1": "(2) Every person who has, in his possession or control any assets, properties, books, documents or other papers relating to Kalakshetra which have vested in the Central Government or the Foundation under this Act, and which belong to, Kalakshetra or would have so belonged if Kalakshetra had not vested in the Central Government or the Foundation, shall be liable to account for the said assets, properties, books, documents and other papers to the Central Government or the Foundation, as the case may be, and shall deliver them up to the Central Government or the Foundation or to such person or body of persons as the Central Government or the Foundation may specify in this behalf.",
                        "2": "(3) The Central Government shall take or cause to be taken all necessary steps for securing possession of assets and properties of Kalakshetra which have vested in it under section 4."
                    }
                }
            }
        },
        "2": {
            "ID": "CHAPTER III",
            "Name": "KALAKSHETRA FOUNDATION",
            "Sections": {
                "Section 8.": {
                    "heading": "Establishment and incorporation of Foundation.",
                    "paragraphs": {
                        "0": "(1) With effect from such date as the Central Government may, by notification, appoint in this behalf there shall be established a Foundation to be called the Kalakshetra Foundation.",
                        "1": "(2) The Foundation shall be a body corporate by the name aforesaid, having perpetual succession and a common seal, with power to acquire, hold and dispose of property, both movable and immovable, and to contract and shall by the said name sue and be sued.",
                        "2": "(3) The office of the Foundation shall be located at Thiruvanmiyur, Madras."
                    }
                },
                "Section 9.": {
                    "heading": "The objects of Foundation.",
                    "paragraphs": {
                        "0": {
                            "text": "The objects of the Foundation shall be,\u2014",
                            "contains": {
                                "0": "(i) to emphasise the essential unity of all true arts;",
                                "1": "(ii) to work for the recognition of the arts as vital to the individual, national and international growth;",
                                "2": "(iii) to maintain the highest traditions of art and culture in their pristine purity and in conformity with traditions;",
                                "3": "(iv) to arrange for the training, research, study, teaching and development of art and science, music, dance-drama, fine arts, and Bharat-Natyam; and",
                                "4": "(v) to ensure that the principles of \u201ceducation without fear\u201d and \u201cart without vulgarity\u201d are adhered to in the activities of the Foundation and not to permit any deviation from these high ideals."
                            }
                        }
                    }
                },
                "Section 10.": {
                    "heading": "Authorities of the Foundation.",
                    "paragraphs": {
                        "0": {
                            "text": "(1) The Foundation shall consist of the following, authorities, namely:\u2014",
                            "contains": {
                                "0": "(a) the Governing Board;",
                                "1": "(b) the Academic Committee; and",
                                "2": "(c) the Finance Committee."
                            }
                        },
                        "1": "(2) In the discharge of functions and exercise of powers under this Act, the authorities referred to in sub-section (1) shall be guided by the objects specified in section 9."
                    }
                },
                "Section 11.": {
                    "heading": "The Governing Board.",
                    "paragraphs": {
                        "0": {
                            "text": "The Governing Board shall consist of\u2014",
                            "contains": {
                                "0": "(a) a Chairperson, who shall be a person of high eminence in public life, to be appointed by the Central Government;",
                                "1": {
                                    "text": "(b) not more than twelve Members to be nominated by the Central Government from amongst persons who\u2014",
                                    "contains": {
                                        "0": "(i) have rendered valuable service to Kalakshetra;",
                                        "1": "(ii) have been connected with, or have knowledge of art, culture, folk arts and crafts;",
                                        "2": "(iii) are eminent artistes; and",
                                        "3": "(iv) are patrons of art and culture;"
                                    }
                                },
                                "2": "(c) two persons, possessing one or more of the qualifications referred to in sub-clauses (i) to (iv) of clause (b), to be nominated by the State Government;",
                                "3": "(d) two officers of the Central Government, not below the rank of a Deputy Secretary, to be nominated by that Government, to represent the Ministry of the Central Government dealing with culture, ex officio;",
                                "4": "(e) one officer of the State Government, not below the rank of Joint Secretary, to be nominated by that Government, to represent the Department of Education of that Government, ex officio; and",
                                "5": "(f) the Director, ex officio."
                            }
                        }
                    }
                },
                "Section 12.": {
                    "heading": "Term of office of Members.",
                    "paragraphs": {
                        "0": "(1) The term of office of the Members shall be five years from the date of constitution of the Governing Board.",
                        "1": "(2) If a casual vacancy occurs in the office of a Member nominated under clause (b) or clause (c) of section 11, whether by reason of his death, resignation or inability to discharge his functions owing to illness or other incapacity, such vacancy shall be filled by making fresh nomination and the Member so nominated shall hold office for the remainder of the term of office of the Member in whose place he is so nominated.",
                        "2": "(3) An outgoing, Member shall be eligible for re-nomination.",
                        "3": "(4) A Member may resign his office by writing under his hand addressed to the Central Government but shall continue in office until his resignation is accepted by that Government.",
                        "4": "(5) The Members nominated under clauses (b) and (c) of section 11, shall be entitled to such allowances as may be prescribed."
                    }
                },
                "Section 13.": {
                    "heading": "Meetings of the Governing Board.",
                    "paragraphs": {
                        "0": "(1) The Governing Board shall meet at least twice in a year at Madras at such time as may be fixed by the Chairperson of the Governing Board.",
                        "1": "(2) All decisions at the meeting of the Governing Board shall be taken by majority of the Members present and voting:",
                        "2": "Provided that in the case of equality of votes the Chairperson of the Governing Board shall have a casting vote.",
                        "3": "(3) The Governing Board shall observe such procedure in regard to the transaction of its business at its meetings (including the quorum at its meetings) as may be specified by regulations.",
                        "4": {
                            "text": "(4) No act or proceeding of the Governing Board shall be invalid merely by reason of\u2014",
                            "contains": {
                                "0": "(a) any vacancy in, or any defect in the constitution of, the Governing Board; or",
                                "1": "(b) any defect in the nomination of a person acting as a Member of the Governing Board; or",
                                "2": "(c) any irregularity in the procedure of the Governing Board not affecting the merits of the case."
                            }
                        }
                    }
                },
                "Section 14.": {
                    "heading": "Governing Board to be the supreme authority of Foundation.",
                    "paragraphs": {
                        "0": "(1) The Governing Board shall be the supreme authority of the Foundation and the general superintendence, direction and management of the affairs of the Foundation shall vest in the Governing Board.",
                        "1": "(2) The Governing Board shall exercise such powers and discharge such functions as may be prescribed."
                    }
                },
                "Section 15.": {
                    "heading": "Academic Committee.",
                    "paragraphs": {
                        "0": {
                            "text": "(1) The Academic Committee shall consist of\u2014",
                            "contains": {
                                "0": "(a) the Director;",
                                "1": "(b) the Heads of the constituent units;",
                                "2": "(c) three distinguished persons in the field of art and culture including dance, music, folk arts and crafts, to be nominated by the Central Government; and",
                                "3": "(d) one person to be nominated by the State Government, representing the Department of Education of that Government."
                            }
                        },
                        "1": "(2) The tenure of office and other terms and conditions of the members of the Academic Committee shall be such as may be specified by regulations.",
                        "2": "(3) The Academic Committee shall observe such procedure in regard to the transaction of its business at its meetings (including the quorum at the meetings) as may be specified by regulations."
                    }
                },
                "Section 16.": {
                    "heading": "Powers and functions of Academic Committee.",
                    "paragraphs": {
                        "0": "The Academic Committee shall be responsible for the maintenance of standards of education, training and examination conducted by the constituent units and shall exercise such other powers and perform such other functions as may be assigned to it, from time to time, by the Governing Board."
                    }
                },
                "Section 17.": {
                    "heading": "Finance Committee.",
                    "paragraphs": {
                        "0": {
                            "text": "(1) The Finance Committee shall consist of\u2014",
                            "contains": {
                                "0": "(a) the Financial Adviser to the Government of India or his nominee in the Ministry of the Central Government dealing with culture;",
                                "1": "(b) an officer of the Central Government, not below the rank of a Deputy Secretary, to be nominated by that Government;",
                                "2": "(c) an officer of the State Government not below the rank of a Deputy Secretary, to be nominated by that Government, representing the Department of Finance of that Government; and",
                                "3": "(d) the Director."
                            }
                        },
                        "1": "(2) The Finance Committee shall observe such procedure in regard to the transaction of the business at its meetings as may be specified by regulations."
                    }
                },
                "Section 18.": {
                    "heading": "Powers and functions of Finance Committee.",
                    "paragraphs": {
                        "0": {
                            "text": "The Finance Committee shall\u2014",
                            "contains": {
                                "0": "(i) scrutinise the annual statement of accounts and budget estimates of the Foundation prepared by the Director and make recommendations to the Governing Board;",
                                "1": "(ii) prescribe the limits of the recurring and non-recurring expenditure of the Foundation for each financial year;",
                                "2": "(iii) review the financial position of the Foundation from time to time and have an internal audit conducted; and",
                                "3": "(iv) perform such other functions as may be prescribed."
                            }
                        }
                    }
                },
                "Section 19.": {
                    "heading": "Appointment and duties of Director.",
                    "paragraphs": {
                        "0": "(1) The Central Government shall, by notification, appoint a Director who shall be the principal executive officer of the Foundation and who shall be responsible for the proper administration of the affairs of the Foundation and its day-to-day management and shall exercise such other powers and perform such other duties as may be assigned to him by the Governing Board.",
                        "1": "(2) The Director shall prepare the annual statement of accounts and budget estimates of the Foundation for scrutiny by the Finance Committee.",
                        "2": "(3) The Director shall be a whole time employee of the Foundation and shall be entitled to such salary and allowances out of the Fund and shall be subject to such conditions of service in respect of leave, pension, provident fund and other matters, as may be prescribed."
                    }
                },
                "Section 20.": {
                    "heading": "Transfer of service of existing employees.",
                    "paragraphs": {
                        "0": "On and from the appointed day, every officer or other employee, employed immediately before the appointed day in connection with the affairs of Kalakshetra shall become an officer or other employee of the Foundation and shall hold office by the same tenure and remuneration and on the same terms and conditions as to pension, gratuity and other matters as he would have held under the Board of Trustees or any other body, in whatever, capacity, if this Act had not been passed and shall continue to do so, unless and until his employment in the Foundation is terminated or until his tenure, remuneration and other terms and conditions are duly altered by the Foundation:",
                        "1": "Provided that the tenure, remuneration and other terms and conditions of service of any such officer or employee shall not be altered to his disadvantage without the previous approval of the Central Government."
                    }
                }
            }
        },
        "3": {
            "ID": "CHAPTER IV",
            "Name": "FINANCE, ACCOUNTS AND AUDIT",
            "Sections": {
                "Section 21.": {
                    "heading": "Grants by Central Government to the Foundation.",
                    "paragraphs": {
                        "0": "For the purpose of enabling the Foundation to discharge its functions efficiently under this Act, the Central Government may, after due appropriation made by Parliament by law in this behalf, pay to the Foundation in each financial year, such sums of money, on such terms and conditions as that Government may determine, by way of grant, loan or otherwise."
                    }
                },
                "Section 22.": {
                    "heading": "Fund of the Foundation.",
                    "paragraphs": {
                        "0": "(1) The Foundation shall have its own Fund; and all sums which may, from time to time, be paid to it by the Central Government and all receipts of the Foundation (including any sum to which the State Government or any other authority or person may pay to the Foundation) shall be credited to the Fund and all payments by the Foundation shall be made therefrom.",
                        "1": "(2) All moneys belonging to the Fund shall be deposited in such banks or invested in such manner as may, subject to the approval of the Central Government, be decided by the Governing Board.",
                        "2": "(3) The Foundation may spend such sums as it may think fit for performing its functions under this Act, and such sums shall be treated as expenditure payable out of the Fund of the Foundation."
                    }
                },
                "Section 23.": {
                    "heading": "Budget.",
                    "paragraphs": {
                        "0": "The Foundation shall prepare, in such form and at such time each year, as may be prescribed, the budget in respect of the financial year next ensuring showing the estimated receipts and expenditure, and copies thereof shall be forwarded to the Central Government."
                    }
                },
                "Section 24.": {
                    "heading": "Accounts and audit of the Foundation.",
                    "paragraphs": {
                        "0": "(1) The Foundation shall maintain proper accounts and other relevant records and prepare an annual statement of accounts including the balance sheet in such form as may be approved by the Comptroller and Auditor-General of India.",
                        "1": "(2) The accounts of the Foundation shall be audited by the Comptroller and Auditor-General of India and any expenditure incurred by him in connection with such audit shall be payable by the Foundation to the Comptroller and Auditor-General of India.",
                        "2": "(3) The Comptroller and Auditor-General of India and any person appointed by him in connection with the audit of the accounts of the Foundation shall have the same rights, privileges and authority in connection with such audit as the Comptroller and Auditor-General of India has in connection with the audit of the Government accounts, and, in particular, shall have the right to demand the production of books, accounts, connected vouchers and other documents and papers and to inspect the office of the Foundation.",
                        "3": "(4) The accounts of the Foundation as certified by the Comptroller and Auditor-General of India or any person appointed by him in this behalf together with the audit report thereon shall be forwarded annually to the Central Government and that Government shall cause the same to be laid before each House of Parliament."
                    }
                },
                "Section 25.": {
                    "heading": "Duty to furnish returns, annual reports, etc.",
                    "paragraphs": {
                        "0": "(1) The Foundation shall furnish to the Central Government at such time and in such form and in such manner, as may be prescribed, or as the Central Government may direct, such returns and statements and such particulars in regard to any proposed or existing programme for the promotion and development of the objects of the Foundation, as the Central Government may, from time to time, direct.",
                        "1": "(2) Without prejudice to the provisions of sub-section (1), the Foundation shall, as soon as possible after the end of each financial year, submit to the Central Government an annual report in such form and before such date as may be prescribed, giving a true and full account of its activities and programmes during the previous year.",
                        "2": "(3) A copy of the report received under sub-section (2) shall be laid, as soon as may be, after it is received, before each House of Parliament."
                    }
                }
            }
        },
        "4": {
            "ID": "CHAPTER V",
            "Name": "MISCELLANEOUS",
            "Sections": {
                "Section 26.": {
                    "heading": "Prior approval of the Central Government for alienation of property.",
                    "paragraphs": {
                        "0": "The Foundation shall not, except with the previous approval of the Central Government, sell or otherwise dispose of any property vested in the Foundation."
                    }
                },
                "Section 27.": {
                    "heading": "Power of Central Government to give directions to the Foundation.",
                    "paragraphs": {
                        "0": "(1) The Central Government may, if it is satisfied that it is necessary so to do in the public interest, issue, for reasons to be recorded and communicated to the Foundation, such directions as it thinks fit.",
                        "1": {
                            "text": "(2) Without prejudice to the generality of the foregoing powers, such directions may include directions requiring the Foundation\u2014",
                            "contains": {
                                "0": "(a) to make or amend any regulation within such period as may be specified in the direction; and",
                                "1": "(b) to give priority to the work undertaken or to be undertaken by the Foundation in such manner as the Central Government may think fit to specify in this behalf."
                            }
                        },
                        "2": "(3) Any direction issued under this section shall have effect notwithstanding anything contained in any law for the time being in force or in the memorandum or regulations of the Kalakshetra Society."
                    }
                },
                "Section 28.": {
                    "heading": "Dissolution of the Foundation.",
                    "paragraphs": {
                        "0": "(1) The Central Government may, by notification and for reasons to be specified therein, dissolve, the Foundation from such date and for such period as may be specified in the notification:",
                        "1": "Provided that before issuing any such notification, the Central Government shall give a reasonable opportunity to the Foundation to make representation against the proposed dissolution.",
                        "2": {
                            "text": "(2) When the Foundation is dissolved under sub-section (1),\u2014",
                            "contains": {
                                "0": "(a) all members of the Governing Board, Academic Committee and the Finance Committee, notwithstanding that the terms of their office had not expired, shall, from the date of dissolution, vacate their offices as such members;",
                                "1": "(b) all powers and duties of the Governing Board, Academic Committee and the Finance Committee shall, during the period of dissolution, be exercised and performed by such person or persons as the Central Government may appoint in this behalf;",
                                "2": "(c) all properties and assets vested in the Foundation shall, during the period of dissolution, vest in the Central Government; and",
                                "3": "(d) as soon as the period of dissolution expires, the Foundation shall be reconstituted in accordance with the provisions of this Act"
                            }
                        }
                    }
                },
                "Section 29.": {
                    "heading": "Protection of action taken in good faith.",
                    "paragraphs": {
                        "0": "No suit, prosecution or other legal proceeding shall lie against the Central Government or any officer of that Government or the Foundation or Member or Director or any officer of the Foundation for anything which is in good faith done or intended to be done under this Act."
                    }
                },
                "Section 30.": {
                    "heading": "Indemnity.",
                    "paragraphs": {
                        "0": "Every Member of the Governing Board, Academic Committee and the Finance Committee and the Director of the Foundation shall be indemnified by the Foundation against all losses and expenses incurred by them in relation to the discharge of their duties, except such as are caused by their wilful act or default."
                    }
                },
                "Section 31.": {
                    "heading": "Power to make rules.",
                    "paragraphs": {
                        "0": "(1) The Central Government may, by notification, make rules for carrying out the provisions of this Act.",
                        "1": {
                            "text": "(2) In particular, and without prejudice to the generality of the foregoing power, such rules may provide for all or any of the following matters, namely:\u2014",
                            "contains": {
                                "0": "(a) the allowances to the Members under sub-section (5) of section 12;",
                                "1": "(b) the powers which the Governing Board shall exercise and the functions which it shall discharge under sub-section (2) of section 14;",
                                "2": "(c) functions to be performed by the Finance Committee, under clause (iv) of section 18;",
                                "3": "(d) the salary and allowances and other terms and conditions of service of the Director under sub-section (3) of section 19;",
                                "4": "(e) the form and the manner in which the budget is to be prepared by the Governing Board under section 23;",
                                "5": "(f) the form and the manner in which, and the time at which, the returns, statements and the annual report shall be prepared under section 25;",
                                "6": "(g) any other matter which has to be, or may be, prescribed."
                            }
                        }
                    }
                },
                "Section 32.": {
                    "heading": "Power to make regulations.",
                    "paragraphs": {
                        "0": "(1) The Foundation may make regulations, not inconsistent this Act and the rules made thereunder, for enabling it to discharge its functions under this Act:",
                        "1": {
                            "text": "(2) Without prejudice to the generality of the foregoing power, such regulations may provide for all or any of the following matters, namely:\u2014",
                            "contains": {
                                "0": "(a) the management of the properties and funds, affairs and works of the Foundation;",
                                "1": "(b) the procedure in regard to transaction of business of the Governing Board and the Academic Committee (including quorum at their meetings) and the transaction of business of the Finance Committee under sub-section (3) of section 13, sub-section (3) of section 15 and sub-section (2) of section 17;",
                                "2": "(c) creation or abolition of posts and the procedure for appointment of the professional, administrative and ministerial staff;",
                                "3": "(d) the tenure of office and other terms and conditions of the members of the Academic Committee under sub-section (2) of section 15; and",
                                "4": "(e) the maintenance of accounts, registers and other records of the Foundation."
                            }
                        },
                        "2": "(3) No regulation made by the Foundation shall have effect until it has been approved by the Central Government and published in the Official Gazette, and the Central Government, in approving the regulation, may make changes therein which appear to it to be necessary."
                    }
                },
                "Section 33.": {
                    "heading": "Rules and regulations to be laid before Parliament.",
                    "paragraphs": {
                        "0": "Every rule and every regulation made under this Act shall be laid, as soon as may be after it is made, before each House of Parliament, while it is in session for a total period of thirty days which may be comprised in one session or in two or more successive sessions, and if, before the expiry of the session immediately following the session or the successive sessions aforesaid, both Houses agree in making any modification in the rule or regulation, or both Houses agree that the rule or regulation, should not be made, the rule or regulation shall thereafter have effect only in such modified form or be of no effect, as the case may be; so, however, that any such modification or annulment shall be without prejudice to the validity of anything previously done under that rule or regulation."
                    }
                },
                "Section 34.": {
                    "heading": "Power to remove difficulties.",
                    "paragraphs": {
                        "0": "(1) If any difficulty arises in giving effect to the provisions of this Act, the Central Government may, by order, not inconsistent with the provisions of this Act, remove the difficulty:",
                        "1": "Provided that no such order shall be made after the expiry of a period of two years, from the commencement of this Act.",
                        "2": "(2) Every order made under this section shall be laid as soon as may be after it is made, before each House of Parliament."
                    }
                },
                "Section 35.": {
                    "heading": "Repeal and saving.",
                    "paragraphs": {
                        "0": "(1) The Kalakshetra Foundation Ordinance, 1993 (Ord. 31 of 1993) is hereby repealed.",
                        "1": "(2) Notwithstanding such repeal, anything done or any action taken under the Ordinance so repealed, shall be deemed to have been done or taken under the corresponding provisions of this Act."
                    }
                }
            }
        }
    },
    "Schedule": {
        "THE FIRST SCHEDULE": {
            "0": "THE FIRST SCHEDULE",
            "1": "[See clause (d) of section 3]",
            "2": {
                "text": "1. Kalakshetra College of Fine Arts. 2. Craft Education and Research Centre consisting of:\u2014",
                "contains": {
                    "0": "(i) a Weaving Department, and",
                    "1": "(ii) a Kalamkari unit."
                }
            },
            "3": "3. Besant Arundale Theosophical Senior Secondary School. 4. Besant Theosophical High School. 5. Besant Cultural Centre Hostel."
        },
        "THE SECOND SCHEDULE": {
            "0": {
                "text": "THE SECOND SCHEDULE",
                "contains": {
                    "0": {
                        "text": "(See section 4)",
                        "contains": {
                            "0": "PART A"
                        }
                    }
                }
            },
            "1": {
                "text": "Sl. Document Date Village Taluk District Survey Paimash Extent No. No. No. No. 0-3-8 1. 1541 16-8-49 Thiruvan- Saidapet Chinglepet .. 1225/A 1-8-4 miyur 1228",
                "contains": {
                    "0": "1-11-12 Cawnies"
                }
            },
            "2": "2. 1542 16-8-49 Do. Do. Do. .. 1227/E 0-9-0 Cawmies 0-75 Cents",
            "3": "3. 1545 16-8-49 Do. Do. Do. .. .. 0-3-12 0-6-2",
            "4": "4. 768 12-5-54 Do. Do. Do. .. 1219 0-3-12 1224 0-6-2 (In rectification of Sl. No. 3)",
            "5": {
                "text": "5. 1544 16-8-49 Do. Do. Do. .. 947-C 0-11-0 1226-C 0-6-0 1226-D 0-12-0 1-13-0",
                "contains": {
                    "0": "0-6-10 6. 1605 25-8-49 Do. Do. Do. .. 1228B Cawnies 1226A 0-55 1226C/1 Cents"
                }
            },
            "6": "7. 1960 13-10-49 Do. Do. Do. .. 1227/D 0-3-12 Cawnies",
            "7": {
                "text": "8. 1984 15-10-49 Do. Do. Do. .. 1227/F 0-5-8 Cawnies",
                "contains": {
                    "0": "House and 9. 1324 26-1 1-49 Do. Do. Do. O.S. 1491 Sq. ft. Ground No. No.327 18, R.S. Andiappa No. 528 Gramani Street, Royapuram -13."
                }
            },
            "8": "10. 1324 26-11-49 Do. Do. Do. .. 1229/C 0-10-0 Cawnies =1 acre 14 Cents",
            "9": "11. 2752 11-12-50 Do. Do. Do. .. 1219/A-3 0-3-12 Cawnies 1224/D 55 Cents",
            "10": {
                "text": "12. 2759 21-12-50 Do. Do. Do. .. 1219 0-3-12 Cawnies =50 Cents SI. Document Date Village Taluk District Survery Paimash Extent No. No. No. No.",
                "contains": {
                    "0": {
                        "text": "Thiruvan- Saidapet Chinglepet 0-3-8 13. 1865 2-9-52 .. 1228 1-8-4 miyur 1-11-12",
                        "contains": {
                            "0": "=1 acre 98 cents"
                        }
                    },
                    "1": "14. 621 27-3-59 Do. Do. Do. .. 973-B 0-7-0 972 5-7-0 961-C/1 0-3-4 962-L 0-9-10 964 2-5-2 9-0-0 Cawnies =12 acres",
                    "2": {
                        "text": "15. 769 12-5-54 Do. Do. Do. .. 1219",
                        "contains": {
                            "0": "1224 50 Cents"
                        }
                    },
                    "3": "16. 22068 24-8-56 Do. Do. Do. .. 979-C 1-1 1-14 Cawnies",
                    "4": {
                        "text": "17. 2151 3-9-56 Do. Do. Do. .. 974/A 2-0-0 Cawnies",
                        "contains": {
                            "0": "=2 acres 66 cents"
                        }
                    },
                    "5": {
                        "text": "18. 863 April, Do. Do. Do. 158/1 882-B 1960 882-D 886-D 957-A 958-A 963-A 964 886-C 964Part 170/1 964Part 975C Part 21 acres 6 cents",
                        "contains": {
                            "0": "170/3 975J 973A 973A 1 973A 2 975C Part 975G 975H 975-I 975M 975G 975H 2 975K Survey No. Paimash No. Extent SI. Document Date Village Taluk District No. No. 19. 166/2 957-B 22 acres 291 6-2-63 Thiruvan Saidate Chinglepet 962 approximately -miyur 963-B 966 968-C",
                            "1": "20. 161/2 857 27 acres 74 cents 754 22-3-63 Do. Do. Do. 882-C (Part) approximately 877-A 940 941 942 955-A 965 961 H",
                            "2": {
                                "text": "21. 178/3(Part) 1212 4 grounds 1481 April, 1968 Do. Do. Do. 178/8 1214 1988 Sq. ft. 1184 1185 1220 22. 178/3 Do. 8 grounds 1482 April, 1968 Do. Do. Do. 178/8 96 Sq. ft.",
                                "contains": {
                                    "0": {
                                        "text": "All the buildings on the above lands, institutions, all assets whatsoever including Bank balances and cash of the Kalakshetra.",
                                        "contains": {
                                            "0": "PART B"
                                        }
                                    },
                                    "1": "Sl. Document Date Village Taluk District Survey Paimash Extent",
                                    "2": {
                                        "text": "No. No. No. No.",
                                        "contains": {
                                            "0": "977,1212,1213,1214, 1. 448 1881 Thiruvan- Saidapet Chinglepet .. 15-7-4 Cawnies 1215,1216,1217, 1218, miyur 1219 and 1221",
                                            "1": "2. 1224 1908 Do. Do. Do. .. 968C 2-0-8 Cawnies",
                                            "2": "3. 2382 1913 Do. Do. Do. .. 967, 968C 2-0-8 Cawnies",
                                            "3": "4. 2559 1913 Do. Do. Do. .. 967, 968 2-0-8 Cawnies",
                                            "4": "5. 4544 1919 Do. Do. Do. .. 532D, 533, 534 3-7-8 Cawnies",
                                            "5": "6. 2642 1920 Do. Do. Do. .. 967, 968, 968C 4-1-0 Cawnies",
                                            "6": "7. 1325 1927 Do Do Do .. 533, 534, 532 3-7-8 Cawnies",
                                            "7": "8. 1966 1940 Do. Do. Do. .. 976A, 971B 2-2-0 Cawnies",
                                            "8": "9. 2056 1941 Do. Do. Do. .. 984 0-4-6 Cawnies",
                                            "9": "10. 2194 1941 Do. Do. Do. .. 984 0-4-6 Cawnies",
                                            "10": {
                                                "text": "11. 532 1943 Do. Do. Do. .. 976A, 971B 2-2-0 Cawnies",
                                                "contains": {
                                                    "0": "Sl. Document Year Village Taluk District Survey Paimash Extent No. No. No. No. 12. 1471 1943 Thiruvan- Saidapet Chinglepet .. 976A, 971B 6-2-0 Cawnies miyur"
                                                }
                                            },
                                            "11": "13. 1380 1937 Do. Do. Do. .. 191 1-4-0 Cawnies",
                                            "12": "14. 1381 1937 Do. Do. Do. .. 191 1-4-0 Cawnies",
                                            "13": "15. 1032 1945 Do. Do. Do. .. 532, 534 3-7-8 Cawnies",
                                            "14": "16. 1744 1929"
                                        }
                                    }
                                }
                            },
                            "3": {
                                "text": "(Parent document of Item 15)",
                                "contains": {
                                    "0": {
                                        "text": "17. 1134 1945 Do. Do. Do. .. 984, 0-4-6 Cawnies",
                                        "contains": {
                                            "0": "984 0-4-6 Cawnies",
                                            "1": "18. 1224 1945 Do. Do. Do. .. 971B, 976A 6-2-0 Cawnies",
                                            "2": "19. 1268 1945 Do. Do. Do. .. 970B, 970D 2-8-0 Cawnies",
                                            "3": "20. 1598 1945 Do. Do. Do. .. 967, 968, 978C 4-1-0 Cawnies",
                                            "4": {
                                                "text": "21. 1941 1945 Do. Do. Do. .. 1226 A/J 0-5-15 Cawnies",
                                                "contains": {
                                                    "0": "1226 B/J"
                                                }
                                            },
                                            "5": "22. 1942 1945 Do. Do. Do. .. 1226 B/2 0-15-13 Cawnies",
                                            "6": "23. 1988 1945 Do. Do. Do. .. 976B, 979A 2-6-0 Cawnies",
                                            "7": "24. 353 1947 Do. Do. Do. .. 976A/ 1 3-0-0 Cawnies",
                                            "8": {
                                                "text": "25. 2275 1947 Do. Do. Do. O.S. No.267 0-5-12 268 0-15-6 269 3-10-2 0-0-12 270 0 -0-12 270A 2-4-0 1-4-0 271 1-4-0 1-4-0 278 1-0-0 4-15-0 279 1-0-0 0-3-0",
                                                "contains": {
                                                    "0": "0-1-12 1226, 1226A, 1226B, 967, 2-1-10 0-5-13 968A, 968C, 2-9-0 0-5-9 970B, 970D, 0-2-0 0-0-6 971B, 976A, 2-4-0 1-10-4 532D, 533, 0-5-10 979A. 2-0-8 Sl. Document Year Village Taluk District Survey Paimash Extent No No. No. No. 26. 3776 1947 Thiruvan- Saidapet Chinglepet .. 1214A,1217A, 3-9-6 Cawnies miyur. 6-6-10 1218A,1218B, Cawnies 1221,1213, 1215,1216, 1221.",
                                                    "1": "1212, 1213, 27. 3777 1947 Do. Do. Do. .. 6-6-10 Cawnies 1215,1216, 3-9-6 Cawnies 1214A,1217, 1218A, 1219B."
                                                }
                                            }
                                        }
                                    },
                                    "1": {
                                        "text": "28. Sowcarpet, Registration Do. (O.S. No.695, House No. 1,397 Sq.ft. 742) 10168/2 District of Madras 2/500 and 10170 Mint Street, P. T. Ms.",
                                        "contains": {
                                            "0": "House No.117, North Madras, Madras Do. (O.S. No. 1,331 Sq.ft. Lingi Chetty St., 2506) R. S. G. T. Ms. No. 3376"
                                        }
                                    },
                                    "2": {
                                        "text": "29. 1606 1950 Do. .. 1214, 1217, 2-9-0 Cawnies Thiruvanmiyur Saidapet 1218,1219B",
                                        "contains": {
                                            "0": "0-8-0 Cawnies 30. 909 1961 Do. Do. Do. .. 500 3 Grounds 1, 270 Sq.ft. 500"
                                        }
                                    },
                                    "3": "All the buildings on the above lands, institutions, and all the assets whatsoever including Bank balances and cash of the Kalakshetra and Besant Centenary Trust/ Hostel in the City of Madras."
                                }
                            }
                        }
                    }
                }
            }
        }
    },
    "Annexure": {},
    "Appendix": {},
    "Forms": {},
    "Footnotes": {}
}