{
    "Act Title": "THE BIRTHS, DEATHS AND MARRIAGES REGISTRATION ACT, 1886",
    "Act ID": "ACT NO. 6 OF 1886",
    "Enactment Date": "[8th March, 1886.]",
    "Act Definition": {
        "0": "An Act to provide for the voluntary Registration of certain Births and Deaths, for the establishment of General Registry Offices for keeping Registers of certain Births, Deaths and Marriages, and for certain other purposes.",
        "1": "WHEREAS it is expedient to provide for the voluntary registration of births and deaths among certain classes of persons, for the more effectual registration of those births and deaths and of the marriages registered under Act 3 of 18722, or the Indian Christian Marriage Act, 1872 (15 of 1872) and of certain marriages registered under the Parsi Marriage and Divorce Act, 18653 (15 of 1865), and for the establishment of general registry offices for keeping registers of those births, deaths and marriages;",
        "2": "AND WHEREAS it is also expedient to provide for the authentication and custody of certain existing registers made otherwise than in the performance of a duty specially enjoined by the law of the country in which the registers were kept, and to declare that copies of the entries in those registers shall be admissible in evidence;"
    },
    "Chapters": {
        "0": {
            "ID": "CHAPTER I",
            "Name": "PRELIMINARY",
            "Sections": {
                "Section 1.": {
                    "heading": "Short title and commencement.",
                    "paragraphs": {
                        "0": "(1) This Act may be called the Births, Deaths and Marriages Registration Act, 1886; and",
                        "1": "(2) It shall come into force on such day4 as the Central Government, by notification in the Official Gazette, directs.",
                        "2": "5* * * * *"
                    }
                },
                "Section 2.": {
                    "heading": "Extent.",
                    "paragraphs": {
                        "0": "This Act extends7 to the whole of India except 8[the territories which, immediately before the 1st November, 1956, were comprised in Part B States].]"
                    }
                },
                "Section 3.": {
                    "heading": "Definitions.",
                    "paragraphs": {
                        "0": {
                            "text": "In this Act, unless there is something repugnant in the subject or context,\u2014\u201csign\u201d includes mark, when the person making the mark is unable to write his name;",
                            "contains": {
                                "0": "\u201cprescribed\u201d means prescribed by a rule made 9*** under this Act; and",
                                "1": "\u201cRegistrar of Births and Deaths\u201d means a Registrar of Births and Deaths appointed under this Act."
                            }
                        }
                    }
                },
                "Section 4.": {
                    "heading": "Saving of local laws.",
                    "paragraphs": {
                        "0": "Nothing in this Act, or in any rule made under this Act, shall affect any law heretofore or hereafter passed providing for the registration of births and deaths within particular local areas."
                    }
                },
                "Section 5.": {
                    "heading": "Powers exercisable from time to time.",
                    "paragraphs": {
                        "0": "All powers conferred by this Act may be exercised from time to time as occasion requires."
                    }
                }
            }
        },
        "1": {
            "ID": "CHAPTER II",
            "Name": "GENERAL REGISTRY OFFICES OF BIRTHS, DEATHS AND MARRIAGES",
            "Sections": {
                "Section 6.": {
                    "heading": "Establishment of general registry offices and appointment of Registrars General.",
                    "paragraphs": {
                        "0": {
                            "text": "(1) Each State Government\u2014",
                            "contains": {
                                "0": "(a) shall establish a general registry office for keeping such certified copies of registers of births and deaths registered under this Act, or marriages registered under Act 3 of 18721 (to provide a form of marriage in certain cases) or the Indian Christian Marriage Act, 1872 ( 15 of 1872), or, beyond the local limits of the ordinary original civil jurisdiction of the High Court of Judicature at Bombay, under the Parsi Marriage and Divorce Act, 18652 (15 of 1865), as may be sent to it under this Act, or under any of the three last-mentioned Acts, as amended by this Act; and",
                                "1": "(b) may appoint to the charge of that office an officer, to be called the Registrar General of Births, Deaths and Marriages, for the territories under its administration:"
                            }
                        },
                        "1": "3* * * * *"
                    }
                },
                "Section 7.": {
                    "heading": "Indexes to be kept at general registry office.",
                    "paragraphs": {
                        "0": "Each Registrar General of Births, Deaths and Marriages shall cause indexes of all the certified copies of registers sent to his office under this Act, or under Act 3 of 18721 the Indian Christian Marriage Act, 1872 (15 of 1872), or the Parsi Marriage and Divorce Act, 18652 (15 of 1865), as amended by this Act, to be made and kept in his office in the prescribed form."
                    }
                },
                "Section 8.": {
                    "heading": "Indexes to be open to inspection.",
                    "paragraphs": {
                        "0": "Subject to the payment of the prescribed fees the indexes so made shall be at all reasonable time open to inspection by any person applying to inspect them, and copies of entries in the certified copies of the registers to which the indexes relate shall be given to all persons applying for them."
                    }
                },
                "Section 9.": {
                    "heading": "Copies of entries to be admissible in evidence.",
                    "paragraphs": {
                        "0": "A copy of an entry given under the last foregoing section shall be certified by the Registrar General of Births, Deaths and Marriages, or by an officer authorised in this behalf by the State Government and shall be admissible in evidence for the purpose of proving the birth, death or marriage to which the entry relates."
                    }
                },
                "Section 10.": {
                    "heading": "Superintendence of Registrars by Registrar General.",
                    "paragraphs": {
                        "0": "Each Registrar General of Births, Deaths and Marriages shall exercise a general superintendence over the Registrars of Births and Deaths in the territories for which he is appointed."
                    }
                }
            }
        },
        "2": {
            "ID": "CHAPTER III",
            "Name": "REGISTRATION OF BIRTHS AND DEATHS",
            "Subheadings": [
                {
                    "Name": "A.\u2014Application of this Chapter",
                    "Sections": {
                        "Section 11.": {
                            "heading": "Persons whose births and deaths are registrable.",
                            "paragraphs": {
                                "0": {
                                    "text": "(1) The persons whose births and deaths shall, in the first instance, be registrable under this Chapter are the following, namely:\u2014",
                                    "contains": {
                                        "0": "(a) in 4[the territories to which this Act extends] the members of every race, sect or tribe to which the Indian Succession Act, 18655 (10 of 1865) applies, and in respect of which an order under section 332 of that Act is not for the time being in force, and all persons professing the Christian religion;",
                                        "1": "1* * * * *"
                                    }
                                },
                                "1": "(2) But the State Government by notification in the Official Gazette, may 2*** extend the operation of this Chapter to any other class of persons either generally or in any local area."
                            }
                        }
                    }
                },
                {
                    "Name": "B.\u2014Registration Establishment",
                    "Sections": {
                        "Section 12.": {
                            "heading": "Power for State Government to appoint Registrars for its territories.",
                            "paragraphs": {
                                "0": "The State Government may appoint, either by name or by virtue of their office, so many persons as it thinks necessary to be Registrars of Births and Deaths for such local areas within the territories under its administration as it may define and, if it sees fit, for any class of persons within any part of those territories."
                            }
                        },
                        "Section 13.": {
                            "heading": "[Omitted.].",
                            "paragraphs": {
                                "0": "[Power for Central Government to appoint Registrars for Indian States]. Omitted. by the A.O. 1950."
                            }
                        },
                        "Section 14.": {
                            "heading": "Registrar to be deemed a public servant.",
                            "paragraphs": {
                                "0": "Every Registrar of Births and Deaths shall be deemed to be a public servant within the meaning of the Indian Penal Code (45 of 1860)."
                            }
                        },
                        "Section 15.": {
                            "heading": "[Repealed.].",
                            "paragraphs": {
                                "0": "[Power to remove Registrars].\u2014Rep. by the A.O. 1937."
                            }
                        },
                        "Section 16.": {
                            "heading": "Office and attendance of Registrar.",
                            "paragraphs": {
                                "0": "(1) Every Registrar of Births and Deaths shall have an office in the local area, or within the part of the territories or dominions for which he is appointed.",
                                "1": "(2) Every Registrar of Births and Deaths to whom the State Government may direct this sub-section to apply shall attend at his office for the purpose of registering births and deaths on such days and at such hours as the Registrar General of Births, Deaths and Marriages may direct, and shall cause to be placed in some conspicuous place on or near the outer door of his office his name, with the addition of Registrar of Births and Deaths for the local area or class for which he is appointed, and the days and hours of his attendance."
                            }
                        },
                        "Section 17.": {
                            "heading": "Absence of Registrar or vacancy in his office.",
                            "paragraphs": {
                                "0": "(1) When any Registrar of Births and Deaths to whom the State Government may direct this section to apply3, not being a Registrar of Births and Deaths for a local area in the town of Calcutta, Madras or Bombay is absent, or when his office is temporarily vacant, any person whom the Registrar General of Births, Deaths and Marriages appoints in this behalf, or, in default of such appointment the Judge of the District Court within the local limits of whose jurisdiction the Registrar\u2019s office is situate, or such other officer as the State Government appoints in this behalf, shall be the Registrar of Births and Deaths during such absence or until the State Government fills the vacancy.",
                                "1": "(2) When any such Registrar of Births and Deaths for a local area in the town of Calcutta, Madras or Bombay is absent, or when his office is temporarily vacant, any person whom the Registrar General of Births, Deaths and Marriages appoints in this behalf shall be the Registrar of Births and Deaths during such absence or until the State Government fills the vacancy.",
                                "2": "(3) The Registrar General of Births, Deaths and Marriages shall report to the State Government all appointments made by him under this section."
                            }
                        },
                        "Section 18.": {
                            "heading": "Register books to be supplied and preservation of records to be provided for.",
                            "paragraphs": {
                                "0": "The State Government shall every Registrar of Births and Deaths with a sufficient number of register books of births and of register books of deaths, and shall make suitable provision for the preservation of the records connected with the registration of births and deaths."
                            }
                        }
                    }
                },
                {
                    "Name": "C.\u2014Mode of registration",
                    "Sections": {
                        "Section 19.": {
                            "heading": "Duty of Registrar to register births and deaths of which notice is given.",
                            "paragraphs": {
                                "0": "Every Registrar of Births and Deaths of notice of a birth or death within the local area or among the class for which he is appointed, shall, if the notice is given within the prescribed time and in the prescribed mode by a person authorized by this Act to give the notice, forthwith make an entry of the birth or death in the proper register book:",
                                "1": {
                                    "text": "Provided that\u2014",
                                    "contains": {
                                        "0": "(a) if he has reason to believe the notice to be in any respect false, he may refuse to register the birth or death until he receives an order from the Judge of the District Court directing him to make the entry and prescribing the manner in which the entry is to be made; and",
                                        "1": "(b) he shall not enter in the register the name of any person as father of an illegitimate child, unless at the request of the mother and of the person acknowledging himself to be the father of the child."
                                    }
                                }
                            }
                        },
                        "Section 20.": {
                            "heading": "Persons authorised to give notice of birth.",
                            "paragraphs": {
                                "0": {
                                    "text": "Any of the following persons may give notice of a birth, namely:\u2014",
                                    "contains": {
                                        "0": "(a) the father or mother of the child;",
                                        "1": "(b) any person present at the birth;",
                                        "2": "(c) any person occupying, at the time of the birth, any part of the house wherein the child was born and having knowledge of the child having been born in the house;",
                                        "3": "(d) any medical practitioner in attendance after the birth and having personal knowledge of birth occurred;",
                                        "4": "(e) any person having charge of the child."
                                    }
                                }
                            }
                        },
                        "Section 21.": {
                            "heading": "Persons authorised to give notice of death.",
                            "paragraphs": {
                                "0": {
                                    "text": "Any of the following persons may give notice of a death, namely:\u2014",
                                    "contains": {
                                        "0": "(a) any relative of the deceased having knowledge of any of the particulars required to be registered concerning the death;",
                                        "1": "(b) any person present at the death;",
                                        "2": "(c) any person occupying, at the time of the death, any part of the house wherein the death occurred and having knowledge of the deceased having died in the house;",
                                        "3": "(d) any person in attendance during the last illness of the deceased:",
                                        "4": "(e) any person who has seen the body of the deceased after death."
                                    }
                                }
                            }
                        },
                        "Section 22.": {
                            "heading": "Entry of birth or death to be signed by person giving notice.",
                            "paragraphs": {
                                "0": "(1) When an entry of a birth or death has been made by the Registrar of Births and Deaths under section 19, the person giving notice of the birth or death must sign the entry in the register in the presence of the Registrar:",
                                "1": "1[Provided that it shall not be necessary for the person giving notice to attend before the Registrar or to sign the entry in the register if he has given such notice in writing and has furnished to the satisfaction of the Registrar such evidence of his identity as may be required by any rules made by the State Government in this behalf.]",
                                "2": "(2) Until the entry has been so signed, 1[or the conditions specified in the proviso to sub-section (1) have been complied with] the birth or death shall not be deemed to be registered under this Act.",
                                "3": "(3) When the birth of an illegitimate child is registered, and the mother and the person acknowledging himself to be the father of the child jointly request that person may be registered as the father, the mother and that person must both sign the entry in the register in the presence of the Registrar."
                            }
                        },
                        "Section 23.": {
                            "heading": "Grant of certificate of registration of birth or death.",
                            "paragraphs": {
                                "0": "The Registrar of Births and Deaths shall, on application made at the time of registering any birth or death by the person giving notice of the birth or death, and on payment by him of the prescribed fee, give to the applicant a certificate in the prescribed form signed by the Registrar, of having registered the birth or death."
                            }
                        },
                        "Section 24.": {
                            "heading": "Duty of Registrars as to sending certified copies of entries in register books to Registrar General.",
                            "paragraphs": {
                                "0": "(1) Every Registrar of Birth and Deaths in 2[the territories to which this Act extends] shall send to the Registrar General of Birth, Deaths and Marriages for the territories within which the local area or class for which he is appointed is situate or resides, at the prescribed intervals, a true copy certified by him, in the prescribed form, of all the entries of births and deaths in the register book kept by him since the last of those intervals:",
                                "1": "Provided that in the case Registrars of Births and Deaths who are clergymen of the Churches of England, Rome and Scotland the Registrar may, if so directed by his ecclesiastical superior, send the certified copies in the first instance to that superior, who shall send them to the proper Registrar General of Births, Deaths and Marriages.",
                                "2": "In this sub-section \u201cChurch of England\u201d and \u201cChurch of Scotland\u201d means the Church of England and the Church of Scotland as by law established respectively; and \u201cChurch of Rome\u201d means the Church which regards the Pope of Rome as its spiritual head.",
                                "3": "3* * * * *",
                                "4": "4* * * * *"
                            }
                        },
                        "Section 25.": {
                            "heading": "Searches and copies of entries in register books.",
                            "paragraphs": {
                                "0": "(1) Every Registrar of Births and Deaths shall, on payment of the prescribed fees, at all reasonable times, allow searches to be made in the register books kept by him, and give a copy of any entry in the same.",
                                "1": "(2) Every copy of an entry in a register book given under this section shall be certified by the Registrar of Births and Deaths, and shall be admissible in evidence for the purpose of proving the birth or death to which the entry relates."
                            }
                        },
                        "Section 26.": {
                            "heading": "Exceptional provision for registration of certain births and deaths.",
                            "paragraphs": {
                                "0": "Notwithstanding anything in section 19, the 5[State Government] may make rules6 authorising Registrars of Births and Deaths, on conditions and in circumstances to be specified in the rules, to register births and deaths occurring outside the local areas or classes for which they are appointed."
                            }
                        }
                    }
                },
                {
                    "Name": "D.\u2014Penalty for False Information",
                    "Sections": {
                        "Section 27.": {
                            "heading": "Penalty for willfully giving false information.",
                            "paragraphs": {
                                "0": "If any person willfully makes, or causes to be made, for the purpose of being inserted in any register of births or deaths, any false statement in connection with any notice of a birth or death under this Act, he shall be punished with imprisonment for a term which may extend to three years, or with fine, or with both."
                            }
                        }
                    }
                },
                {
                    "Name": "E.\u2014Correction of Errors",
                    "Sections": {
                        "Section 28.": {
                            "heading": "Correction of entry in register of births or deaths.",
                            "paragraphs": {
                                "0": "(1) If it is proved to the satisfaction of a Registrar of Births and Deaths that any entry of a birth or death in any register kept by him under this Act is erroneous in form or substance, he may, subject to such rules1 as may be made by the 2[State Government] with respect to the conditions and circumstances on and in which errors may be corrected, correct the error by entry in the margin, without any alteration of the original entry, and shall sign the marginal entry and add thereto the date of the correction.",
                                "1": "(2) If a certified copy of the entry has already been sent to the Registrar General of Births, Deaths and Marriages, the Registrar of Births and Deaths shall make and send a separate certified copy of the original erroneous entry and of the marginal correction therein made."
                            }
                        }
                    }
                }
            ]
        },
        "3": {
            "ID": "CHAPTER IV",
            "Name": "AMENDMENT OF MARRIAGE ACTS",
            "Sections": {
                "Section 29.": {
                    "heading": "[Repealed.].",
                    "paragraphs": {
                        "0": "[Addition of new section after section 13, Act 3 of 1872]. Rep. by the Repealing Act, 1938 (1 of 1938), s. 2 and the Schedule."
                    }
                },
                "Section 30.": {
                    "heading": "[Repealed.].",
                    "paragraphs": {
                        "0": "[Amendment of the Indian Christian Marriage Act, 1872]. Rep. by s. 2 and the Schedule, ibid."
                    }
                },
                "Section 31.": {
                    "heading": "[Repealed.].",
                    "paragraphs": {
                        "0": "[Addition of new section after section 8 of the Parsi Marriage and Divorce Act, 1865]. Rep. by s. 2 and the Schedule, ibid."
                    }
                }
            }
        },
        "4": {
            "ID": "CHAPTER V",
            "Name": "SPECIAL PROVISIONS AS TO CERTAIN EXISTING REGISTERS",
            "Sections": {
                "Section 32.": {
                    "heading": "Permission to persons having custody of certain records to send them within one year to Registrar General.",
                    "paragraphs": {
                        "0": "If any person in 3[the territories to which this Act extends] has for the time being the custody of any register or record of birth, baptism, naming, dedication, death or burial of any persons of the classes referred to in section 11,subsection (1), or, of any register or record of marriage of any persons of the classes to which Act III of 1872 or the Indian Christian Marriage Act, 1872(15of 1872) or the Parsi Marriage and Divorce Act, 1865 (15 of 1865) applies, and if such register or record has been made otherwise than in performance of a duly specially enjoined by the law of the country in which the register or record was kept, he may, 4[at any time before the first day April, 1891,] send the register or record to the office of the Registrar General or Births, Deaths and Marriages for the territories within which he resides, 5***."
                    }
                },
                "Section 33.": {
                    "heading": "Appointment of Commissioners to examine registers.",
                    "paragraphs": {
                        "0": "6[(1) Any State Government in the case of registers or records sent under section 32 to the Registrar General for the territories under its administration, 7*** may appoint so many persons as it 8*** thinks fit to be Commissioner for examining such registers or records.]",
                        "1": "(2) The Commissioners so appointed shall hold office for such period as the 1[authority appointing them], by the order of appointment, or any subsequent order, directs."
                    }
                },
                "Section 34.": {
                    "heading": "Duties of Commissioners.",
                    "paragraphs": {
                        "0": "(1) The Commissioners appointed under the last foregoing section shall enquire into the state, custody and authenticity of every such register or record as may be sent to the Registrar General of Births, Deaths and Marriages under section 32;",
                        "1": {
                            "text": "and shall deliver to the Registrar General a descriptive list or descriptive lists of all such registers or records, or portions of registers or records, as they find to be accurate and faithful.",
                            "contains": {
                                "0": "(2) The list or lists shall contain the prescribed particulars and refer to the registers or records, or to the portions of the registers or records, in me prescribed manner.",
                                "1": "(3) The Commissioners, shall also certify in writing, upon some part of every separate book or volume containing any such register or record, or portion of a register or record, as is referred to in any list or lists made by the Commissioners, that it is one of the registers or records, or portions of registers or records, referred to in the said list or lists."
                            }
                        }
                    }
                },
                "Section 35.": {
                    "heading": "Searches of lists prepared by Commissioners and grant of certified copies of entries.",
                    "paragraphs": {
                        "0": "(1) Subject to the payment of the prescribed fees, the descriptive list or lists of registers or records, or portions of registers or records, delivered by the Commissioners to the Registrar General of Births, Deaths and Marriages shall be, at all reasonable times, open to inspection by any person applying to inspect it or them, and copies of entries in those registers or records shall be given to all persons applying for them.",
                        "1": "(2) A copy of an entry given under this section shall be certified by the Registrar General of Births, Deaths and Marriages, or by an officer or person authorised in this behalf by the State Government and shall be admissible in evidence for the purpose of proving the birth, baptism, naming, dedication, death, burial or marriage to which the entry relates."
                    }
                },
                "Section 35A.": {
                    "heading": "Constitution of additional Commissions for purposes of this Chapter.",
                    "paragraphs": {
                        "0": "(1) 3*** The State Government 4[may by notification in the Official Gazette] appoint more Commissions5 than one for the purposes of section 33, each such Commission consisting of so many and such members, and having its functions restricted to the disposal, under this Act and the rules there under, of such registers and records sent under section 32 to the Registrar General, as may be specified in the notification.",
                        "1": "(2) If more Commissions than one are appointed in exercise of the power conferred by sub-section (1), then references in this Act to the Commissioners shall be construed as references to the members constituting a Commission so appointed.]"
                    }
                }
            }
        },
        "5": {
            "ID": "CHAPTER VI",
            "Name": "RULES",
            "Sections": {
                "Section 36.": {
                    "heading": "Rules.",
                    "paragraphs": {
                        "0": "7[(1) The State Government, for each State 8*** may make rules to carry out the purpose of this Act.]",
                        "1": {
                            "text": "(2) In particular and without prejudice to the generality of the foregoing power, such rules may\u2014",
                            "contains": {
                                "0": "(a) fix the fees payable under this Act;",
                                "1": "(b) prescribe the forms required for the purposes of this Act;",
                                "2": "(c) prescribe the time within which, and the mode in which, persons authorised under this Act to give notice of a birth or death to a Registrar of Births and Deaths must give the notice;",
                                "3": "(d) prescribe the evidence of identity to be furnished to a Registrar of Birth and Deaths by persons giving notice of a birth or death in cases where personal attendance before such Registrar is dispensed with;",
                                "4": "(e) prescribe the registers to be kept and the form and manner in which Registrars of Births and Deaths are to register births and deaths under this Act, and the intervals at which they are to send to the Registrar General of Births, Deaths and Marriages true copies of the entries of births and deaths in the registers kept by them;",
                                "5": "(f) prescribe the conditions and circumstances on and in which Registers of Births and Deaths may correct entries of births and deaths in registers kept by them;",
                                "6": "(g) prescribe the particulars which the descriptive list or lists to be prepared by the Commissioner appointed under Chapter V are to contain, and the manner in which they are to refer to the registers or records, or portions of registers or records, to which they relates; and",
                                "7": "(h) prescribe the custody in which those registers or records are to kept."
                            }
                        },
                        "2": "(3) Every power to make rules conferred by this Act is subject to the condition of the rules being made after previous publication.",
                        "3": "(4) All rules made under this Act shall be published in the Official Gazette and on such publication shall have effect as if enacted in this Act.]"
                    }
                },
                "Section 37.": {
                    "heading": "[Repealed.].",
                    "paragraphs": {
                        "0": "[Procedure for making and publication of rules]. Rep. by the Births, Deaths and Marriages Registration (Amendment) Act, 1911 (9 of 1911) s. 5."
                    }
                }
            }
        }
    },
    "Schedule": {},
    "Annexure": {},
    "Appendix": {},
    "Forms": {},
    "Footnotes": {
        "Page 3": {
            "0": "1. This Act has been extended to and brought into force in Dadra and Nagar Haveli (w.e.f. 1-7-1965) by Reg. No. 6 of 1963, s. 2and  the  First  Schedule  (with  modification),  to  Goa,  Daman  and  Diu  by  Reg.  11  of  1963,  s.  3  and  the  Schedule  (withmodification).",
            "1": "2. See now the Special Marriage Act, 1954 (43 of 1954).",
            "2": "3. See now the Parsi Marriage and Divorce Act, 1936 (3 of 1936).",
            "3": "4. The 1st October, 1888, see Gazette of India, 1888, Part I, p. 336.",
            "4": "5. Sub-section (3) rep. by Act 12 of 1891, s. 2 and the First Schedule.",
            "5": "6. Subs. by the A.O. 1950, for section 2.",
            "6": "7. It has been declared in force in the Sonthal Parganas by s. 3 of the Sonthal Parganas Settlement Regulation, 1872 (3 of 1872).It has also been partially extended to Berar by the Berar Laws Act, 1941 (4 of 1941).",
            "7": "8. Subs. by the Adaptation of Laws (No. 2), Order 1956, for \u201cPart B States\u201d.",
            "8": "9. The words \u201cby the G.G. in C.\u201d rep. by the A.O. 1937."
        },
        "Page 4": {
            "0": "1. See now the Special Marriage Act, 1954 (43 of 1954).",
            "1": "2. See now the Parsi Marriage and Divorce Act, 1936 (3 of 1936).",
            "2": "3. Sub-section (2) rep. by the A.O. 1937.",
            "3": "4. Subs. by the Adaptation of Laws (No. 2), Order 1956, for \u201ca Part A State or a Part C State\u201d.",
            "4": "5. See now the Indian Succession Act, 1925 (39 of 1925), s. 3."
        },
        "Page 5": {
            "0": "1. Clause (b) omitted by the A.O. 1950.",
            "1": "2. The words \u201cwith the previous approval of the G. G. in C.,\u201d omitted by the Act 38 of 1920, s. 2 and the First Schedule.",
            "2": "3. The section has been declared by the Government of Madras to apply to all Registrars appointed by that Government undersection 12, see Mad. R. and O."
        },
        "Page 6": {
            "0": "1. Ins. by Act 9 of 1911, s. 2."
        },
        "Page 7": {
            "0": "1. Ins. by Act 9 of 1911, s. 2.",
            "1": "2. Subs. by the Adaptation of Laws (No. 2), Order 1956, for \u201cPart A States or Part C States\u201d.",
            "2": "3. Sub-section (2) omitted by the A.O. 1950",
            "3": "4. The proviso rep. by the A.O. 1937.",
            "4": "5. Subs. by Act 9 of 1911, s. 3 for \u201cG.G. in C.\u201d.",
            "5": "6. For rules made under section 26 conjointly with sections 28 and 36,  see Gazette of India, 1888, Part. I, p. 336, and differentlocal Rules and Orders. All rules made by the G.G. in C. under this Act, before 1911, shall be deemed to have been made bythe State Governments, see section 6 of Act 9 of 1911."
        },
        "Page 8": {
            "0": "1. For rules made under section 26 conjointly with sections 28 and 36,  see Gazette of India, 1888, Part. I, p. 336 and differentlocal Rules and orders. All rules made by the G.G. in C. under this Act, before 1911, shall be deemed to have been made bythe State Government, see section 6 of Act 9 of 1911.",
            "1": "2. Subs. by Act 9 of 1911, s. 3 for \u201cG.G. in C.\u201d.",
            "2": "3. Subs. by the Adaptation of Laws (No. 2), Order 1956, for \u201ca Part A State or a Part C State\u201d.",
            "3": "4. Subs. by Act 16 of 1890, s. 1, for \u201cwithin one year from the date on which this Act comes into force\u201d.",
            "4": "5. Certain words including the proviso which was inserted by Act 38 of 1920, s. 2 and the Schedule, omitted by the A.O. 1950.",
            "5": "6. Subs. by Act 38 of 1920, s. 2 and the First Schedule, for sub-section (1).",
            "6": "7. Certain words omitted by the A.O. 1950.",
            "7": "8. The words \u201cor he, as the case may be,\u201d rep. by the A.O. 1937."
        },
        "Page 9": {
            "0": "1. Subs. by Act 38 of 1920, s. 2 and Sch. 1, for \u201cG.G. in C\u201d.",
            "1": "2. Section 35A was added by the Births, Death and Marriages Registration Act, (1886) Amendment Act, 1890 (16 of 1890), s. 2,which was repealed by the Devolution Act, 1920 (38 of 1920), s. 3 and the Second Schedule. The present sub-section (1) wassubs. for the original sub-section by the Devolution Act, 1920 (38 of 1920), s. 2 and the First Schedule, and sub-section (2),was inserted by the Repealing and Amending Act, 1934 (24 of 1934), s. 2 and the First Schedule.",
            "2": "3. The words \u201cThe Central Government or\u201d omitted by the A.O. 1950.",
            "3": "4. Subs. by the A.O. 1937, for \u201cif he or it thinks fit, may by notification in the Gazette of India or the local Official Gazette, as thecase may be\u201d.",
            "4": "5. For Commissioners appointed under this section, see Gazette of India, 1890, Pt. I, p. 744.",
            "5": "6. Subs. by Act 9 of 1911, s. 4, for section 36.",
            "6": "7. Subs. by the A.O. 1937, for sub-section (1).",
            "7": "8. The words \u201cand the Central Government for British subjects in Indian States\u201d omitted by the A.O. 1950."
        }
    }
}