{
    "Act Title": "THE LIVE-STOCK IMPORTATION ACT, 1898",
    "Act ID": "ACT NO. 9 OF 1898",
    "Enactment Date": "[12th August, 1898]",
    "Act Definition": {
        "0": "An Act to make better provision for the regulation of the importation of livestock 2[and live- stock products].",
        "1": "WHEREAS it is expedient to make better provision for the regulation of the importation or live- stock which is liable to be affected by infectious or contagious disorders"
    },
    "Sections": {
        "Section 1.": {
            "heading": "Short title and local extent.",
            "paragraphs": {
                "0": "(1) This Act may be called the Live-stock Importation Act, 1898.",
                "1": "3[(2) It extends to the whole of India 4***;] 5***,",
                "2": "6* * * * *"
            }
        },
        "Section 2.": {
            "heading": "Definitions.",
            "paragraphs": {
                "0": {
                    "text": "In this Act unless there is anything repugnant in the subject or context,\u2014",
                    "contains": {
                        "0": "(a) the expression \u201cinfectious or contagious disorders\u201d includes tick-pest, anthrax, glanders, farcy, scabies and any other disease or disorder which may be specified by the Central Government by notification in the Official Gazette; and",
                        "1": "(b) \u201clive-stock\u201d includes horses, kine, camels, sheep and any other animal which may be specified by the Central Government by notification in the Official Gazette ;",
                        "2": "7[(c) \u201cimport\u201d means the bringing or taking, by sea, land or air into 8[India].]",
                        "3": "9[(d) \u201clive-stock products\u201d include meat and meat products of all kinds includ\u00ading fresh, chilled and frozen meat, tissue, organs of poultry, pig, sheep, goat; egg and egg powder, milk and milk products; bovine, ovine and caprine, embryos, ova, semen; pet food products of animal origin and any other animal product which may be specified by the Central Government by notification in the Official Gazette.]"
                    }
                }
            }
        },
        "Section 3.": {
            "heading": "Power to regulate importation of live-stock.",
            "paragraphs": {
                "0": "(1) The Central Government may, by notification in the Official Gazette, regulate, restrict or prohibit, in such manner and to such extent as it may think fit, 10[the import], into 7[India] or any specified place therein, of any livestock which may be liable to be affected by infectious or contagious disorders, and of any fodder, dung, stable-litter, clothing harness or fittings appertaining to live-stock or that may have been in contact therewith.",
                "1": "11[(2) A notification issued under sub-section (1) or under section 3A shall operate as if it has been issued under section 11 of the Customs Act, 1962 (52 of 1962) and the officers of the customs at every port, airport, Inland Container Depot and Land Customs Station shall have the same powers in respect of any live-stock or live stock product or thing with regard to the importation of which such a notification has been issued and the vessel, aircraft, vehicle and other mode of conveyance containing the same, as they have for the time being in respect of any article the importation of which is regulated, restricted or prohibited by the law relating to customs and the vessel, aircraft, vehicle and other mode of conveyance containing the same; and the enactments for the time being in force relating to customs or any such article or vessel, aircraft, vehicle and other mode of conveyance shall apply accordingly.]"
            }
        },
        "Section 3A.": {
            "heading": "Power to regulate Importation of live-stock products.",
            "paragraphs": {
                "0": "The Central Government may, by notification in the Official Gazette, regulate, restrict or prohibit in such manner and to such extent as it may think fit, the import into the territories to which this Act extends, of any live-stock product, which may be liable to affect human or animal health.]"
            }
        },
        "Section 4.": {
            "heading": "Power of State Government to make rules.",
            "paragraphs": {
                "0": "(1) The State Government may 2*** make rules rules for the detention, inspection, disinfection of destruction of imported live-stock, and of fodder, dung, stable-litter, clothing harness or fittings appertaining to imported live-stock or that may have been in contact therewith and for regulating the powers and duties of the officers whom it may appoint in this behalf.",
                "1": "(2) In making any rule under this section the State Government may direct that a breach thereof shall be punishable with fine which may extend to one thousand rupees."
            }
        },
        "Section 5.": {
            "heading": "Protection to persons acting under Act.",
            "paragraphs": {
                "0": "No suit, prosecution or other legal proceeding shall lie against any person for anything in good faith done or intended to be done under this Act."
            }
        }
    },
    "Schedule": {},
    "Annexure": {},
    "Appendix": {},
    "Forms": {},
    "Footnotes": {
        "Page 2": {
            "0": "1. The  Act  has  been  extended  to  Goa,  Daman  and  Diu,  with  modifications  by  Reg.  12  of  1962,  s. 3  and  Schedule  and toPondicherry (w. e. f. 1-10-1963) by Reg. 7 of 1963, s. 3 and the First Schedule.",
            "1": "2. Ins. by Act 28 of 2001, s. 2 (w.e.f. 5-7-2001).",
            "2": "3. Subs. by Act 40 of 1953, s. 2, for sub-section (2).",
            "3": "4.  The  words  \u201cexcept  the  State  of  Jammu  and  Kashmir\u201d  omitted  by  Act  62  of  1956,  s.  2  and  the  Schedule(w.e.f.1-11-1956).",
            "4": "5. The word \u201cand\u201d rep. by Act 10 of 1914, s. 3 and the Second Schedule.",
            "5": "6. Sub-section (3) rep. by s. 3 and the Second Schedule ibid.",
            "6": "7. Ins. by Act 40 of 1953, s. 3.",
            "7": "8. Subs. by Act 62 of 1956, s. 2 and the Schedule for \u201cthe territories to which this Act extends\u201d (w.e.f.1-11-1956).",
            "8": "9. Ins. by Act 28 of 2001, s. 3 (w.e.f. 5-7-2001).10. Subs. by Ad 40 of 1953, s. 4, for \u201cthe bringing or taking, by sea or land \u201d.11. Subs. by Act 28 of 2001, s. 4, for sub-section (2) (w.e.f. 5-7-2001)."
        },
        "Page 3": {
            "0": "1. Ins. by Act 28 of 2001, s. 5 (w.e.f. 5-7-2001).",
            "1": "2. The words \u201csubject to the control of the Governor-General in Council\u201d omitted by the A.O.1937."
        }
    }
}