{
    "Act Title": "THE INDIAN BAR COUNCILS ACT, 1926",
    "Act ID": "ACT NO. 38 OF 1926",
    "Enactment Date": "[9th September, 1926.]",
    "Act Definition": {
        "0": "An Act to provide for the constitution of Bar Councils 2**** and for other purposes.",
        "1": "WHEREAS it is expedient to provide for the constitution and incorporation of Bar Councils for certain Courts 2*** to confer powers and impose duties on such Bar Councils, and to consolidate and amend the law relating to legal practioners entitled to practice in such Courts."
    },
    "Chapters": {
        "0": {
            "Name": "PRELIMINARY",
            "Sections": {
                "Section 1.": {
                    "heading": "Short title, extent and application.",
                    "paragraphs": {
                        "0": "(1) This Act may be called the Indian Bar Councils Act, 1926.",
                        "1": "3[(2) It extends to the whole of India except the State of Jammu and Kashmir*, and shall apply to the High Court of 4[every State] other than the State of Jammu and Kashmir* and also to such Judicial Commissioners Courts in 5[Union territories] as the Central Government may, by notification in the Official Gazette, declare to be High Courts to which this Act applies.]",
                        "2": "6* * * * *"
                    }
                },
                "Section 2.": {
                    "heading": "Interpretation.",
                    "paragraphs": {
                        "0": {
                            "text": "[(1)] In this Act, unless there is anything repugnant in the subject or context, \u2014",
                            "contains": {
                                "0": "(a) \u201cadvocate\u201d means an advocate entered in the roll of advocates of a High Court under the provisions of this Act;",
                                "1": "(b) \u201cAdvocate-General\u201d includes, where there is no Advocate-General, the Government Advocate and, where there is no Advocate-General or Government Advocate, such officer as the State Government may declare to be the Advocate-General for the purposes of this Act;",
                                "2": "(c) \u201cHigh Court\u201d means a High Court to which this Act applies; and",
                                "3": "(d) \u201cprescribed\u201d means prescribed by rules made under this Act."
                            }
                        },
                        "1": "8[(2) In this Act \u201cthe State Government\u201d means, in relation to any High Court, the State Government of the State in which the High Court has its principal seat.]"
                    }
                }
            }
        },
        "1": {
            "Name": "CONSTITUTION OF BAR COUNCILS",
            "Sections": {
                "Section 3.": {
                    "heading": "Constitution and incorporation of Bar Councils.",
                    "paragraphs": {
                        "0": "(1) For every High Court a Bar Council shall be constituted in the manner hereinafter provided.",
                        "1": "(2) Every Bar Council so constituted shall be a body corporate having perpetual succession and a common seal with power to acquire and hold property, both movable and immovable, and to contract, and shall by the name of the Bar Council of the High Court for which it has been constituted sue and be sued."
                    }
                },
                "Section 4.": {
                    "heading": "Composition of Bar Councils.",
                    "paragraphs": {
                        "0": {
                            "text": "(1) Every Bar Council shall consist of fifteen members, of whom\u2014",
                            "contains": {
                                "0": "(a) one shall be the Advocate-General;",
                                "1": "(b) four shall be persons nominated by the High Court, of whom not more than two may be Judges of that Court; and",
                                "2": "(c) ten shall be elected by the advocates of the High Court from amongst their number."
                            }
                        },
                        "1": "(2) of the elected members of every Bar Council not less than five shall be persons who have for not less than ten years been entitled as of right to practise in the High Court for which the Bar Council has been constituted.",
                        "2": "2[Explanation.\u2014For the purpose of election to the Bar Council for the High Court of Gujarat, the period of ten years aforesaid shall be computed after taking into account the period for which the person concerned was entitled as of right to practise in the High Court of Bombay or of Saurashtra or in the Judicial Commissioner\u2019s Court of Kutch before the 1st day of May, 1960.]",
                        "3": "(3) of the elected members of the Bar Councils to be constituted for the High Courts of Judicature at Fort William in Bengal and at Bombay such proportion as the High Court may direct in each case shall be persons who have, for such minimum period as the High Court may determine, been entitled to practise in the High Court in the exercise of its original jurisdiction, and such number as may be fixed by the High Court out of the said proportion shall be barristers of England or Ireland or members of the Faculty of Advocates in Scotland.",
                        "4": "(4) There shall be a Chairman and Vice-Chairman of each Bar Council elected by the Council in such manner as may be prescribed:",
                        "5": "3[Provided that the Advocates-General of West Bengal, Madras Maharashtra and Gujarat shall be Chairmen ex officio, respectively, of the Bar Councils constituted for the High Courts of those States.]"
                    }
                },
                "Section 5.": {
                    "heading": "Special provisions regarding constitution of first Bar Councils.",
                    "paragraphs": {
                        "0": "(1) Notwithstanding anything contained in clause (c) of sub-section (1) of section 4, the elected members of the first Bar Council constituted under this Act for any High Court shall be elected by and from amongst the advocates, vakils and pleaders who are on the date of the election entitled as of right to practice in the High Court.",
                        "1": "(2) The terms of office of the nominated and elected members of any such first Bar Council shall be three years from the date of the first meeting of the Council."
                    }
                },
                "Section 5A.": {
                    "heading": "Ad hoc Bar Council for Gujarat High Court.",
                    "paragraphs": {
                        "0": "Notwithstanding anything contained in this Act, the Chief Justice of the High Court of Gujarat shall nominate the members of the first Bar Council under this Act for the High Court of Gujarat and the members so nominated shall remain in office for a period of twelve months."
                    }
                },
                "Section 6.": {
                    "heading": "Power to make rules regarding constitution and procedure of Bar Councils.",
                    "paragraphs": {
                        "0": {
                            "text": "(1) Rules, consistent with this Act, may be made to provide for the following matters, namely:\u2014",
                            "contains": {
                                "0": "(a) the manner in which elections of members of the Bar Council shall be held; the method of determining, in accordance with the provisions of sub-sections (2) and (3) of section 4, the candidates who shall be declared to have been elected; the manner in which the result of elections shall be published; and the manner in which and the authority by which doubts and disputes as to the validity of an election shall be finally decided;",
                                "1": "(b) the terms of office of nominated and elected members of the Council;",
                                "2": "(c) the filling of casual vacancies in the Council;",
                                "3": "(d) the convening of meetings of the Council, and the quorum necessary for the transaction of business thereat;",
                                "4": "(e) the manner of election and the respective terms of office of the Chairman, in cases where the Chairman is to be elected, and of the Vice-Chairman; and",
                                "5": "(f) any matter incidental or ancillary to any of the foregoing matters."
                            }
                        },
                        "1": "(2) The first rules under this section shall be made by the High Court, but the Bar Council may thereafter, with the previous sanction of the High Court, add to, amend or rescind any rules so made.",
                        "2": "(3) No election of a member or members to the Council shall be called in question on the ground that due notice thereof has not been given to any person entitled to vote thereat, if notice of the date fixed for the election has, not less than thirty days before that date, been published in the Official Gazette of the State, or of each State, as the case may be, in which the High Court exercises jurisdiction.",
                        "3": "(4) Rules made under clause (b) of sub-section (1) may provide for the retirement of members from office by rotation and for the manner in which the order of such retirement shall be determined."
                    }
                },
                "Section 7.": {
                    "heading": "Power of Bar Council to make bye-laws.",
                    "paragraphs": {
                        "0": {
                            "text": "The Bar Council may make bye-laws consistent with this Act and any rules made there under to provide for any of the following matters, namely:\u2014",
                            "contains": {
                                "0": "(a) the appointment of such ministerial officers and servants as the Bar Council may deem necessary, and the pay and allowances and other conditions of service of such officers and servants; and",
                                "1": "(b) the appointment and constitution of Committees of the Council, the procedure of such Committees, and the determination of the powers or duties of the Council which may be delegated to such Committees."
                            }
                        }
                    }
                }
            }
        },
        "2": {
            "Name": "ADMISSION AND ENROLMENT OF ADVOCATES",
            "Sections": {
                "Section 8.": {
                    "heading": "Enrolment of advocates.",
                    "paragraphs": {
                        "0": "(1) No person shall be entitled as of right to practice in any High Court, unless his name is entered in the roll of the advocates of the High Court maintained under this Act:",
                        "1": "Provided that nothing in this sub-section shall apply to any attorney of the High Court.",
                        "2": {
                            "text": "(2) The High Court shall prepare and maintain a roll of advocates of the High Court in which shall be entered the names of\u2014",
                            "contains": {
                                "0": "(a) all persons who were, as advocates, vakils or pleaders, entitles as of right to practise in the High Court immediately before the date on which this section comes into force in respect thereof; and",
                                "1": "(b) all other persons who have been admitted to be advocates of the High Court under this Act:",
                                "2": "Provided that such persons shall have paid in respect of enrolment the stamp-duty, if any, chargeable under the Indian Stamp Act, 1899 (2 of 1899), and a fee, payable to the Bar Council, which shall be ten rupees in the case of the persons referred to in clause (a), and in other cases such amount as may be prescribed. 1[(3) Entries in the roll shall be made in the order of seniority, and such seniority shall be determined as follows, namely:\u2014",
                                "3": "(a) all such persons as are referred to in clause (a) of sub-section (2) shall be entered first in the order in which they were respectively entitled to seniority inter se immediately before the date on which this section comes into force in respect of the High Court; and",
                                "4": "(b) the seniority of any other person admitted to be an advocate of the High Court under this Act after that date shall be determined by the date of his admission or, if he is a barrister, by the date of his admission or the date on which he was called to the Bar, whichever date is earlier:",
                                "5": "Provided that, for the purposes of clause (b), the seniority of a person who before his admission to be an advocate was entitled as of right to practice in another High Court shall be determined by the date on which he became so entitled."
                            }
                        },
                        "3": "(4) The respective rights of pre-audience of advocates of the High Court shall be determined by seniority:",
                        "4": "Provided that the Advocate-General shall have pre-audience overall other advocates2***.]",
                        "5": "3[(5)] The High Court shall issue a certificate of enrolment to every person enrolled under this section.",
                        "6": "3[(6)]High Court shall send to the Bar Council a copy of the roll as prepared under this section, and shall thereafter communicate to the Bar Council all alterations in, and additions to, the roll as soon as the same have been made.",
                        "7": "3[(7)] The Bar Council shall enter in the copy of the roll all alterations and additions so communicated to it.]"
                    }
                },
                "Section 9.": {
                    "heading": "Qualifications and admission of advocates.",
                    "paragraphs": {
                        "0": "4(1) The Bar Council may, with the previous sanction of the High Court, make rules to regulate the admission of persons to be advocates of the High Court:",
                        "1": "Provided that such rules shall not limit or in any way affect the power of the High Court to refuse admission to any person at its discretion.",
                        "2": {
                            "text": "4(2) In particular and without prejudice to the generality of the foregoing power, such rules shall provide for the following matters, namely:\u2014",
                            "contains": {
                                "0": "(a) the qualifications to be possessed by persons applying for admission as advocates;",
                                "1": "(b) the form and manner in which applications shall be made to the High Court for admission;",
                                "2": "(c) the giving of notice by the High Court to the Bar Council of all such applications;",
                                "3": "(d) the hearing by the High Court of any objection preferred on behalf of the Bar Council to the admission of any applicant; and",
                                "4": "(e) the charging of fees payable to the Bar Council in respect of enrolment."
                            }
                        },
                        "3": "4(3) Rules made under this section shall provide that no woman shall be disqualified for admission to be an advocate by reason only of her sex.",
                        "4": "(4) Nothing in this section or in any other provision of this Act shall be deemed to limit or in any way affect the powers of the High Courts of Judicature at Fort William in Bengal and at Bombay to prescribe the qualifications to be possessed by persons applying to practise in those High Courts respectively in the exercise of their original jurisdiction or the powers of those High Courts to grant or refuse, as they think fit, any such applications 1[or to prescribe the conditions under which such person shall be entitled to practice or plead.]"
                    }
                }
            }
        },
        "3": {
            "Name": "MISCONDUCT",
            "Sections": {
                "Section 10.": {
                    "heading": "[Repealed.].",
                    "paragraphs": {
                        "0": "[Punishment of advocate for misconduct.]Rep. by the Advocates Act, 1961 (25 of 1961), s. 50(4) (w.e.f. 1-9-1963)."
                    }
                },
                "Section 11.": {
                    "heading": "[Repealed.].",
                    "paragraphs": {
                        "0": "[Tribunal of Bar Council.] Rep. by s. 50(4), ibid. (w.e.f. 1-9-1963)."
                    }
                },
                "Section 12.": {
                    "heading": "[Repealed.].",
                    "paragraphs": {
                        "0": "[Procedure in inquiries.] Rep. by s. 50(4),ibid. (w.e.f. 1-9-1963)."
                    }
                },
                "Section 13.": {
                    "heading": "[Repealed.].",
                    "paragraphs": {
                        "0": "[Powers of the Tribunal and Courts in inquiries.] Rep. by s. 50(4),ibid. (w.e.f. 1-9-1963)."
                    }
                }
            }
        },
        "4": {
            "Name": "MISCELLANEOUS",
            "Sections": {
                "Section 14.": {
                    "heading": "Right of advocates to practise.",
                    "paragraphs": {
                        "0": {
                            "text": "(1) An advocate shall been titled as of right to practise\u2014",
                            "contains": {
                                "0": "(a) subject to the provisions of sub-section (4) of section 9, in the High Court of which he is an advocate, and",
                                "1": "(b) save as otherwise provided by sub-section (2) or by or under any other law for the time being in force in any other Court 2*** and before any other Tribunal or person legally authorized to take evidence, and",
                                "2": "(c) before any other authority or person before whom such advocate is by or under the law for the time being in force entitled to practise."
                            }
                        },
                        "1": "(2) Where rules have been made by any High Court within the meaning of clause (24) of section 3 of the General Clauses Act, 1897(10 of 1897), or in the case of a High Court for which a Bar Council has been constituted under this Act, by such Bar Council under section 15, regulating the conditions subject to which advocates of other High Courts may be permitted to practise in the High Court, such advocates shall not be entitled to practice therein otherwise than subject to such conditions.",
                        "2": "(3) Nothing in this section shall be deemed to limit or in anyway affect the power of the High Court of Judicature at Fort William in Bengal or of the High Court of Judicature at Bombay to make rules determining the persons who shall be entitled respectively to plead and to act in the High Court in the exercise of its original jurisdiction."
                    }
                },
                "Section 15.": {
                    "heading": "General power of Bar Councils to make rules.",
                    "paragraphs": {
                        "0": {
                            "text": "A Bar Council may, with the previous sanction of the High Court for which it is constituted, make rules consistent with this Act to provide for and regulate any of the following matters, namely:\u2014",
                            "contains": {
                                "0": "(a) the rights and duties of the advocates of the High Court and their discipline and professional conduct;",
                                "1": "(b) the conditions subject to which advocates of other High Courts may be permitted to practise in the High Court;",
                                "2": "(c) the giving of facilities for legal education and training and the holding and conduct of examinations by the Bar Council;",
                                "3": "(d) the charging of fees payable to the Bar Council in respect of the enjoyment of educational facilities provided, or of the right to appear at examinations held, by the Bar Council;",
                                "4": "(e) the investment and management of the funds of the Bar Council; and",
                                "5": "(f) any other matter in respect of which the High Court may require rules to be made under this section."
                            }
                        }
                    }
                },
                "Section 16.": {
                    "heading": "Power to fix fees payable as costs.",
                    "paragraphs": {
                        "0": "The High Court shall make rules for fixing and regulating by taxation or otherwise the fees payable as costs by any party in respect of the fees of his adversary\u2019s advocate upon all proceedings in the High Court or in any Court subordinate thereto."
                    }
                },
                "Section 17.": {
                    "heading": "Indemnity against legal proceedings.",
                    "paragraphs": {
                        "0": "No suit or other legal proceeding shall lie against a Bar Council or any Committee, Tribunal or member of a Bar Council for any act in good faith done or intended to be done in pursuance of the provisions of this act or of any rule made there under."
                    }
                },
                "Section 18.": {
                    "heading": "Publication of rules.",
                    "paragraphs": {
                        "0": "All rules made under this Act shall be published in the Official Gazette of the State, or of each State, as the case may be, in which the High Court by which or with whose sanction the rules are made exercises jurisdiction."
                    }
                },
                "Section 19.": {
                    "heading": "Amendment of enactments, etc.",
                    "paragraphs": {
                        "0": "(1) When sections 8 to 16 come into force in respect of any High Court, any enactment mentioned in the first column of the Schedule which is in force in any State in which the High Court exercises jurisdiction shall, for the purpose of its application to that State, be amended to the extent and in the manner specified in the second column of the Schedule.",
                        "1": "(2) When sections 8 to 16 come into force in respect of any High Court of Judicature established by Letters Patent, this Act shall have effect in respect of such Court notwithstanding anything contained in such Letters Patent, and such Letters Patent shall, in so far as they are inconsistent with this Act or any rules made thereunder, be deemed to have been repealed.",
                        "2": "(3) When sections 8 to 16 come into force in respect of the High Court of Judicature at Bombay, the Bombay Pleaders\u2019 Act, 1920 (Bom. Act 17 of 1920) except section 7 thereof, shall cease to apply to or in respect of any person enrolled as an advocate of the High Court under this Act, and nothing in that Act shall be deemed to authorise the admission or enrolment of any person as a vakil or pleader of the High Court.",
                        "3": "(4) When this Act has come into force in respect of any High Court, any provision of any other enactment or any order, scheme, rule, form or bye-law made thereunder, which was before that date applicable to advocates, vakils or pleaders entitled to practise in such High Court shall, unless such a construction is repugnant to the context or to any provision made by or under this Act, be construed as applying to advocates of the High Court enrolled under this Act."
                    }
                },
                "Section 20.": {
                    "heading": "Transitional provision regarding certain Bar Councils affected by States\u2019 reorganisation.",
                    "paragraphs": {
                        "0": "(1) The Bar Councils for the High Courts of the States of Bombay, Madhya Pradesh, Mysore, Punjab, Rajasthan and Travancore-Cochin functioning immediately before the 1stday of November, 1956, shall be deemed to be the Bar Councils for the High Courts of the corresponding new States of Bombay, Madhya Pradesh, Mysore, Punjab, Rajasthan and Kerala, respectively.",
                        "1": {
                            "text": "(2) As from the said day,\u2014",
                            "contains": {
                                "0": "(a) the Bar Councils for the High Courts of Hyderabad and Saurashtra shall stand dissolved, and",
                                "1": "(b) the assets and liabilities of the Bar Council for the High Court of Hyderabad shall stand transferred to, the Bar Councils for the High Courts of Andhra Pradesh, Bombay and Mysore and be divided among them in such proportion as may be agreed upon, and in default of such agreement, in the proportion of 57:61:27.81:14:58.]"
                            }
                        }
                    }
                }
            }
        }
    },
    "Schedule": {
        "THE SCHEDULE": {
            "0": {
                "text": "THE SCHEDULE",
                "contains": {
                    "0": "(See section 9)"
                }
            },
            "1": "AMENDMENT OF ENACTMENTS",
            "2": "Enactments amended Extent and manner of amendment",
            "3": {
                "text": "The Legal Practioners Act, 1879. (1) In section 4, after the words \u201cwith the permission of the Court\u201d the words and figures \u201cor the in the case of a High Court in respect of which the Indian Bar Councils Act, 1926, is in force, subject to rules made under that Act\u201d shall be inserted.",
                "contains": {
                    "0": "(2) In section 6, clauses (a) and (b), after the words \u201cRoyal Charter\u201d the words and figures \u201cin respect of which, the Indian Bar Councils Act, 1926, is not in force\u201d shall be inserted.",
                    "1": "(3) To section 38 the following words and figures shall be added, namely\u2014",
                    "2": "\u201cand except as provided by section 36, nothing in this Act applies to persons enrolled as advocates of any High Court under the Indian Bar Council Act, 1926\u201d.",
                    "3": "(4) In section 41, sub-section (1), after the words \u201cRoyal Charter\u201d the words and figures \u201cin respect of which, the Indian Bar Councils Act, 1926, is not in force\u201d shall be inserted."
                }
            },
            "4": "The Indian Stamp Act, 1899 In Article 30 of the First Schedule after the words \u201cHigh Court,\u201d where they first occur, the words and figures \u201cunder the Indian Bar Councils Act, 1926, or\u201d shall be inserted.",
            "5": "The Madras Stamp (Amendment) Act, 1922. In Article 25 of Schedule 1A, after the words \u201cHigh Court\u201d where they first occur, the words and figures \u201cunder the Indian Bar Councils Act, 1926, or\u201d shall be inserted.",
            "6": "The Bengal Stamp (Amendment) Act, 1922 In Article 30 of Schedule IA, after the words \u201cHigh Court.\u201d Where they first occur, the words and figures \u201cunder the Indian Bar Councils Act, 1926. or\u201d shall be inserted.",
            "7": "The Indian Stamp (Punjab Amendment) Act, In Article 30 of Schedule IA, after the words 1922. \u201cHigh Court.\u201d Where they first occur, the words and figures \u201cunder the Indian Bar Councils Act, 1926, or\u201d shall be inserted.",
            "8": "The Assam Stamp (Amendment) Act, 1922 In Article 30 of Schedule IA, after the words \u201cHigh Court.\u201d Where they first occur, the words and or\u201d shall be inserted."
        }
    },
    "Annexure": {},
    "Appendix": {},
    "Forms": {},
    "Footnotes": {
        "Page 2": {
            "0": "1. This Act has been amended in its application to\u2014(1) the High Court of Judicature at Nagpur by the C.P. and Berar Act 24 of 1939:(2)  The Province of Madras by Mad. Act 9 of 1947.",
            "1": "2. The words \u201cin the Provinces of India\u201d omitted by the A.O. 1950.",
            "2": "3. Subs. by Act 3 of 1951, s. 3 and the Schedule, for sub-section (2).",
            "3": "4. Subs. by the Adaptation of Laws (No.2) Order, 1956, for \u201cevery Part A State and of every Part B State\u201d.",
            "4": "5. Subs., ibid., for \u201cPart C States\u201d.",
            "5": "6. Sub-section (3) omitted, ibid.Ss. 1, 2, 17, 18 and 19 came into force at once. The rest of the Act came into force in respect of\u2014(i) the Calcutta High Court, ss. 3 to 7 from 1st March, 1928 (see Gazette of India, 1928, Pt. I, p. 325) and ss. 8 to 16 from IstJuly 1928 (see ibid., p. 382);(ii) the Madras High Court, from 16th July, 1928 (see ibid., p. 382);(iii) the Bombay High Court from 1st January, 1929 (see ibid., p. 714);(iv) the Allahabad High Curt form 1st June, 1928 (see ibid., p. 400);(v) the Patna High Court from 1st January, 1929 (see ibid., p. 703);(vi) the Oudh Chief Court from 1st March, 1928 (see ibid., p. 325);(vii) the Nagpur High Court, ss. 3 to 7 from 1st January, 1937 and ss. 8 to 16 from 1st April, 1937, see Gazette of India,1936, Pt. I, p. 1170).",
            "6": "7. Section 2 renumbered as sub-section (1) of that section by the A.O. 1937.",
            "7": "8. Ins. ibid.*. Vide Notification No. S.O. 3912 (E), dated 30th October, 2019, this Act is made applicable to the Union territory of Jammu and Kashmir andthe Union territory of Ladakh."
        },
        "Page 3": {
            "0": "1. The Provisions of sections 3 to 7, sub-sections (1), (2) and (3) of section 9, section 15 and section 20, shall stand repealed inthe territory for which the State Bar Council is constituted vide 25 of 1961, s. 50 (1).",
            "1": "2. Ins. by At 11 of 1960, s. 72.",
            "2": "3. Subs. by s. 72, ibid., for the proviso."
        },
        "Page 4": {
            "0": "1. The provisions of sections 3 to 7, sub-sections (1), (2) and (3) of section 9, section 15 and section 20, shall stand repealed inthe territory for which the State Bar Council is constituted vide 25 of 1961, s. 50 (1)."
        },
        "Page 5": {
            "0": "1. Ins. by Act 13 of 1927, s. 2.",
            "1": "2. The words \u201cand King\u2019s Counsel shall have pre-audience over all advocates except the Advocate-General\u201d omitted by Act 3 of1951, s. 3 and Schedule.",
            "2": "3. Sub-section (3), (4) and (5) re-numbered as sub-section (5), (6) and (7) respectively by Act 13 of 1927, s. 2.",
            "3": "4. The provisions of sections 3 to 7, sub-section (1), (2) and (3) of section 9, section 15 and section 20, shall stand repealed in theterritory for which the State Bar Council is constituted vide Act 25 of 1961, s. 50(1)."
        },
        "Page 6": {
            "0": "1. Ins. by Act 13 of 1927, s. 3.",
            "1": "2. The words \u201cin the Provinces\u201d omitted by the A.O. 1950.",
            "2": "3. The provisions of sections 3 to 7, sub-sections (1), (2) and (3) of section 9, section 15 and section 20, shall stand repealed inthe territory for which the State Bar Council is constituted vide Act 25 of 1961, s. 50(1)."
        },
        "Page 7": {
            "0": "1. Ins. by the Adaptation of Laws (No. 2) Order, 1956.",
            "1": "2. The provisions of sections 3 to 7, sub-section (1), (2) and (3) of section 9, section 15 and section 20, shall stand repealed in theterritory for which the State Bar Council is constituted vide Act 25 of 1961, s. 50(1)."
        }
    }
}