{
    "Act Title": "THE MUSLIM PERSONAL LAW (SHARIAT) APPLICATION ACT, 1937",
    "Act ID": "ACT NO. 26 OF 1937",
    "Enactment Date": "[7th October, 1937.]",
    "Act Definition": {
        "0": "An Act to make provision for the application of the Muslim Personal Law (Shariat) to Muslims. 1***",
        "1": "WHEREAS it is expedient to make provision for the application of the Muslim Personal Law (Shariat) to Muslims 1***;"
    },
    "Sections": {
        "Section 1.": {
            "heading": "Short title and extent.",
            "paragraphs": {
                "0": "(1) This Act may be called the Muslim Personal Law (Shariat) Application Act, 1937.",
                "1": "(2) It extends to the whole of India 2 [3***]. 4*** 5"
            }
        },
        "Section 2.": {
            "heading": "Application of Personal Law to Muslims.",
            "paragraphs": {
                "0": {
                    "text": "Notwithstanding any custom or usage to the contrary, in all questions (save questions relating to agricultural land) regarding intestate succession, special property of females, including personal properly inherited or obtained under contract or gift or any other provision of Personal Law. marriage, dissolution of marriage, including talaq, ila, zihar, lian, khula and mubaraat, maintenance, dower, guardianship, gifts, trusts and trust properties, and wakfs (other than charities and charitable institutions and charitable and religious endowments) the rule of decision in cases where the parties are Muslims shall be the Muslim Personal Law (Shariat).",
                    "contains": {
                        "0": "STATE AMENDMENTS"
                    }
                },
                "1": "Kerala.",
                "2": {
                    "text": "Substitution of a new section for section 2, Central Act 26 of 1937.\u2014For section 2 of the said Act, the following section shall be substituted, namely:\u2014",
                    "contains": {
                        "0": "\u201c2. Application of personal law to Muslims.\u2014Notwithstanding any custom or usage to the contrary, in all questions regarding intestate succession, special property of females including personal property inherited or obtained under contract or gift or any other provision of personal laws, marriage, dissolution of marriage, including talaq, ila, zihar, lian, khula and mubaraat, maintenance, dower, guardianship, gifts, trusts and trust properties and wakfs (other than charities and charitable institutions and charitable and religious endowments), the rules of decision in cases where the parties are Muslims, shall be the Muslim Personal Law (Shariat).\u201d",
                        "1": "[Vide kerala Act 42 of 1963, s. 3.]"
                    }
                }
            }
        },
        "Section 3.": {
            "heading": "Power to make a declaration.",
            "paragraphs": {
                "0": {
                    "text": "(1) Any person who satisfies the prescribed authority\u2014",
                    "contains": {
                        "0": "(a) that he is a Muslim, and",
                        "1": "(b) that he is competent to contract within the meaning of section 11 of the Indian Contract Act, 1872 (9 of 1872), and",
                        "2": "(c) that he is a resident of 1[the territories to which this Act extends],"
                    }
                },
                "1": {
                    "text": "may by declaration in the prescribed form and filed before the prescribed authority declare that he desires to obtain the benefit of 2[the provisions of this section], and thereafter the provisions of section 2 shall apply to the declarant and all his minor children and their descendants as if in addition to the matters enumerated therein adoption, wills and legacies were also specified.",
                    "contains": {
                        "0": "(2) Where the prescribed authority refuses to accept a declaration under sub-section (1), the person desiring to make the same may appeal to such office as the State Government may, by general or special order, appoint in this behalf, and such officer may, if he is satisfied that the appellant is entitled to make the declaration, order the prescribed authority to accept the same."
                    }
                }
            }
        },
        "Section 4.": {
            "heading": "Rule-making power.",
            "paragraphs": {
                "0": "(1) The State Government may make rules to carry into effect the purposes of this Act.",
                "1": {
                    "text": "(2) In particular and without prejudice to the generality of the foregoing powers, such rules may provide for all or any of the following matters, namely:\u2014",
                    "contains": {
                        "0": "(a) for prescribing the authority before whom and the form in which declaration under this Act shall be made;",
                        "1": "(b) for prescribing the fees to be paid for the filing of declarations and for the attendance at private residences of any person in the discharge of his duties under this Act; and for prescribing the times at which such fees shall be payable and the manner in which they shall be levied."
                    }
                },
                "2": "(3) Rules made under the provisions of this section shall be published, in the Official Gazette and shall thereupon have effect as if enacted in this Act.",
                "3": "3[(4) Every rule made by the State Government under this Act shall be laid, as soon as it is made, before the State Legislature.]"
            }
        },
        "Section 5.": {
            "heading": "[Repealed].",
            "paragraphs": {
                "0": "[Dissolution of marriage by Court in certain circumstances.]\u2014Rep. by the Dissolution of Muslim Marriages Act, 1939 (8 of 1939), s. 6 (w.e.f. 17-3-1939)."
            }
        },
        "Section 6.": {
            "heading": "Repeals.",
            "paragraphs": {
                "0": {
                    "text": "4[The under mentioned provisions] of the Acts and Regulations mentioned below shall be repealed in so far as they are inconsistent with the provisions of this Act, namely:\u2014",
                    "contains": {
                        "0": "(1) Section 26 of the Bombay Regulation IV of 1827;",
                        "1": "(2) Section 16 of the Madras Civil Courts Act, 1873 (3 of 1873);",
                        "2": "5* * * * *",
                        "3": "(4) Section 3 of the Oudh Laws Act, 1876 (18 of 1876);",
                        "4": "(5) Section 5 of the Punjab Laws Act, 1872 (4 of 1872);",
                        "5": "(6) Section 5 of the Central Provinces Laws Act, 1875 (20 of 1875); and",
                        "6": "(7) Section 4 of the Ajmere Laws Regulation, 1877 (3 of 1877)."
                    }
                }
            }
        }
    },
    "Schedule": {},
    "Annexure": {},
    "Appendix": {},
    "Forms": {},
    "Footnotes": {
        "Page 2": {
            "0": "1. The words \u201cin the Provinces of India\u201d omitted by the Adaptation of Laws Order, 1950.",
            "1": "2. Subs. by Act 48 of 1959, s. 3 and the First Schedule for \u201cexcept the territories which, immediately before the 1st November,1956, were comprised in Part B States\u201d (w.e.f. 1-2-1960).",
            "2": "3. The words \u201cexcept the State of Jammu and Kashmir\u201d omitted by Act 34 of 2019, s. 95 and the Fifth Schedule (w.e.f. 31-10-2019).",
            "3": "4. The words \u201cexcluding the North-West Frontier Province\u201d omitted by the Indian Independence (Adaptation of Central Acts andOrdinances) Order, 1948.",
            "4": "5. In its application to Pondicherry. In section 1, after sub-section (2), the following shall be inserted\u2014\u201cProvidedinthat  nothing  containedthis  act  shall  applytothe  Renoncants  ofthe  Unionterritory  ofPondicherry.\u201d\u2014(Vide Act 26 of 1968.)The  Act  has  been  extended  to  Dadra  and  Nagar  Haveli  by  Reg.  6  of  1963,  s.  2  and  Sch.  I  and  to  the  whole  of  the  Unionterritory of Lakshadweep by Reg. 8 of 1965, s. 3 and Sch."
        },
        "Page 3": {
            "0": "1. Subs. by the Adaptation of Laws (No. 3) Order, 1956, for \u201ca Part A State or a Part C State\u201d.",
            "1": "2. Subs. by Act 16 of 1943, s. 2, for \u201cthis Act\u201d (w.e.f. 7-4-1943).",
            "2": "3. Ins. by Act 20 of 1983, s. 2 and the Schedule (w.e.f. 15-3-1984).",
            "3": "4. Subs. by Act 16 of 1943, s. 3, for \u201cProvisions\u201d (w.e.f. 7-4-1943).",
            "4": "5. Entry (3) omitted by s. 3, ibid. (w.e.f. 7-4-1943)."
        }
    }
}