{
    "Act Title": "THE DOCK WORKERS (REGULATION OF EMPLOYMENT) ACT, 1948",
    "Act ID": "ACT NO. 9 OF 1948",
    "Enactment Date": "[4th March, 1948.]",
    "Act Definition": {
        "0": "An Act to provide for regulating the employment of dock workers.",
        "1": "WHEREAS it is expedient to provide for regulating the employment of dock workers;"
    },
    "Sections": {
        "Section 1.": {
            "heading": "Short title and extent.",
            "paragraphs": {
                "0": "(1) This Act may be called the Dock Workers (Regulation of Employment) Act, 1948.",
                "1": "(2) It extends to the whole of India 2[except the State of Jammu and Kashmir*]."
            }
        },
        "Section 2.": {
            "heading": "Definitions.",
            "paragraphs": {
                "0": {
                    "text": "In this Act, unless there is anything repugnant in the subject or context, \u2014",
                    "contains": {
                        "0": "3[(a) \u201cBoard\u201d means a Dock Labour Board established under section 5A;]",
                        "1": "4[(aa) \u201ccargo\u201d includes anything carried or to be carried in a ship or other vessel;]",
                        "2": "(b) \u201cdock worker\u201d means a person employed or to be employed in, or in the vicinity of, any port on work in connection with the loading, unloading, movement or storage of cargoes, or work in connection with the preparation of ships or other vessels for the receipt or discharge of cargoes or leaving port;",
                        "3": "(c) \u201cemployer\u201d, in relation to a dock worker, means the person by whom he is employed or to be employed as aforesaid;",
                        "4": "(d) \u201cGovernment\u201d means, in relation to any major port, the Central Government and, in relation to any other port, the State Government;",
                        "5": "(e) \u201cscheme\u201d means a scheme made under this Act."
                    }
                }
            }
        },
        "Section 3.": {
            "heading": "Scheme for ensuring regular employment of workers.",
            "paragraphs": {
                "0": "(1) Provision may be made by a scheme for the registration of dock workers 5[and employers] with a view to ensuring greater regularity of employment and for regulating the employment of dock workers, whether registered or not, in a port.",
                "1": {
                    "text": "(2) In particular, a scheme may provide\u2014",
                    "contains": {
                        "0": "(a) for the application of the scheme to such classes of dock workers and employers as may be specified therein;",
                        "1": "(b) for defining the obligations of dock workers and employers subject to the fulfilment of which the scheme may apply to them and the circumstances in which the scheme shall cease to apply to any dock workers or employers;",
                        "2": "(c) for regulating the recruitment and entry into the scheme of dock workers, 6 [and the registration of dock workers and employers], including the maintenance of registers, the removal either temporarily or permanently, of names from the registers and the imposition of fees for registration;",
                        "3": "(d) for regulating the employment of dock workers, whether registered or not, and the terms and conditions of such employment, including rates of remuneration, hours of work and conditions as to holidays and pay in respect thereof;",
                        "4": "(e) for securing that, in respect of periods during which employment, or full employment, is not available for dock workers to whom the scheme applies and who are available for work, such workers will, subject to the conditions of the scheme, receive a minimum pay;",
                        "5": "(f) for prohibiting, restricting or otherwise controlling the employment of dock workers to whom the scheme does not apply and the employment of dock workers by employers to whom the scheme does not apply;",
                        "6": "1[(ff) for creating such fund or funds as may be necessary or expedient for the purposes of the scheme and for the administration of such fund or funds;]",
                        "7": "(g) for the training 2*** of dock workers, in so far as satisfactory provision therefore does not exist apart from the scheme;",
                        "8": "3[(gg) for the welfare of the officers and other staff of the Board;]",
                        "9": "4* * * * * *",
                        "10": "(i) for the manner in which, and the persons by whom, the cost of operating the scheme is to be defrayed;",
                        "11": "5[(j) for constituting 6*** the authority to be responsible for the administration of the scheme;]",
                        "12": "(k) for such incidental and supplementary matters as may necessary or expedient for the purposes of the scheme."
                    }
                },
                "2": "(3) A scheme may further provide that a contravention of any provision thereof shall be punishable with imprisonment for such term as may be specified but in no case exceeding three months in respect of a first contravention or six months in respect of any subsequent contravention, or with fine which may extend to such amount as may be specified but in no case exceeding five hundred rupees in respect of a first contravention or one thousand rupees in respect of any subsequent contravention, or with both imprisonment and fine as aforesaid."
            }
        },
        "Section 4.": {
            "heading": "Making, variation and revocation of schemes.",
            "paragraphs": {
                "0": "(1) The Government may, by notification in the Official Gazette and subject to the condition of previous publication, make one or more schemes for a port or group of ports, and may in the like manner and subject to the like condition add to, amend, vary or revoke any scheme made by it.",
                "1": "(2) The provisions of section 23 of the General Clauses Act, 1897 (10 of 1897), shall apply to the exercise of a power given by sub-section (1) as they apply to the exercise of a power given by a Central Act to make rules subject to the condition of previous publication.",
                "2": "(3) The Government may direct the port authority of any port to prepare, in accordance with such instructions as may from time to time be given to it, one or more draft schemes for the port, and the port authority shall comply with such direction."
            }
        },
        "Section 5.": {
            "heading": "Advisory Committees.",
            "paragraphs": {
                "0": "(1) The Government may, or if it decides to make any scheme under section 4, shall, constitute an Advisory Committee, to advise upon such matters arising out of the administration of this Act or any scheme made thereunder as the Government may refer to it for advice.",
                "1": "1[(2) The members of the Advisory Committee shall be appointed by the Government and shall be of such number and chosen in such manner as may be prescribed by rules made under this Act:",
                "2": {
                    "text": "Provided that the Advisory Committee shall include an equal number of members representing\u2014",
                    "contains": {
                        "0": "(i) the Government,",
                        "1": "(ii) the dock workers, and",
                        "2": "(iii) the employers of dock workers, and shipping companies.]"
                    }
                },
                "3": "(3) The Chairman of the Advisory Committee shall be one of the members appointed to represent the Government, nominated in this behalf by the Government.",
                "4": "(4) The Government shall publish in the Official Gazette the names of all members of the Advisory Committee.",
                "5": "2* * * * * *"
            }
        },
        "Section 5A.": {
            "heading": "Dock Labour Boards.",
            "paragraphs": {
                "0": "(1) The Government may, by notification in the Official Gazette, establish a Dock Labour Board for a port or group of ports to be known by such name as may be specified in the notification.",
                "1": "(2) Every such Board shall be a body corporate with the name aforesaid, having perpetual succession and a common seal with power to acquire, hold and dispose of property and to contract and may, by that name, sue and be sued.",
                "2": "(3) Every such Board shall consist of a Chairman and such number of other members as may he appointed by the Government:",
                "3": {
                    "text": "Provided that every such Board shall include an equal number of members representing\u2014",
                    "contains": {
                        "0": "(i) the Government,",
                        "1": "(ii) the dock workers, and",
                        "2": "(iii) the employers of dock workers, and shipping companies."
                    }
                },
                "4": "(4) The Chairman of a Board shall be one of the members appointed to represent the Government, and nominated in this behalf by the Government."
            }
        },
        "Section 5B.": {
            "heading": "Functions of a Board.",
            "paragraphs": {
                "0": "(1) A Board shall be responsible for administering the scheme for the port or group of ports for which it has been established and shall exercise such powers and perform such functions as may be conferred on it by the scheme.",
                "1": "(2) In the exercise of its powers and the discharge of its functions, a Board shall be bound by such directions as the Government may, for reasons to be stated in writing, give to it from time to time."
            }
        },
        "Section 5C.": {
            "heading": "Accounts and audit.",
            "paragraphs": {
                "0": "(1) Every Board shall maintain proper accounts and other relevant records and prepare an annual statement of accounts, including a balance-sheet in such form as may be prescribed by rules made under this Act.",
                "1": "(2) The accounts of the Board shall be audited annually by the Comptroller and Auditor-General of India or by such other auditors qualified to act as auditors of companies under the law for the time being in force relating to companies, as the Government may appoint.",
                "2": "(3) The auditors shall, at all reasonable times, have access to the books of accounts and other documents of the Board and may, for the purposes of the audit, call for such explanation and information as they may require or examine any member or officer of the Board.",
                "3": "(4) The auditors shall forward to the Government a copy of their report together with an audited copy of the accounts of the Board.",
                "4": "(5) The cost of the audit as determined by the Government shall be paid GUI of the funds of the Board.]"
            }
        },
        "Section 5D.": {
            "heading": "Annual report.",
            "paragraphs": {
                "0": "Every Board shall prepare, in such form and at such time in each financial year as may be specified by rules made under this Act, its annual report, giving full accounts of its activities during the previous financial year, and submit a copy thereof to the Government."
            }
        },
        "Section 5E.": {
            "heading": "Annual report and audited accounts, to be laid before Parliament or Legislature.",
            "paragraphs": {
                "0": "The annual report, and the audited accounts of the Board, together with auditor's report thereon and a review by the Government on the working of the Board, shall, within a period of nine months of the close of the financial year, be laid before each House of Parliament, if such report and accounts have been submitted to the Central Government, and before the Legislature of the State, if such report and accounts have been submitted to the State Government:",
                "1": "Provided that where such report, accounts and the review are not laid before Parliament or, as the case may be, before the Legislature of the State within the said period, the same shall be so laid thereafter along with the reasons for the delay.]"
            }
        },
        "Section 6.": {
            "heading": "Inspectors.",
            "paragraphs": {
                "0": "(1) The Government may, by notification in the Official Gazette, appoint such persons as it thinks fit to be Inspectors for the purposes of this Act at such ports as may be specified in the notification.",
                "1": "(2) Every Inspector shall be deemed to be a public servant within the meaning of the Indian Penal Code (45 of 1860).",
                "2": {
                    "text": "(3) An Inspector may, at any port for which he is appointed,\u2014",
                    "contains": {
                        "0": "(a) enter, with such assistance (if any) as he thinks fit, any premises or vessel where dock workers are employed;",
                        "1": "(b) require any authority or person to produce any register, muster-roll or other document relating to the employment of dock workers, and examine such document;",
                        "2": "(c) take on the spot or otherwise the evidence of any person for the purpose of ascertaining whether the provisions of any scheme made for the port are, or have been, complied with."
                    }
                },
                "3": "(4) The Government may, by notification in the Official Gazette, prescribed the manner in which and the persons by whom complaints regarding contravention of any provision of a scheme may be made to an Inspector and the duties of the Inspector in relation to such complaints."
            }
        },
        "Section 6A.": {
            "heading": "Power to order inquiry.",
            "paragraphs": {
                "0": "(1) The Government may, at any time, appoint any person to investigate or inquire into the working of a Board and submit a report to the Government.",
                "1": "(2) The Board shall give to the person so appointed all facilities for the proper conduct of the investigation or inquiry and furnish to him such documents, accounts or information in the possession of the Board as he may require."
            }
        },
        "Section 6B.": {
            "heading": "Power to supersede a Board.",
            "paragraphs": {
                "0": {
                    "text": "(1) If, on consideration of the report under section 6A or otherwise, the Government is of opinion\u2014",
                    "contains": {
                        "0": "(a) that, on account of a grave emergency, a Board is unable to perform its functions, or",
                        "1": "(b) that a Board has persistently made default in the discharge of its functions or has exceeded or abused its powers,"
                    }
                },
                "1": {
                    "text": "the Government may, by notification in the Official Gazette, supersede the Board for such period as may be specified in the notification:",
                    "contains": {
                        "0": "Provided that, before issuing a notification under this sub-section on any of the grounds mentioned in clause (b), the Government shall give a reasonable opportunity to the Board to show cause why it should not be superseded and shall consider the explanations and objections, if any, of the Board.",
                        "1": {
                            "text": "(2) Upon the publication of a notification under sub-section (1),\u2014",
                            "contains": {
                                "0": "(a) all the members of the Board shall, as from the date of such publication, vacate their offices as such members;",
                                "1": "(b) all the powers and functions which may be exercised or performed by the Board shall, during the period of supersession, be exercised or performed by such person as may be specified in the notification;",
                                "2": "(c) all funds and other property vested in the Board shall, during the period of supersession, vest in the Government."
                            }
                        },
                        "2": {
                            "text": "(3) On the expiration of the period of supersession specified in the notification issued under sub-section (1), the Government may\u2014",
                            "contains": {
                                "0": "(a) extend the period of supersession for such further period as it may consider necessary; or",
                                "1": "(b) re-establish the Board in the manner provided in section 5A."
                            }
                        }
                    }
                }
            }
        },
        "Section 6C.": {
            "heading": "Acts or proceeding of Board and Advisory Committee not to be invalidated.",
            "paragraphs": {
                "0": {
                    "text": "No act or proceeding of a Board or the Advisory Committee shall be invalid merely by reason of\u2014",
                    "contains": {
                        "0": "(a) any vacancy in, or any defect in the constitution of, the Board or the Advisory Committee, or",
                        "1": "(b) any defect in the appointment of a person acting as a member of the Board or the Advisory Committee, or",
                        "2": "(c) any irregularity in the procedure of the Board or the Advisory Committee not affecting the merits of the case.]"
                    }
                }
            }
        },
        "Section 7.": {
            "heading": "Cognizance of offences.",
            "paragraphs": {
                "0": "(1) No Court shall take cognizance of any offence made punishable by a scheme or of any abetment thereof, except on a report in writing of the facts constituting such offence or abetment made by an Inspector or by a person specially authorised in this behalf by the Government.",
                "1": "(2) Notwithstanding anything contained in the Code of Criminal Procedure 18981 (5 of 1898), an offence made punishable by a scheme or an abetment thereof shall be triable only by a Presidency Magistrate or a Magistrate of the first class."
            }
        },
        "Section 7A.": {
            "heading": "Offences by companies.",
            "paragraphs": {
                "0": "(1) If the person committing an offence made punishable by a scheme or any abetment thereof is a company, every person who, at the time the offence or abetment was committed, was in charge of, and was responsible to, the company for the conduct of the business of the company, as well as the company, shall be deemed to be guilty of the offence or abetment and shall be liable to be proceeded against and punished accordingly:",
                "1": "Provided that nothing contained in this sub-section shall render any such person liable to any punishment, if he proves that the offence or abetment was committed without his knowledge or that he exercised all due diligence to prevent the commission of such offence or abetment.",
                "2": "(2) Notwithstanding anything contained in sub-section (1), where an offence made punishable by a scheme or any abetment thereof has been committed by a company and it is proved that the offence or abetment has been committed with the consent or connivance of, or is attributable to any neglect on the part of, any director, manager, secretary or other officer of the company, such director, manager, secretary or other officer shall also be deemed to be guilty of that offence or abetment and shall be liable to be proceeded against and punished accordingly.",
                "3": {
                    "text": "Explanation. \u2014For the purposes of this section,\u2014",
                    "contains": {
                        "0": "(a) \u201ccompany\u201d means any body corporate and includes a firm and other association of individuals; and",
                        "1": "(b) \u201cdirector\u201d, in relation to a firm, means a partner in the firm.]"
                    }
                }
            }
        },
        "Section 8.": {
            "heading": "Power to make rules.",
            "paragraphs": {
                "0": "(1) The Government may, by notification in the Official Gazette, make rules to give effect to the provisions of this Act.",
                "1": {
                    "text": "(2) In particular and without prejudice to the generality of the forgoing power, such rules may provide for\u2014",
                    "contains": {
                        "0": "(a) the compositions of the Advisory Committee and Boards and the manner in which members of the Advisory Committee and the Boards shall be chosen;",
                        "1": "(b) the term of office of, and the manner of filling casual vacancies among, the members of a Board or the Advisory Committee;",
                        "2": "(c) the meetings of a Board and the Advisory Committee, the quorum for such meetings and the conduct of business thereat;",
                        "3": "(d) the conditions subject to which, and the mode in which, contracts may be entered into by or on behalf of a Board;",
                        "4": "(e) the allowances, if any, payable, to the members of a Board or the Advisory Committee;",
                        "5": "(f) the disqualifications for membership of a Board;",
                        "6": "(g) the form in which a Board shall prepare its annual statement of accounts and the balance- sheet."
                    }
                },
                "2": "1* * * * * *"
            }
        },
        "Section 8A.": {
            "heading": "Schemes and rules to be laid before Parliament.",
            "paragraphs": {
                "0": "Every scheme and every rule made under this Act by the Central Government shall be laid, as soon as may be after it is made, before each House of Parliament, while it is in session, for a total period of thirty days which may be comprised in one session or in two or more successive sessions, and if, before the expiry of the session immediately following the session or the successive sessions aforesaid, both Houses agree in making any modification in the scheme or rule or both Houses agree that the scheme or rule should not be made, the scheme or rule shall thereafter have effect only in such modified form or be of no effect, as the case may be; so, however, that any such modification or annulment shall be without prejudice to the validity of anything previously done under that scheme or rule.]"
            }
        },
        "Section 9.": {
            "heading": "Saving.",
            "paragraphs": {
                "0": "Every Dock Labour Board established for a port or a group of ports before the commencement of the Dock Workers (Regulation of Employment) Amendment Act, 1962 (8 of 1962), under a scheme made under section 4, and functioning as such immediately before such commencement shall be deemed to be a Board established under section 5A and, accordingly, all the provisions of this Act shall apply to every such Board.]"
            }
        }
    },
    "Schedule": {},
    "Annexure": {},
    "Appendix": {},
    "Forms": {},
    "Footnotes": {
        "Page 2": {
            "0": "1. The Act has been extended to Pondicherry by Reg. 7 of 1963, s. 3 and Schedule 1; to Goa, Daman and Diu by notification No.G.S.R.  1850,  dated  30-12-1964,  Gazette  of  India,  Extraordinary,  Part  II,  s.  3  (i),  and  to  the  whole  of  Union  territory  ofLakshadweep by reg. 8 of 1965, s. 3 and the Schedule.",
            "1": "2. Subs. by Act 3 of 1951, s. 3 and the Schedule,  for \u201cexcept part B States\u201d",
            "2": "3. Ins. by Act 8 of 1962, s. 2 (w.e.f. 1-6-1962).",
            "3": "4. Clause (a) re-lettered as clause (aa) by s. 2, ibid, (w.e.f. 1-6-1962).",
            "4": "5. Ins. by s. 3, ibid. (w.e.f. 1-6-1962).",
            "5": "6. Subs. by s. 3, ibid., for \u201cand their registration\u201d (w.e.f. 1-6-1962).*. Vide Notification No. S.O. 3912 (E), dated 30th October, 2019, this Act is made applicable to the Union territory of Jammuand Kashmir and the Union territory of Ladakh."
        },
        "Page 3": {
            "0": "1. Ins. by Act 8 of 1962, s. 3 (w.e.f. 1-6-1962).",
            "1": "2. The words \u201cand welfare\u201d omitted by Act 54 of 1986, s. 23 (w.e.f. 15-4-1987).",
            "2": "3. Ins. by Act 31 of 1970, s. 2",
            "3": "4. Omitted by Act 54 of 1986, s. 23 (w.e.f. 15-4-1987).",
            "4": "5. Subs. by Act 29 of 1949, s. 2, for clause (j).",
            "5": "6. The words \u201cwhether as a body corporate or otherwise\u201d omitted by Act 8 of 1962, s. 3 (w.e.f. 1-6-1962)."
        },
        "Page 4": {
            "0": "1. Subs. by Act 8 of 1962, s. 4, for sub-section (2) (w.e.f. 1-6-1962).",
            "1": "2. Omitted by s. 4, ibid. (w.e.f. 1-6-1962).",
            "2": "3. Ins. by s. 5, ibid. (w.e.f. 1-6-1962)."
        },
        "Page 5": {
            "0": "1. Ins. by Act 56 of 1988, s. 2."
        },
        "Page 6": {
            "0": "1. Ins. by Act 8 of 1962, s. 6 (w.e.f. 1-6-1962)."
        },
        "Page 7": {
            "0": "1. See now the Code of Criminal Procedure, 1973 (2 of 1974).",
            "1": "2. Ins. by Act 31 of 1970, s. 3.",
            "2": "3. Ins. by Act 8 of 1962, s. 7 (w.e.f. 1-6-1962)."
        },
        "Page 8": {
            "0": "1. Omitted by Act 49 of 1980, s. 4.",
            "1": "2. Ins. by s. 5, ibid."
        }
    }
}