{
    "Act Title": "THE POLICE ACT, 1949",
    "Act ID": "ACT NO. 64 OF 1949",
    "Enactment Date": "[27th December, 1949.]",
    "Act Definition": {
        "0": "An Act to provide for the constitution of a general police-district embracing two or more 2[Union territories] and for the establishment of a police force therefor.",
        "1": "WHEREAS it is expedient to provide for the constitution of a general police-district embracing two or more 2[Union territories] and for the establishment of a police force therefor;"
    },
    "Sections": {
        "Section 1.": {
            "heading": "Short title, extent and commencement.",
            "paragraphs": {
                "0": "(1) This Act may be called the Police Act, 1949.",
                "1": "(2) It extends to all the 3[Union territories].",
                "2": "(3) It shall come into force in a 4[Union territory] on such date as the Central Government may, by notification in the Official Gazette, appoint in this behalf for 5[such territory]."
            }
        },
        "Section 2.": {
            "heading": "Definition.",
            "paragraphs": {
                "0": "In this Act \u201cgeneral police-district\u201d means the general police-district constituted under section 3."
            }
        },
        "Section 3.": {
            "heading": "Constitution of general police-district embracing two or more Union territories.",
            "paragraphs": {
                "0": "Notwithstanding anything contained in the Police Act, 1861 (5 of 1861), the Central Government may, by notification in the Official Gazette, constitute a general police-district embracing two or more 2[Union territories]."
            }
        },
        "Section 4.": {
            "heading": "Constitution of one police force for general police-district.",
            "paragraphs": {
                "0": "The entire police establishment in a general police-district shall be one police force and shall consist of such number of officers and men and shall be constituted in such manner as the Central Government may, by order, direct."
            }
        },
        "Section 5.": {
            "heading": "Superintendence and administration of police.",
            "paragraphs": {
                "0": "(1) The superintendence of the police throughout a general police-district shall vest in, and be exercised by, the Central Government.",
                "1": "(2) The administration of the said police force shall vest in an officer, appointed in this behalf by the Central Government, who shall exercise in respect of that police force such of the powers exercisable by an Inspector-General of Police under the Police Act, 1861 (5 of 1861), as the Central Government may, by notification in the Official Gazette, specify in this behalf."
            }
        },
        "Section 6.": {
            "heading": "Application of the Police Act, 1861.",
            "paragraphs": {
                "0": "Save as otherwise expressly provided in this Act, the provisions of the Police Act, 1861 (5 of 1861), shall apply to the police force constituted for the general police-district as if it were one police force constituted for a State, and members of the said police force shall have, in every part of 6[any territory] which is included in the general police-district, the same powers, duties and privileges, and shall be subject to the same liabilities, as they would have had, or would have been subject to, as police officers if they had formed a police establishment under one State Government."
            }
        },
        "Section 7.": {
            "heading": "Saving.",
            "paragraphs": {
                "0": "Nothing in this Act shall be deemed to affect the provisions contained in the Delhi Special Police Establishment Act, 1946 (25 of 1946)."
            }
        }
    },
    "Schedule": {},
    "Annexure": {},
    "Appendix": {},
    "Forms": {},
    "Footnotes": {
        "Page 2": {
            "0": "1. This Act has been extended to Goa, Daman and Diu with modifications by Reg. 12 of 1962, s. 3 and the Schedule and comesinto  force  in Pondicherry  on  1-10-1963  vide  Reg.  7  of  1963,  s. 3  and  First  Schedule  in  respect  of  Dadra  and  Nagar  Haveli(w.e.f. 1-7-1965) by Reg. 6 of 1963, s. 2 and Schedule and Lakshadweep vide Reg. 8 of 1965, s. 3 and Schedule (w.e.f. 1-10-1967).",
            "1": "2. Subs. by the Adaptation of Laws (No. 3) Order, 1956, for \u201cChief Commissioners\u2019 Provinces\u201d.",
            "2": "3. Subs., ibid., for \u201cPart C States\u201d.",
            "3": "4. Subs., ibid., for \u201cPart C State.\u201d",
            "4": "5. Subs., ibid., for \u201csuch state\u201d.",
            "5": "6. Subs., ibid., for \u201cany State\u201d."
        }
    }
}