{
    "Act Title": "THE JAMMU AND KASHMIR (EXTENSION OF LAWS) ACT, 1956",
    "Act ID": "ACT NO. 62 OF 1956",
    "Enactment Date": "[25th September, 1956.]",
    "Act Definition": {
        "0": "An Act to provide for the extension of certain laws to the State of Jammu and Kashmir."
    },
    "Sections": {
        "Section 1.": {
            "heading": "Short title and commencement.",
            "paragraphs": {
                "0": "(1) This Act may be called the Jammu and Kashmir (Extension of Laws) Act, 1956.",
                "1": "(2) It shall come into force on such date1 as the Central Government may, by notification in the Official Gazette, appoint."
            }
        },
        "Section 2.": {
            "heading": "Extension and amendment of certain laws.",
            "paragraphs": {
                "0": "(1) The Acts and Ordinance mentioned in the Schedule and all rules, orders and regulations made there under are hereby extended to, and shall be in force, in the State of Jammu and Kashmir*.",
                "1": "(2) With effect from the commencement of this Acts the Act and Ordinance mentioned in the Schedule shall be amended as specified therein."
            }
        },
        "Section 3.": {
            "heading": "Construction of references to laws not in force in Jammu and Kashmir.",
            "paragraphs": {
                "0": "Any reference in any Act or in the Ordinance mentioned in the Schedule to a law which is not in force in the State of Jammu and Kashmir* shall, in relation to that State, be construed as a reference to the corresponding law, if any, in force in that State."
            }
        },
        "Section 4.": {
            "heading": "Construction of references to authorities where new authorities have been constituted.",
            "paragraphs": {
                "0": "Any reference by whatever form of words in any law for the time being in force in the State of Jammu and Kashmir* to any authority competent at the date of the passing of that law to exercise any powers or discharge any functions in that State shall, where a corresponding new authority has been constituted by or under any law now extended to that State, have effect as if it were a reference to the new authority."
            }
        },
        "Section 5.": {
            "heading": "Repeals and savings.",
            "paragraphs": {
                "0": "If immediately before the commencement of this Act there is in force in the State of Jammu and Kashmir* any law corresponding to any Act or Ordinance now extended to that State, that law shall, save as otherwise expressly provided in this Act, stand repealed on such commencement:",
                "1": {
                    "text": "Provided that the repeal shall not affect\u2014",
                    "contains": {
                        "0": "(a) the previous operation of any law so repealed or anything duly done or suffered hereunder,",
                        "1": "(b) any right, privilege, obligation or liability acquired, accrued or incurred under any law so repealed,",
                        "2": "(c) any penalty, forfeiture or punishment incurred in respect of any offence committed against any law so repealed, or",
                        "3": "(d) any investigation, legal proceeding or remedy in respect of any such right, privilege obligation, liability, penalty, forfeiture or punishment as aforesaid;"
                    }
                },
                "2": {
                    "text": "and any such investigation, legal proceeding or remedy may be instituted, continued or enforced, and any such penalty, forfeiture or punishment may be imposed, as if this Act had not been passed:",
                    "contains": {
                        "0": "Provided further that, subject to the preceding proviso, anything done or any action taken (including any appointment or delegation made, notification, instruction or direction issued, form, bye-law or scheme framed, certificate obtained, permit or licence granted or registration effected) under any such law shall be deemed to have been done or taken under the corresponding provisions of the Act or Ordinance now extended to that State, and shall continue to be in force accordingly unless and until superseded by anything done or any action taken under the said Act or Ordinance."
                    }
                }
            }
        },
        "Section 6.": {
            "heading": "Power to remove difficulties.",
            "paragraphs": {
                "0": "(1) If any difficulty arises in giving effect to the provisions of any Act or Ordinance now extended to the State of Jammu and Kashmir*, the Central Government may, by order notified in the Official Gazette, make such provisions or give such directions as appear to it necessary for the removal of the difficulty.",
                "1": {
                    "text": "(2) In particular, and without prejudice to the generality of the foregoing power, any such notified order may,\u2014",
                    "contains": {
                        "0": "(a) specify the corresponding authorities within the meaning of section 4,",
                        "1": "(b) provide for the transfer of any matter pending immediately before the commencement of this Act before any court, tribunal or other authority, to any corresponding court, tribunal or authority for disposal,",
                        "2": "(c) specify the areas or circumstances in which, or the extent to which, or the conditions subject to which, anything done or any action taken (including any of the matters specified in the second proviso to section 5) under any law repealed by that section shall be recognised or given effect to under the corresponding provision of the Act or Ordinance now extended."
                    }
                }
            }
        }
    },
    "Schedule": {
        "THE SCHEDULE": {
            "0": {
                "text": "THE SCHEDULE",
                "contains": {
                    "0": {
                        "text": "(See section 2)",
                        "contains": {
                            "0": "ACTS"
                        }
                    }
                }
            },
            "1": {
                "text": "The Opium Act, 1857",
                "contains": {
                    "0": "(13 of 1857)"
                }
            },
            "2": {
                "text": "Section 1.\u2014In sub-section (2), omit \u201cexcept the State of Jammu and Kashmir*\u201d.",
                "contains": {
                    "0": {
                        "text": "The Government Savings Banks Act, 1873",
                        "contains": {
                            "0": "(5 of 1873)"
                        }
                    }
                }
            },
            "3": {
                "text": "Section 1.\u2014Omit \u201cexcept the State of Jammu and Kashmir*\u201d.",
                "contains": {
                    "0": {
                        "text": "The Negotiable Instruments Act, 1881",
                        "contains": {
                            "0": "(26 of 1881)"
                        }
                    }
                }
            },
            "4": "Section 1.\u2014Omit \u201cexcept the State of Jammu and Kashmir*\u201d.",
            "5": "Section 3.\u2014Omit the definition of \u201cIndia\u201d.",
            "6": {
                "text": "Section 137.\u2014Omit \u201cor the State of Jammu and Kashmir*\u201d.",
                "contains": {
                    "0": {
                        "text": "The Police Act, 1888",
                        "contains": {
                            "0": "(3 of 1888)"
                        }
                    }
                }
            },
            "7": {
                "text": "Section 1.\u2014For sub-section (2), substitute\u2014",
                "contains": {
                    "0": {
                        "text": "\u201c(2) It extends to the whole of India.\u201d",
                        "contains": {
                            "0": {
                                "text": "The Indian Merchandise Marks Act, 1889",
                                "contains": {
                                    "0": "(4 of 1889)"
                                }
                            }
                        }
                    }
                }
            },
            "8": "Section 1.\u2014In sub-section (2), omit \u201cexcept the State of Jammu and Kashmir*\u201d.",
            "9": {
                "text": "Section 2.\u2014Omit clause (6).",
                "contains": {
                    "0": {
                        "text": "The Live-stock Importation Act, 1898",
                        "contains": {
                            "0": "(9 of 1898)"
                        }
                    }
                }
            },
            "10": "Section 1.\u2014In sub-section (2), omit \u201cexcept the State of Jammu and Kashmir*\u201d.",
            "11": "Section 2.\u2014In clause (c), for \u201cthe territories to which this Act extends\u201d, substitute \u201cIndia\u201d.",
            "12": {
                "text": "Section 3.\u2014In sub-section (1), for \u201cthe territories to which this Act extends\u201d, substitute \u201cIndia\u201d.",
                "contains": {
                    "0": {
                        "text": "The Indian Coinage Act, 1906",
                        "contains": {
                            "0": "(3 of 1906)"
                        }
                    }
                }
            },
            "13": "Section 1.\u2014In sub-section (2), omit \u201cexcept the State of Jammu and Kashmir*\u201d.",
            "14": {
                "text": "Section 23.\u2014For \u201cthe territories to which this Act extends\u201d, substitute \u201cIndia\u201d.",
                "contains": {
                    "0": {
                        "text": "The Indian Patents and Designs Act, 1911",
                        "contains": {
                            "0": "(2 of 1911)"
                        }
                    }
                }
            },
            "15": "Section 1.\u2014In sub-section (2), omit \u201cexcept the State of Jammu and Kashmir*\u201d.",
            "16": "Section 2.\u2014(a) To clause (1), add \u201cand in relation to the State of Jammu and Kashmir*, the Advocate-General for that State\u201d.",
            "17": "(b) Omit clause (7A).",
            "18": {
                "text": "Section 80.\u2014(a) In the opening paragraph of sub-section (1), for the portion beginning with the words \u201cIf immediately\u201d and ending with the words \u201cto which this Act extends\u201d, substitute\u2014",
                "contains": {
                    "0": {
                        "text": "\u201cIf immediately before\u2014",
                        "contains": {
                            "0": "(i) the 18th day of April, 1950, in relation to any Part B State other than the State of Jammu and Kashmir*, and",
                            "1": "(ii) the date of commencement of the Jammu and Kashmir (Extension of Laws) Act, 1956, in relation to the State of Jammu and Kashmir*,"
                        }
                    }
                }
            },
            "19": "there was in force in the Part B State concerned\u201d.",
            "20": {
                "text": "(b) In sub-section (2), after \u201cPart B States (Laws) Act, 1951,\u201d, (3 of 1951), insert \u201cor section 5 of the Jammu and Kashmir (Extension of Laws) Act, 1956,\u201d.",
                "contains": {
                    "0": {
                        "text": "The Destructive Insects and Pests Act, 1914",
                        "contains": {
                            "0": "(2 of 1914)"
                        }
                    }
                }
            },
            "21": "Section 1.\u2014In sub-section (2), omit \u201cexcept the State of Jammu and Kashmir*\u201d.",
            "22": "Section 2.\u2014Omit clause (d).",
            "23": "Omit section 4C.",
            "24": {
                "text": "Section 5A.\u2014Omit \u201cor exports or attempts to export from India to the State of Jammu and Kashmir* any article or insect in respect of which a notification under section 4C has been issued\u201d.",
                "contains": {
                    "0": {
                        "text": "The Indian Copyright Act, 1914",
                        "contains": {
                            "0": "(3 of 1914)"
                        }
                    }
                }
            },
            "25": "Section 1.\u2014In sub-section (2), omit \u201cexcept the State of Jammu and Kashmir*\u201d.",
            "26": {
                "text": "Section 2.\u2014Omit clause (1A).",
                "contains": {
                    "0": {
                        "text": "The Indian Cotton Cess Act, 1923",
                        "contains": {
                            "0": "(14 of 1923)"
                        }
                    }
                }
            },
            "27": {
                "text": "Section 1.\u2014For sub-section (2), substitute\u2014",
                "contains": {
                    "0": "\u201c(2) It extends to the whole of India:",
                    "1": "Provided that it shall not apply to the State of Jammu and Kashmir* except to the extent to which the provisions of this Act relate to the levy and collection of the cess specified therein.\u201d."
                }
            },
            "28": "Section 3.\u2014(a) In sub-section (1), for \u201cthe territories to which this Act extends\u201d, and \u201cthe said territories\u201d, substitute \u201cIndia\u201d.",
            "29": {
                "text": "(b) In sub-section (2), for \u201cthe territories to which this Act extends\u201d, substitute \u201cIndia\u201d.",
                "contains": {
                    "0": {
                        "text": "The Indian Soldiers (Litigation) Act, 1925",
                        "contains": {
                            "0": "(4 of 1925)"
                        }
                    }
                }
            },
            "30": {
                "text": "Section 1.\u2014In sub-section (2), omit \u201cexcept the State of Jammu and Kashmir*\u201d.",
                "contains": {
                    "0": {
                        "text": "The Dangerous Drugs Act, 1930",
                        "contains": {
                            "0": "(2 of 1930)"
                        }
                    }
                }
            },
            "31": "Throughout the Act, for \u201cthe States\u201d, substitute \u201cIndia\u201d.",
            "32": "Section 1.\u2014In sub-section (2), omit \u201cexcept the State of Jammu and Kashmir*\u201d.",
            "33": "Section 2.\u2014Omit clause (II).",
            "34": {
                "text": "*. Vide notification No. S.O. 3912(E), dated 30th October, 2019, this Act is made applicable to the Union territory of Jammu and Kashmir and the Union territory of Ladakh.",
                "contains": {
                    "0": {
                        "text": "The Indian Lac Cess Act, 1930",
                        "contains": {
                            "0": "(24 of 1930)"
                        }
                    },
                    "1": {
                        "text": "Section 1.\u2014For sub-section (2), substitute\u2014",
                        "contains": {
                            "0": "\u201c(2) It extends to the whole of India:",
                            "1": {
                                "text": "Provided that it shall not apply to the State of Jammu and Kashmir* except to the extent to which the provisions of this Act relate to the levy and collection of the cess specified therein.\u201d.",
                                "contains": {
                                    "0": {
                                        "text": "The Reserve Bank of India Act, 1934",
                                        "contains": {
                                            "0": "(2 of 1934)"
                                        }
                                    }
                                }
                            }
                        }
                    },
                    "2": "Section 1.\u2014In sub-section (2), omit \u201cexcept the State of Jammu and Kashmir*\u201d.",
                    "3": "Section 2.\u2014Omit clause (g).",
                    "4": {
                        "text": "After section 26, insert\u2014",
                        "contains": {
                            "0": {
                                "text": "\u201c26A. Certain bank notes to cease to be legal tender.\u2014Notwithstanding anything contained in section 26, no bank note of the denominational value of five hundred rupees, one thousand rupees or ten thousand rupees issued before the 13th day of January, 1946, shall be legal tender in payment or on account for the amount expressed therein.\u201d.",
                                "contains": {
                                    "0": {
                                        "text": "The Petroleum Act, 1934",
                                        "contains": {
                                            "0": "(30 of 1934)"
                                        }
                                    }
                                }
                            }
                        }
                    },
                    "5": "Section 1.\u2014In sub-section (2), omit \u201cexcept the State of Jammu and Kashmir*\u201d.",
                    "6": {
                        "text": "Section 2.\u2014For clause (d), substitute\u2014",
                        "contains": {
                            "0": "\u201c(d) \u2018to transport petroleum\u2019 means to move petroleum from one place to another in India;\u201d."
                        }
                    },
                    "7": {
                        "text": "In clause (e), for \u201cthe territories to which this Act extends\u201d, substitute \u201cIndia\u201d.",
                        "contains": {
                            "0": {
                                "text": "The Insurance Act, 1938",
                                "contains": {
                                    "0": "(4 of 1938)"
                                }
                            }
                        }
                    },
                    "8": "Throughout the Act, for \u201cthe States\u201d and \u201cthe States of India\u201d, substitute \u201cIndia\u201d.",
                    "9": "Section 1.\u2014In sub-section (2), omit \u201cexcept the State of Jammu and Kashmir*\u201d.",
                    "10": "Section 2.\u2014Omit clause (14A).",
                    "11": {
                        "text": "Section 114.\u2014In clause (b) of sub-section (2), omit \u201cin India or\u201d and \u201cas the case may be\u201d.",
                        "contains": {
                            "0": {
                                "text": "The Trade Marks Act, 1940",
                                "contains": {
                                    "0": "(5 of 1940)"
                                }
                            }
                        }
                    },
                    "12": "Section 1.\u2014In sub-section (2), omit \u201cexcept the State of Jammu and Kashmir*\u201d.",
                    "13": {
                        "text": "Section 2.\u2014In sub-section (1), omit clause (dd).",
                        "contains": {
                            "0": {
                                "text": "The Agricultural Produce Cess Act, 1940",
                                "contains": {
                                    "0": "(27 of 1940)"
                                }
                            }
                        }
                    },
                    "14": "Section 1.\u2014In sub-section (2), omit \u201cexcept the State of Jammu and Kashmir*\u201d.",
                    "15": {
                        "text": "Section 3.\u2014In sub-section (1), for \u201cthe territories to which this Act extends\u201d, substitute \u201cIndia\u201d.",
                        "contains": {
                            "0": {
                                "text": "The Indian Coconut Committee Act, 1944",
                                "contains": {
                                    "0": "(10 of 1944)"
                                }
                            }
                        }
                    },
                    "16": {
                        "text": "Section 1.\u2014For sub-section (2), substitute\u2014",
                        "contains": {
                            "0": "\u201c(2) It extends to the whole of India:"
                        }
                    }
                }
            },
            "35": {
                "text": "*. Vide notification No. S.O. 3912(E), dated 30th October, 2019, this Act is made applicable to the Union territory of Jammu and Kashmir and the Union territory of Ladakh.",
                "contains": {
                    "0": "Provided that it shall not apply to the State of Jammu and Kashmir* except to the extent to which the provisions of this Act relate to the levy and collection of the duty of excise specified therein.\u201d.",
                    "1": {
                        "text": "Section 3.\u2014In sub-section (1), for \u201cthe territories to which this Act extends\u201d and \u201cthe said territories\u201d, substitute \u201cIndia\u201d.",
                        "contains": {
                            "0": {
                                "text": "The Indian Oilseeds Committee Act, 1946",
                                "contains": {
                                    "0": "(9 of 1946)"
                                }
                            }
                        }
                    },
                    "2": {
                        "text": "Section 1.\u2014For sub-section (2), substitute\u2014",
                        "contains": {
                            "0": "\u201c(2) It extends to the whole of India:",
                            "1": "Provided that it shall not apply to the State of Jammu and Kashmir* except to the extent to which the provisions of this Act relate to the levy and collection of the duty of excise and the duty of customs specified therein.\u201d."
                        }
                    },
                    "3": {
                        "text": "Section 3.\u2014In sub-section (1),\u2014",
                        "contains": {
                            "0": "(a) for \u201cthe territories to which this Act extends\u201d, substitute \u201cIndia\u201d;",
                            "1": {
                                "text": "(b) for \u201cthe said territories\u201d occurring in two places, substitute \u201cIndia\u201d;",
                                "contains": {
                                    "0": {
                                        "text": "The Delhi Special Police Establishment Act, 1946",
                                        "contains": {
                                            "0": "(25 of 1946)"
                                        }
                                    }
                                }
                            }
                        }
                    },
                    "4": {
                        "text": "Section 1.\u2014In sub-section (2), omit \u201cexcept the State of Jammu and Kashmir*\u201d.",
                        "contains": {
                            "0": {
                                "text": "The Foreign Exchange Regulation Act, 1947",
                                "contains": {
                                    "0": "(7 of 1947)"
                                }
                            }
                        }
                    },
                    "5": "Throughout the Act, for \u201cthe States\u201d, substitute \u201cIndia\u201d.",
                    "6": "Section 1.\u2014In sub-section (2), omit \u201cexcept the State of Jammu and Kashmir*\u201d.",
                    "7": {
                        "text": "Section 2.\u2014Omit clause (m) and re-letter clause (n) as clause (m).",
                        "contains": {
                            "0": {
                                "text": "The Antiquities (Export Control) Act, 1947",
                                "contains": {
                                    "0": "(31 of 1947)"
                                }
                            }
                        }
                    },
                    "8": "Section 1.\u2014In sub-section (2), omit \u201cexcept the State of Jammu and Kashmir*\u201d.",
                    "9": {
                        "text": "Section 2.\u2014In clause (b), for \u201cthe territories to which this Act extends\u201d, substitute \u201cIndia\u201d.",
                        "contains": {
                            "0": {
                                "text": "The Atomic Energy Act, 1948",
                                "contains": {
                                    "0": "(29 of 1948)"
                                }
                            }
                        }
                    },
                    "10": "Section 1.\u2014In sub-section (2), omit \u201cexcept the State of Jammu and Kashmir*\u201d.",
                    "11": {
                        "text": "Section 15.\u2014In sub-section (3), for \u201cAdvocate-General of India\u201d, substitute \u201cAttorney-General for India\u201d.",
                        "contains": {
                            "0": {
                                "text": "The Banking Companies Act, 1949",
                                "contains": {
                                    "0": "(10 of 1949)"
                                }
                            }
                        }
                    },
                    "12": "Section 1.\u2014In sub-section (2), omit \u201cexcept the State of Jammu and Kashmir*\u201d.",
                    "13": "Section 5.\u2014In sub-section (1), omit clause (gg).",
                    "14": {
                        "text": "Section 11.\u2014In the Explanation to sub-section (3), for \u201cin India\u201d, substitute \u201cin a State\u201d.",
                        "contains": {
                            "0": {
                                "text": "The Banking Companies (Legal Practitioners\u2019 Clients\u2019 Accounts) Act, 1949",
                                "contains": {
                                    "0": "(46 of 1949)"
                                }
                            }
                        }
                    },
                    "15": "Section 1.\u2014In sub-section (2), omit \u201cexcept the State of Jammu and Kashmir*\u201d."
                }
            },
            "36": {
                "text": "*. Vide notification No. S.O. 3912(E), dated 30th October, 2019, this Act is made applicable to the Union territory of Jammu and Kashmir and the Union territory of Ladakh.",
                "contains": {
                    "0": {
                        "text": "The Emblems and Names (Prevention of Improper Use) Act, 1950",
                        "contains": {
                            "0": "(12 of 1950)"
                        }
                    },
                    "1": {
                        "text": "Section 1.\u2014In sub-section (2), omit \u201cexcept the State of Jammu and Kashmir*\u201d.",
                        "contains": {
                            "0": {
                                "text": "The Public Premises (Eviction) Act, 1950",
                                "contains": {
                                    "0": "(27 of 1950)"
                                }
                            }
                        }
                    },
                    "2": "Section 1.\u2014In sub-section (2), omit \u201cexcept the State of Jammu and Kashmir*\u201d.",
                    "3": "Section 2.\u2014For clause (b), substitute\u2014",
                    "4": {
                        "text": "\u201c(b) 1\u2018[public premises]\u2019 means,\u2014",
                        "contains": {
                            "0": "(i) in relation to the State of Jammu and Kashmir*, any premises 2*** belonging to, or taken on lease by or on behalf of the Central Government, or acquired or requisitioned on behalf of the Central Government by the State Government; and",
                            "1": {
                                "text": "(ii) in relation to the rest of India, any premises 2*** belonging to, or taken on lease or requisitioned by, the Central Government or requistioned by the competent authority under the Requisitioning and Acquisition of Immovable Property Act, 1952 (30 of 1952), and, in relation to the State of Delhi, includes also any premises 2*** 3[vested in the Delhi Improvement Trust or a local authority in that territory, whether such premises are in the possession of, or have been leased out by, the Trust or local authority, as the case may be];\u201d.",
                                "contains": {
                                    "0": {
                                        "text": "The State Financial Corporations Act, 1951",
                                        "contains": {
                                            "0": "(63 of 1951)"
                                        }
                                    }
                                }
                            }
                        }
                    },
                    "5": {
                        "text": "Section 1.\u2014In sub-section (2), omit \u201cexcept the State of Jammu and Kashmir*\u201d.",
                        "contains": {
                            "0": {
                                "text": "The State Armed Police Forces (Extension of Laws) Act, 1952",
                                "contains": {
                                    "0": "(63 of 1952)"
                                }
                            }
                        }
                    },
                    "6": {
                        "text": "Section 1.\u2014In sub-section (2), omit \u201cexcept the State of Jammu and Kashmir*\u201d.",
                        "contains": {
                            "0": {
                                "text": "The Khadi and other Handloom Industries Development (Additional Excise Duty on Cloth) Act, 1953",
                                "contains": {
                                    "0": "(12 of 1953)"
                                }
                            }
                        }
                    },
                    "7": "Section 1.\u2014In sub-section (2), omit \u201cexcept the State of Jammu and Kashmir*\u201d.",
                    "8": {
                        "text": "Section 2.\u2014For clause (a), substitute\u2014",
                        "contains": {
                            "0": {
                                "text": "\u201c(a) \u2018appointed day\u2019 means.\u2014",
                                "contains": {
                                    "0": "(i) in relation to the State of Jammu and Kashmir*, the date on which the Jammu and Kashmir (Extension of Laws) Act, 1956, comes into force in that State; and",
                                    "1": "(ii) in relation to the rest of India, the 15th day of February, 1953;\u201d."
                                }
                            }
                        }
                    },
                    "9": {
                        "text": "Section 3.\u2014In sub-section (1), for \u201cthe territories to which this Act extends\u201d, substitute \u201cIndia\u201d.",
                        "contains": {
                            "0": {
                                "text": "The Salt Cess Act, 1953",
                                "contains": {
                                    "0": "(49 of 1953)"
                                }
                            }
                        }
                    },
                    "10": "Section 1.\u2014In sub-section (2), omit \u201cexcept the State of Jammu and Kashmir*\u201d.",
                    "11": {
                        "text": "Section 3.\u2014For \u201cthe territories to which this Act extends\u201d, substitute \u201cIndia\u201d.",
                        "contains": {
                            "0": {
                                "text": "The Companies Act, 1956",
                                "contains": {
                                    "0": "(1 of 1956)"
                                }
                            }
                        }
                    },
                    "12": {
                        "text": "Section 1.\u2014For sub-section (3), substitute\u2014",
                        "contains": {
                            "0": "\u201c(3) It extends to the whole of India:",
                            "1": "Provided that it shall not apply to the State of Jammu and Kashmir* except to the extent to which the provisions of this Act relate to the incorporation, regulation and winding up of banking, insurance and financial corporations.\u201d"
                        }
                    },
                    "13": "Section 2.\u2014Omit clause (20).",
                    "14": {
                        "text": "Section 3.\u2014In sub-section (1), for sub-clause (f) of clause (ii), substitute\u2014",
                        "contains": {
                            "0": {
                                "text": "\u201c(f) Any law corresponding to any of the Acts or the Ordinance aforesaid and in force\u2014",
                                "contains": {
                                    "0": "(1) in the merged territories or in a Part B State (other than the State of Jammu and Kashmir*), or any part thereof, before the extension thereto of the Indian Companies Act, 1913 (7 of 1913); or",
                                    "1": "(2) in the State of Jammu and Kashmir*, or any part thereof, before the commencement of the Jammu and Kashmir (Extension of Laws) Act, 1956;\u201d."
                                }
                            }
                        }
                    },
                    "15": "In sub-section (2), omit clause (b).",
                    "16": "Section 226.\u2014In clause (a) of sub-section (2), before \u201centitling him to act\u201d, insert \u201cor of the Jammu and Kashmir (Extension of Laws) Act, 1956, as the case may be,\u201d.",
                    "17": "Section 558.\u2014In sub-section (1), omit the Explanation.",
                    "18": "Section 565.\u2014In sub-section (3), omit \u201cor in the State of Jammu and Kashmir*\u201d.",
                    "19": {
                        "text": "Section 582.\u2014In sub-clause (iii) of clause (a), omit \u201cor in the State of Jammu and Kashmir* immediately before the 26th January 1950\u201d.",
                        "contains": {
                            "0": "ORDINANCE",
                            "1": {
                                "text": "The Currency Ordinance, 1940",
                                "contains": {
                                    "0": "(4 of 1940)"
                                }
                            }
                        }
                    },
                    "20": "Section 1.\u2014In sub-section (2), omit \u201cexcept the State of Jammu and Kashmir*\u201d.",
                    "21": "Section 2.\u2014For \u201cthe territories to which this Ordinance extends\u201d, and \u201cthe said territories\u201d, substitute \u201cIndia\u201d."
                }
            },
            "37": "*. Vide notification No. S.O. 3912(E), dated 30th October, 2019, this Act is made applicable to the Union territory of Jammu and Kashmir and the Union territory of Ladakh."
        }
    },
    "Annexure": {},
    "Appendix": {},
    "Forms": {},
    "Footnotes": {
        "Page 2": {
            "0": "1.  1st  November,  1956,  vide  notification  No.  S.  R.  O.  2327,  dated  10th  October,  1956,  see  Gazette  of  India,  Extraordinary,Part II, sec. 3.*. Vide notification No. S.O. 3912(E), dated 30th October, 2019, this Act is made applicable to the Union territory of Jammu andKashmir and the Union territory of Ladakh."
        },
        "Page 3": {
            "0": "*. Vide notification No. S.O. 3912(E), dated 30th October, 2019, this Act is made applicable to the Union territory of Jammu andKashmir and the Union territory of Ladakh."
        },
        "Page 4": {
            "0": "*. Vide notification No. S.O. 3912(E), dated 30th October, 2019, this Act is made applicable to the Union territory of Jammu andKashmir and the Union territory of Ladakh."
        },
        "Page 8": {
            "0": "1. Subs. by Act 36 of 1957, s. 3 and the Second Schedule, for \u201cGovernment premises\u201d (w.e.f. 17-9-1957).",
            "1": "2. The words \u201cor land\u201d omitted by s. 3 and the Second Schedule, ibid. (w.e.f. 17-9-1957).",
            "2": "3. Subs. by s. 3 and the Second Schedule, ibid., for certain words (w.e.f. 17-9-1957).*. Vide notification No. S.O. 3912(E), dated 30th October, 2019, this Act is made applicable to the Union territory of Jammu andKashmir and the Union territory of Ladakh."
        }
    }
}