{
    "Act Title": "THE TRAVANCORE-COCHIN VEHICLES TAXATION (AMENDMENT AND VALIDATION) ACT, 1959",
    "Act ID": "ACT NO. 42 OF 1959",
    "Enactment Date": "[12th September, 1959.]",
    "Act Definition": {
        "0": "An Act further to amend the Travancore-Cochin Vehicles Taxation Act, 1950, and to provide for certain other connected matters."
    },
    "Sections": {
        "Section 1.": {
            "heading": "Short title.",
            "paragraphs": {
                "0": "This Act may be called the Travancore-Cochin Vehicles Taxation (Amendment and Validation) Act, 1959."
            }
        },
        "Section 2.": {
            "heading": "Amendment of Schedule I.",
            "paragraphs": {
                "0": {
                    "text": "(1) In Schedule I to the Travancore-Cochin Vehicles Taxation Act, 1950 (Travancore-Cochin Act XIV of 1950), (hereinafter referred to as the principal Act),\u2015",
                    "contains": {
                        "0": "(i) in the headings to the second and third columns, for the abbreviations \u201cRs. As. Ps.\u201d, the abbreviations \u201cRs. np.\u201d shall be substituted;",
                        "1": "(ii) in Item No. 2, for the entry in the second column under the heading \u201cFor vehicles fitted with pneumatic tyres\u201d, the entry \u201c7 50\u201d shall be substituted;",
                        "2": {
                            "text": "(iii) in Item No. 3, in sub-items (b), (c), (d), (e), (f), (g), (h), (i) and (j), for the entries in the second column under the heading \u201cFor vehicles fitted with pneumatic tyres\u201d, the following entries shall respectively be substituted, namely:\u2015",
                            "contains": {
                                "0": {
                                    "text": "\u201c134 50",
                                    "contains": {
                                        "0": "200 50",
                                        "1": "227 50",
                                        "2": "267 50",
                                        "3": "307 50",
                                        "4": "360 50",
                                        "5": "427 50",
                                        "6": "504 50",
                                        "7": "544 50\u201d;"
                                    }
                                }
                            }
                        },
                        "3": "(iv) in Item No. 4, in sub-item (ii) (a), for the entry in the second column under the heading \u201cFor vehicles fitted with pneumatic tyres\u201d, the entry \u201c40 0\u201d shall be substituted."
                    }
                },
                "1": "(2) The amendments made by sub-section (1) shall be deemed to have come into force on the 24th day of September, 1957."
            }
        },
        "Section 3.": {
            "heading": "Validation of levy, collection, etc., of taxes on certain types of vehicles.",
            "paragraphs": {
                "0": "(1) Notification II, No. TB2-14667/57/P.W., dated the 24th September, 1957, issued under sub-section (1) of section 3 of the principal Act, enhancing the rates of tax on certain vehicles, shall be deemed to have been issued under the principal Act, as amended by this Act, and to have come into force on the 1st day of October, 1957.",
                "1": {
                    "text": "(2) Notwithstanding anything contained in any judgment, decree or order of any court, all taxes levied or collected or purporting to have been levied or collected in pursuance of the notification referred to in sub-section (1) shall for all purposes be deemed to be, and to have always been, validly levied or collected, and accordingly\u2015",
                    "contains": {
                        "0": "(a) all acts, proceedings or things done or taken by the Government or by any officer of Government or by any other authority in connection with the levy or collection of such taxes shall for all purposes be deemed to be, and to have always been, done or taken in accordance with law;",
                        "1": "(b) no suit or other proceeding shall be maintained or continued in any court against the Government or any person or authority whatsoever for the refund of any taxes so paid; and",
                        "2": "(c) no court shall enforce any decree or order directing the refund of any taxes so paid."
                    }
                }
            }
        },
        "Section 4.": {
            "heading": "Repeal.",
            "paragraphs": {
                "0": "The Travancore-Cochin Vehicles Taxation (Amendment and Validation) Ordinance, 1959 (Kerala Ordinance 4 of 1959), is hereby repealed."
            }
        }
    },
    "Schedule": {},
    "Annexure": {},
    "Appendix": {},
    "Forms": {},
    "Footnotes": {}
}