{
    "Act Title": "THE CALCUTTA HIGH COURT (EXTENSION OF JURISDICTION) ACT, 1953",
    "Act ID": "ACT NO. 41 OF 1953",
    "Enactment Date": "[18th December, 1953.]",
    "Act Definition": {
        "0": "An Act to extend the jurisdiction of the High Court at Calcutta to Chandernagore and the Andaman and Nicobar Islands."
    },
    "Sections": {
        "Section 1.": {
            "heading": "Short title.",
            "paragraphs": {
                "0": "This Act may be called the Calcutta High Court (Extension of Jurisdiction) Act, 1953."
            }
        },
        "Section 2.": {
            "heading": "Extension of jurisdiction of Calcutta High Court to Chandernagore and Andaman and Nicobar Islands.",
            "paragraphs": {
                "0": "The jurisdiction of the High Court at Calcutta shall extend to Chandernagore and Andaman and Nicobar Islands and shall, as from the 2nd day of May, 1950, be deemed to have extended to Chandernagore, and the said High Court shall, for all purposes be deemed to be the High Court for Chandernagore and the Andaman and Nicobar Islands."
            }
        },
        "Section 3.": {
            "heading": "Effect of certain orders.",
            "paragraphs": {
                "0": {
                    "text": "Any order made\u2014",
                    "contains": {
                        "0": "(i) by the highest court of appeal in relation to Chandernagore before the 2nd day of May, 1950, or in any proceeding pending before that Court on that day; or",
                        "1": "(ii) by the Chief Commissioner of the Andaman and Nicobar Islands before the commencement of this Act in the discharge of his functions as the High Court for those Islands,"
                    }
                },
                "1": "shall for all purposes have effect, not only as an order of that Court, or as the case may be, of the Chief Commissioner, but also as if it were an order made by the High Court at Calcutta."
            }
        },
        "Section 4.": {
            "heading": "Power to make rules.",
            "paragraphs": {
                "0": "Subject to the provisions of any law for the time being in force, the High Court at Calcutta may make rules to carry out the purposes of this Act and for the purpose of effectively exercising its jurisdiction in or in relation to Chandernagore and the Andaman and Nicobar Islands."
            }
        }
    },
    "Schedule": {},
    "Annexure": {},
    "Appendix": {},
    "Forms": {},
    "Footnotes": {}
}