{
    "Act Title": "THE RAJASTHAN AND MADHYA PRADESH (TRANSFER OF TERRITORIES) ACT, 1959",
    "Act ID": "ACT NO. 47 OF 1959",
    "Enactment Date": "[18th September, 1959.]",
    "Act Definition": {
        "0": "An Act to provide for the transfer of certain territories from the State of Rajasthan to the State of Madhya Pradesh and for matters connected therewith."
    },
    "Sections": {
        "Section 1.": {
            "heading": "Short title.",
            "paragraphs": {
                "0": "This Act may be called the Rajasthan and Madhya Pradesh (Transfer of Territories) Act, 1959."
            }
        },
        "Section 2.": {
            "heading": "Definitions.",
            "paragraphs": {
                "0": {
                    "text": "In this Act, unless the context otherwise requires,\u2014",
                    "contains": {
                        "0": "(a) \u201cappointed day\u201d means the 1st day of October, 1959;",
                        "1": "(b) \u201cassembly constituency\u201d, \u201ccouncil constituency\u201d and \u201cparliamentary constituency\u201d have the same meanings as in the Representation of the People Act, 1950 (43 of 1950);",
                        "2": "(c) \u201csitting member\u201d, in relation to either House of Parliament or of the Legislature of a State, means a person who, immediately before the appointed day, is a member of that House;",
                        "3": "(d) \u201ctransferred territories\u201d means the territories specified in the First Schedule and transferred from the State of Rajasthan to the State of Madhya Pradesh by section 3."
                    }
                }
            }
        },
        "Section 3.": {
            "heading": "Transfer of territories from Rajasthan to Madhya Pradesh.",
            "paragraphs": {
                "0": "(1) As from the appointed day, there shall be added to the State of Madhya Pradesh the territories specified in the First Schedule which shall thereupon cease to form part of the State of Rajasthan.",
                "1": "(2) The transferred territories shall be included in, and form part of Bhanpura pargana of, Mandsaur district in the State of Madhya Pradesh.",
                "2": "(3) Nothing in sub-section (2) shall be deemed to affect the power of the State Government to alter after the appointed day the name, extent or boundaries of any district in the State of Madhya Pradesh."
            }
        },
        "Section 4.": {
            "heading": "Amendment of the First Schedule to the Constitution.",
            "paragraphs": {
                "0": {
                    "text": "As from the appointed day, in the First Schedule to the Constitution, under the heading \u201cI. THE STATES\u201d,\u2014",
                    "contains": {
                        "0": "(a) in the entry against \u201c6. Madhya Pradesh\u201d, after the words and figures \u201cStates Reorganisation Act, 1956\u201d, the words, brackets and figures \u201cand the First Schedule to the Rajasthan and Madhya Pradesh (Transfer of Territories) Act, 1959\u201d shall be inserted.",
                        "1": "(b) in the entry against \u201c11. Rajasthan\u201d, after the words and figures \u201cStates Reorganisation Act, 1956\u201d, the words, brackets and figures \u201cbut excluding the territories specified in the First Schedule to the Rajasthan and Madhya Pradesh (Transfer of Territories) Act, 1959\u201d shall be inserted."
                    }
                }
            }
        },
        "Section 5.": {
            "heading": "Amendments of Delimitation Orders.",
            "paragraphs": {
                "0": "The Delimitation of Parliamentary and Assembly Constituencies Order, 1956, and the Constitution of Council Constituencies (Madhya Pradesh) Order, 1957, shall have effect subject to the modifications specified in the Second Schedule."
            }
        },
        "Section 6.": {
            "heading": "Provision as to sitting members.",
            "paragraphs": {
                "0": "(1) The sitting members of the House of the People representing Mandsaur constituency in the State of Madhya Pradesh and Kotah constituency in the State of Rajasthan shall, notwithstanding the alteration in the extent of those constituencies by virtue of the provisions of this Act, continue to be members of the House of the People.",
                "1": "(2) The sitting members of the Legislative Assemblies of Madhya Pradesh and Rajasthan representing Growth constituency and Begun constituency respectively shall, notwithstanding the alteration in the extent of those constituencies by virtue of the provisions of this Act, continue to be members of the said Assemblies."
            }
        },
        "Section 7.": {
            "heading": "Extension of jurisdiction of Madhya Pradesh High Court.",
            "paragraphs": {
                "0": {
                    "text": "(1) As from the appointed day,\u2014",
                    "contains": {
                        "0": "(a) the jurisdiction of the High Court of Madhya Pradesh shall extend to the transferred territories; and",
                        "1": "(b) the High Court of Rajasthan shall have no jurisdiction in respect of the said territories."
                    }
                },
                "1": "(2) If, immediately before the appointed day, there is any proceeding relatable to the transferred territories pending in the High Court of Rajasthan, then, notwithstanding anything contained in sub-section (1), such proceeding shall be heard and disposed of by that High Court.",
                "2": "(3) Any order made by the High Court of Rajasthan in any proceeding with respect to which that High Court exercises jurisdiction by virtue of sub-section (2), shall, for all purposes, have effect, not only as an order of the High Court of Rajasthan, but also as an order made by the High Court of Madhya Pradesh.",
                "3": {
                    "text": "(4) For the purposes of this section,\u2014",
                    "contains": {
                        "0": "(a) proceedings shall be deemed to be pending in the High Court of Rajasthan until that Court has disposed of all issues between the parties, including any issues with respect to the taxation of the costs of the proceedings and shall include appeals, applications for leave to appeal to the Supreme Court, applications for review, petitions for revision and petitions for writs;",
                        "1": "(b) references to a High Court shall be construed as including references to a Judge or Division Court thereof, and references to an order made by a Court or a Judge shall be construed as including references to a sentence, judgment or decree passed or made by that Court or Judge."
                    }
                }
            }
        },
        "Section 8.": {
            "heading": "Appropriation of moneys for expenditure in transferred territories under existing Appropriation Acts.",
            "paragraphs": {
                "0": "As from the appointed day, any Act passed by the Legislature of Madhya Pradesh before that day for the appropriation of any money out of the Consolidated Fund of the State to meet any expenditure in respect of any part of the financial year 1959-60 shall have effect also in relation to the transferred territories, and it shall be lawful for the State Government to spend any amount for those territories out of the amount authorised by such Act to be expended for any services in that State."
            }
        },
        "Section 9.": {
            "heading": "Assets and liabilities.",
            "paragraphs": {
                "0": "(1) All land and all stores, articles and other goods in the transferred territories belonging to the State of Rajasthan shall, as from the appointed day, pass to the State of Madhya Pradesh.",
                "1": "Explanation.\u2014In this sub-section, the expression \u201cland\u201d includes immoveable property of every kind and any rights in or over such property and the expression \u201cgoods\u201d does not include coins, bank notes and currency notes.",
                "2": "(2) All rights, liabilities and obligations, whether arising out of a contract or otherwise, of the State of Rajasthan in relation to the transferred territories shall, as from the appointed day, be the rights, liabilities and obligations, respectively, of the State of Madhya Pradesh."
            }
        },
        "Section 10.": {
            "heading": "State Financial Corporations and State Electricity Boards.",
            "paragraphs": {
                "0": {
                    "text": "As from the appointed day,\u2014",
                    "contains": {
                        "0": "(a) the Financial Corporations constituted under the State Financial Corporations Act, 1951 (63 of 1951), for the States of Rajasthan and Madhya Pradesh, and",
                        "1": "(b) the State Electricity Boards constituted under the Electricity (Supply) Act, 1948 (54 of 1948), for the said States,"
                    }
                },
                "1": "shall be deemed to have been constituted for those States with their areas as altered by the provisions of section 3."
            }
        },
        "Section 11.": {
            "heading": "Extension of laws.",
            "paragraphs": {
                "0": "All laws which immediately before the appointed day extend to, or are in force in, the Mandsaur district in the State of Madhya Pradesh but do not extend to, or are not in force in, the transferred territories shall, as from that day, extend to, or as the case may be, come into force in, the transferred territories; and all laws which, immediately before the appointed day, are in force in the transferred territories, but not in the Mandsaur district in the State of Madhya Pradesh, shall, on that day, cease to be in force in the transferred territories, except as respects things done or omitted to be done before that day.",
                "1": "Explanation.\u2014In this section \u201claw\u201d includes any enactment, ordinance, regulation, order, bye-law, rule, scheme, notification or other instrument having the force of law in the whole or in any part of Madhya Pradesh or Rajasthan."
            }
        },
        "Section 12.": {
            "heading": "Power to construe laws.",
            "paragraphs": {
                "0": "Any court, tribunal or authority required or empowered to enforce any law extended to the transferred territories by section 11 may, for the purpose of facilitating its application in relation to the transferred territories, construe the law in such manner, without affecting the substance, as may be necessary or proper in regard to the matter before the court, tribunal or authority."
            }
        },
        "Section 13.": {
            "heading": "Legal proceedings.",
            "paragraphs": {
                "0": "Where, immediately before the appointed day, the State of Rajasthan is a party to any legal proceedings with respect to any property, rights or liabilities transferred to the State of Madhya Pradesh under this Act, that State shall be deemed to be substituted for the State of Rajasthan as a party to those proceedings, or added as a party thereto, as the case may be, and the proceedings may continue accordingly."
            }
        },
        "Section 14.": {
            "heading": "Transfer of pending proceedings.",
            "paragraphs": {
                "0": "(1) Every proceeding pending immediately before the appointed day before any court (other than a High Court), tribunal, authority or officer in any area which on that day falls within the State of Rajasthan shall, if it is a proceeding relating exclusively to any part of the transferred territories, stand transferred to the corresponding court, tribunal, authority or officer in the State of Madhya Pradesh.",
                "1": "(2) If any question arises as to whether any proceeding should stand transferred under sub-section (1), it shall be referred to the High Court of Rajasthan and the decision of that High Court shall be final.",
                "2": {
                    "text": "(3) In this section,\u2014",
                    "contains": {
                        "0": "(a) \u201cproceeding\u201d includes any suit, case or appeal; and",
                        "1": {
                            "text": "(b) \u201ccorresponding court, tribunal, authority or officer\u201d in Madhya Pradesh means\u2014",
                            "contains": {
                                "0": "(i) the court, tribunal, authority or officer in which, or before whom, the proceeding would have lain if the proceeding had been instituted after the appointed day, or",
                                "1": "(ii) in case of doubt, such court, tribunal, authority or officer in that State as may be determined after the appointed day by the Government of Madhya Pradesh, or before the appointed day by the Government of Rajasthan, to be the corresponding court, tribunal, authority or officer."
                            }
                        }
                    }
                }
            }
        },
        "Section 15.": {
            "heading": "Effect of provisions inconsistent with other laws.",
            "paragraphs": {
                "0": "The provisions of this Act shall have effect notwithstanding anything inconsistent therewith contained in any other law."
            }
        },
        "Section 16.": {
            "heading": "Power to remove difficulties.",
            "paragraphs": {
                "0": "If any difficulty arises in giving effect to the provisions of this Act (including any difficulty in relation to the transition under section 11 from one law to another law), the President may by order do anything not inconsistent with any such provision which appears to him to be necessary for the purpose of removing the difficulty."
            }
        },
        "Section 17.": {
            "heading": "Power to make rules.",
            "paragraphs": {
                "0": "(1) The Central \u201cGovernment may, by notification the Official Gazette, make rules to give effect to the provisions of this Act.",
                "1": "(2) Every rule made under this section shall be laid as soon as may be after it is made before each House of Parliament while it is in session for a total period of thirty days which may be comprised in one session or 1[in two or more successive sessions, and if, before the expiry of the session immediately following the session or the successive sessions aforesaid] both Houses agree in making any modification in the rule or both Houses agree that the rule should not be made, the rule shall thereafter have effect only in such modified form or be of no effect, as the case may be, so however that any such modification or annulment shall be without prejudice to the validity of anything previously done under that rule."
            }
        }
    },
    "Schedule": {
        "THE FIRST SCHEDULE": {
            "0": {
                "text": "THE FIRST SCHEDULE",
                "contains": {
                    "0": "[See sections 2(d) and 3]"
                }
            },
            "1": "TERRITORIES TRANSFERRED FROM THE STATE OF RAJASTHAN TO THE STATE OF MADHYA PRADESH",
            "2": {
                "text": "The following territories comprised within the villages specified below in Bhensrorgarh tahsil of Chittor district, namely:\u2014",
                "contains": {
                    "0": {
                        "text": "Name of village Area in",
                        "contains": {
                            "0": "Sheet No. Khasara No. Bighas Biswas",
                            "1": "1 2 3 4",
                            "2": {
                                "text": "Dotada 11 361 124 10",
                                "contains": {
                                    "0": "12 362 814 . .",
                                    "1": "13 363 173 3",
                                    "2": "13 364 572 16",
                                    "3": "14 365 1[921] 14",
                                    "4": "14 366 15 16",
                                    "5": "14 367 2[205] . .",
                                    "6": "14 368 202 16",
                                    "7": "15 369 364 15",
                                    "8": "15 370 239 7",
                                    "9": {
                                        "text": "13 371 14 18",
                                        "contains": {
                                            "0": "TOTAL . 3,648 15"
                                        }
                                    }
                                }
                            },
                            "3": {
                                "text": "Pipalda 5 220 730 . .",
                                "contains": {
                                    "0": "5 221 49 . .",
                                    "1": "6 222 535 . .",
                                    "2": {
                                        "text": "6 223 142 12",
                                        "contains": {
                                            "0": "TOTAL . 1,456 12"
                                        }
                                    }
                                }
                            },
                            "4": {
                                "text": "Borkheda 7 118 . . 10",
                                "contains": {
                                    "0": "7 119 248 . .",
                                    "1": "8 120 292 1",
                                    "2": {
                                        "text": "8 121 138 2",
                                        "contains": {
                                            "0": "TOTAL . 678 13"
                                        }
                                    },
                                    "3": "GRAND TOTAL . . 5,784 Bighas or 3,085 Acres."
                                }
                            }
                        }
                    }
                }
            }
        },
        "THE SECOND SCHEDULE": {
            "0": {
                "text": "THE SECOND SCHEDULE",
                "contains": {
                    "0": {
                        "text": "(See section 5)",
                        "contains": {
                            "0": "PART I"
                        }
                    }
                }
            },
            "1": "Modifications of the First Schedule to the Delimitation of Parliamentary and Assembly Constituencies Order, 1956",
            "2": {
                "text": "1. In Part \u201c6\u2014MADHYA PRADESH\u201d, the Note at the end shall be numbered as \u201cNOTE I\u201d and the following shall be added thereto, namely:\u2014",
                "contains": {
                    "0": "\u201cNOTE II:\u2014Any reference to Mandsaur district in column 3 of this Part shall be taken to mean the area comprised within that district on the 1st day of October, 1959.\u201d."
                }
            },
            "3": {
                "text": "2. In Part \u201c11\u2014RAJASTHAN\u201d, the following Note shall be added at the end, namely:\u2014",
                "contains": {
                    "0": {
                        "text": "\u201cNOTE:\u2014Any reference in column 3 of this Part to Chittor district or Bhensrorgarh tahsil, shall be taken to mean the area comprised within that district or tahsil on the 1st day of October, 1959.\u201d.",
                        "contains": {
                            "0": "PART II"
                        }
                    },
                    "1": "Modifications of the Second Schedule to the Delimitation of Parliamentary and Assembly Constituencies Order, 1956"
                }
            },
            "4": {
                "text": "1. In Part \u201c6\u2014MADHYA PRADESH\u201d, the Note at the end shall be numbered as \u201cNOTE I\u201d and the following shall be added thereto, namely:\u2014",
                "contains": {
                    "0": "\u201cNOTE II:\u2014Any reference in column 3 of this Part to Bhanpura pargana of Mandsaur district shall be taken to mean the area comprised within that pargana on the 1st day of October, 1959.\u201d."
                }
            },
            "5": {
                "text": "2. In Part \u201c11\u2014RAJASTHAN\u201d, the following Note shall be added at the end, namely:\u2014",
                "contains": {
                    "0": {
                        "text": "\u201cNOTE:\u2014Any reference in column 3 of this Part to Bhensrorgarh tahsil of Chittor district shall be taken to mean the area comprised within that tahsil on the 1st day of October, 1959.\u201d.",
                        "contains": {
                            "0": "PART III"
                        }
                    }
                }
            },
            "6": {
                "text": "Modification of the Delimitation of Council Constituencies (Madhya Pradesh) Order, 1957",
                "contains": {
                    "0": {
                        "text": "After the Table, the following Note shall be inserted, namely:\u2014",
                        "contains": {
                            "0": "\u201cNOTE:\u2014Any reference in column 2 of this Table to Indore Division shall be taken to mean the area comprised within that Division on the 1st day of October, 1959.\u201d."
                        }
                    }
                }
            }
        }
    },
    "Annexure": {},
    "Appendix": {},
    "Forms": {},
    "Footnotes": {
        "Page 4": {
            "0": "1. Subs. by Act 4 of 1986, s. 2 and the Schedule, for certain words (w.e.f. 15-5-1986)."
        },
        "Page 5": {
            "0": "1. Subs. by Act 52 of 1964, s. 3 and the Second Schedule, for \u201c926\u201d (w.e.f. 29-12-1964).",
            "1": "2. Subs. by s. 3 and the Second Schedule, ibid., for \u201c200\u201d (w.e.f. 29-12-1964)."
        }
    }
}