{
    "Act Title": "THE ALL-INDIA SERVICES ACT, 1951",
    "Act ID": "ACT NO. 61 OF 1951",
    "Enactment Date": "[29th October, 1951.]",
    "Act Definition": {
        "0": "An Act to regulate the recruitment, and the conditions of service of persons appointed, to the All-India Services common to the Union and the States."
    },
    "Sections": {
        "Section 1.": {
            "heading": "Short title.",
            "paragraphs": {
                "0": "This Act may be called the All-India Services Act, 1951."
            }
        },
        "Section 2.": {
            "heading": "Definition.",
            "paragraphs": {
                "0": "In this Act, the expression \u201can All-India Service\u201d means the service known as the Indian Administrative Service or the service known as the Indian Police Service, 1[or any other service specified in section 2A]."
            }
        },
        "Section 2A.": {
            "heading": "Other All-India Services.",
            "paragraphs": {
                "0": {
                    "text": "With effect from such date as the Central Government may, by notification in the Official Gazette, appoint in this behalf, there shall be constituted the following All-India Services and different dates may be appointed for different services, namely:\u2014",
                    "contains": {
                        "0": "1. The Indian Service of Engineers (Irrigation, Power, Buildings and Roads);",
                        "1": "2. The Indian Forest Service;",
                        "2": "3. The Indian Medical and Health Service.]"
                    }
                }
            }
        },
        "Section 3.": {
            "heading": "Regulation of recruitment and conditions of service.",
            "paragraphs": {
                "0": "(1) The Central Government may, after consultation with the Governments of the States concerned, 3*** 4[and by notification in the Official Gazette]] make rules for the regulation of recruitment, and the conditions of service of persons appointed to an All-India Service.",
                "1": "5 [(1A) The power to make rules conferred by this section shall include the power to give retrospective effect from a date not earlier than the date of commencement of this Act, to the rules or any of them but no retrospective effect shall be given to any rule so as to prejudicially affect the interests of any person to whom such rule may be applicable.]",
                "2": "6[(2) Every rule made by the Central Government under this section and every regulation made under or in pursuance of any such rule, shall be laid, as soon as may be after such rule or regulation is made, before each House of Parliament while it is in session for a total period of thirty days which may be comprised in one session or in two or more successive sessions, and if, before the expiry of the session immediately following the session or the successive sessions aforesaid, both Houses agree in making any modification in such rule or regulation or both Houses agree that such rule or regulation should not be made, the rule or regulation shall thereafter have effect only in such modified form or be of no effect, as the case may be; so, however, that any such modification or annulment shall be without prejudice to the validity of anything previously done under that rule or regulation.]"
            }
        },
        "Section 4.": {
            "heading": "Continuance of existing rules.",
            "paragraphs": {
                "0": "All rules in force immediately before the commencement of this Act and applicable to an All-India Service shall continue to be in force and shall be deemed to be rules made under this Act."
            }
        }
    },
    "Schedule": {},
    "Annexure": {},
    "Appendix": {},
    "Forms": {},
    "Footnotes": {
        "Page 2": {
            "0": "1. Ins. by Act 27 of 1963, s. 2.",
            "1": "2. Ins. by s. 3, ibid.",
            "2": "3.The  words  \u201cincluding  the  State  of  Jammu  and  Kashmir\u201d  omitted  by  the  Jammu  and  Kashmir  Reorganisation(Adaptation of Central Laws) Order, 2020, vide notification No. S.O. 1123(E) dated (18-3-2020). Earlier ins. by Act 25 of1958, s. 2.",
            "3": "4. Ins. by Act 19 of 1975, s. 3.",
            "4": "5. Ins. by Act 23 of 1975, s. 2.",
            "5": "6. Subs. by Act 19 of 1975, s. 3, for sub-section (2)."
        }
    }
}