{
    "Act Title": "THE GOA, DAMAN AND DIU (ADMINISTRATION) ACT, 1962",
    "Act ID": "ACT NO. 1 OF1962",
    "Enactment Date": "[27th March, 1962.]",
    "Act Definition": {
        "0": "An Act to provide for the administration of the Union territory of Goa, Daman and Diu and for matters connected therewith."
    },
    "Sections": {
        "Section 1.": {
            "heading": "Short title and commencement.",
            "paragraphs": {
                "0": "(1) This Act may be called the Goa, Daman and Diu (Administration) Act, 1962.",
                "1": "(2) It shall be deemed to have come into force on the 5th day of March, 1962."
            }
        },
        "Section 2.": {
            "heading": "Definitions.",
            "paragraphs": {
                "0": {
                    "text": "In this Act, unless the context otherwise requires,\u2014",
                    "contains": {
                        "0": "(a) \u201cAdministrator\u201d means the Administrator of Goa, Daman and Diu appointed by the President under Article 239 of the Constitution;",
                        "1": "(b) \u201cappointed day\u201d means the twentieth day of December, 1961;",
                        "2": "(c) \u201cGoa, Daman and Diu\u201d means the Union territory of Goa, Daman and Diu."
                    }
                }
            }
        },
        "Section 3.": {
            "heading": "Representation in the House of the People.",
            "paragraphs": {
                "0": "(1) There shall be allotted two seats to the Union territory of Goa, Daman and Diu in the House of the People.",
                "1": {
                    "text": "(2) In the Representation of the People Act, 1950 (43 of 1950),\u2014",
                    "contains": {
                        "0": "(a) in section 4, in sub-section (1), after the words \u201cto Dadra and Nagar Haveli\u201d, the words \u201cto Goa, Daman and Diu\u201d shall be inserted;",
                        "1": {
                            "text": "(b) in the First Schedule,\u2014",
                            "contains": {
                                "0": {
                                    "text": "(i) after entry 22, the following entry shall be inserted, namely:\u2014",
                                    "contains": {
                                        "0": "\u201c23. Goa, Daman and Diu ..... 2\u201d;"
                                    }
                                },
                                "1": "(ii) entries 23 and 24 shall be re-numbered as entries 24 and 25, respectively."
                            }
                        }
                    }
                },
                "2": "(3) In the Representation of the People Act, 1951 (43 of 1951), in section 4, after the words \u201cto Dadra and Nagar Haveli\u201d, the words \u201cto Goa, Daman and Diu\u201d shall be inserted."
            }
        },
        "Section 4.": {
            "heading": "Officers and functionaries in relation to Goa, Daman and Diu.",
            "paragraphs": {
                "0": "Without prejudice to the powers of the Central Government to appoint from time to time such officers and authorities as may be necessary for the administration of Goa, Daman and Diu, all judges, magistrates and other officers and authorities who, immediately before the commencement of this Act, were exercising lawful functions in connection with the administration of Goa, Daman and Diu or any part thereof, shall, unless otherwise directed at any time by the Central Government in relation to any such judge, magistrate or other officer or authority, or until other provision is made by law, continue to exercise in connection with such administration their respective functions in the same manner and to the same extent as before such commencement with such altered designation, if any, as that Government may determine."
            }
        },
        "Section 5.": {
            "heading": "Continuance of existing laws and their adaptation.",
            "paragraphs": {
                "0": "(1) All laws in force immediately before the appointed day in Goa, Daman and Diu or any part thereof shall continue to be in force therein until amended or repealed by a competent Legislature or other competent authority.",
                "1": "(2) For the purpose of facilitating the application of any such law in relation to the administration of Goa, Daman and Diu as a Union territory and for the purpose of bringing the provisions of any such law into accord with the provisions of the Constitution, the Central Government may, within two years from the appointed day, by order, make such adaptations and modifications, whether by way of repeal oramendment, as may be necessary or expedient and thereupon, every such law shall have effect subject to the adaptations and modifications so made."
            }
        },
        "Section 6.": {
            "heading": "Power to extend enactments to Goa, Daman and Diu.",
            "paragraphs": {
                "0": "The Central Government may, by notification in the Official Gazette, extend with such restrictions or modifications as it thinks fit to Goa, Daman and Diu any enactment which is in force in a State at the date of the notification."
            }
        },
        "Section 7.": {
            "heading": "[Repealed.]",
            "paragraphs": {
                "0": "[Extension of the jurisdiction of Bombay High Court to Goa, Daman and Diu.] Rep. by the Goa, Daman and Diu Judicial Commissioner's Court (Declaration asHigh Court) Act, 1964 (16 of 1964), section 8 (w.e.f.16-12-1964)."
            }
        },
        "Section 8.": {
            "heading": "Power to construe laws.",
            "paragraphs": {
                "0": "For the purpose of facilitating the application of any law in relation to Goa, Daman and Diu, any Court or other authority may construe any such law in such manner not affecting the substance, as may be necessary or proper to adapt it to the matter before the Court or other authority."
            }
        },
        "Section 9.": {
            "heading": "Validation of certain action and indemnity of officers for certain acts.",
            "paragraphs": {
                "0": "(1) All things done and all action taken (including any acts of executive authority, proceedings, decrees and sentences) in or with respect to Goa, Daman and Diu on or after the appointed day and before the commencement of this Act, by the Administrator or any other officer, whether civil or military, or by any other person acting under the orders of the Administrator or such officer, which have been done or taken in good faith in a reasonable belief that they were necessary for the peace and good government of Goa, Daman and Diu shall be as valid and operative as if they had been done or taken in accordance with law.",
                "1": "(2) No suit or other legal proceeding whatsoever, whether civil or criminal, shall lie in any Court of law against the Administrator or any other officer of Government; whether civil or military, or against any other person acting under the orders of the Administrator or such other officer, for, or on account of, or in respect of, anything done or any action taken in Goa, Daman and Diu or any part thereof on or after the appointed day and before the commencement of this Act which has been done or taken in good faith and in a reasonable belief that it was necessary for the peace and good government of Goa, Daman and Diu:",
                "2": "Provided that if any such suit on other legal proceeding has been instituted before the commencement of this Act, it shall, on such commencement, abate."
            }
        },
        "Section 10.": {
            "heading": "Power to remove difficulties.",
            "paragraphs": {
                "0": "(1) If any difficulty arises in giving effect to the provisions of this Act or in connection with the administration of Goa, Daman and Diu, the Central Government may, by order, make such further provision as appears to it to be necessary or expedient for removing the difficulty.",
                "1": "(2) Any order under sub-section (1) may be made so as to be retrospective to any date not earlier than the appointed day."
            }
        },
        "Section 11.": {
            "heading": "Repeal and saving.",
            "paragraphs": {
                "0": "(1) The Goa, Daman and Diu (Administration) Ordinance, 1962 (2 of 1962), is hereby repealed.",
                "1": "(2) Notwithstanding such repeal, anything done or any action taken in exercise of any of the powers conferred by or under the said Ordinance shall be deemed to have been done or taken in exercise of the powers conferred by or under this Act."
            }
        }
    },
    "Schedule": {},
    "Annexure": {},
    "Appendix": {},
    "Forms": {},
    "Footnotes": {}
}