{
    "Act Title": "THE FOREIGNERS LAW (APPLICATION AND AMENDMENT) ACT, 1962",
    "Act ID": "ACT NO. 42 OF 1962",
    "Enactment Date": "[24th November, 1962.]",
    "Act Definition": {
        "0": "An Act to apply the Registration of Foreigners Act, 1939 and the Foreigners Act, 1946 to certain persons to whom they do not at present apply and further to amend the Foreigners Act, 1946."
    },
    "Sections": {
        "Section 1.": {
            "heading": "Short title.",
            "paragraphs": {
                "0": "This Act may be called the Foreigners Law (Application and Amendment) Act, 1962."
            }
        },
        "Section 2.": {
            "heading": "Application of Act 16 of 1939 and Act 31 of 1946 to certain persons.",
            "paragraphs": {
                "0": "Notwithstanding anything contained in any other law for the time being in force, the provisions of the Registration of Foreigners Act, 1939, and the Foreigners Act, 1946, and of the rules and orders made thereunder shall apply to and in relation to any person who, or either of whose parents, or any of whose grand-parents was at any time a citizen or subject of any country at war with, or committing external aggression against, India or of any other country assisting the country at war with, or committing such aggression against, India, as they apply to and in relation to foreigners as defined for the purposes of those Acts."
            }
        },
        "Section 3.": {
            "heading": "[Repealed.]",
            "paragraphs": {
                "0": "[Amendment of Act of 31 of 1946.]\u2014Section 3 rep. by Repealing and Amending Act 56 of 1974, s. 2 and the First Schedule, (w.e.f. 20-12-1974)."
            }
        },
        "Section 4.": {
            "heading": "Repeal and saving.",
            "paragraphs": {
                "0": "(1) The Foreigners Law (Application and Amendment) Ordinance, 1962 (5 of 1962), is hereby repealed.",
                "1": "(2) Notwithstanding such repeal, anything done or any action taken under the said Ordinance shall be deemed to have been done or taken under this Act, as if this Act and commenced on the 26th October, 1962."
            }
        }
    },
    "Schedule": {},
    "Annexure": {},
    "Appendix": {},
    "Forms": {},
    "Footnotes": {}
}