{
    "Act Title": "THE DADRA AND NAGAR HAVELI ACT, 1961",
    "Act ID": "ACT NO. 35 OF 1961",
    "Enactment Date": "[2nd September, 1961.]",
    "Act Definition": {
        "0": "An Act to make provision for the representation of the Union territory of Dadra and Nagar Haveli in Parliament and for the administration of that Union territory and for matters connected therewith."
    },
    "Sections": {
        "Section 1.": {
            "heading": "Short title, extent and commencement.",
            "paragraphs": {
                "0": "(1) This Act may be called the Dadra and Nagar Haveli Act, 1961.",
                "1": "(2) It extends to the whole of the Union territory of Dadra and Nagar Haveli.",
                "2": "(3) It shall be deemed to have come into force on the 11th day of August, 1961."
            }
        },
        "Section 2.": {
            "heading": "Definitions.",
            "paragraphs": {
                "0": {
                    "text": "In this Act, unless the context otherwise requires,\u2014",
                    "contains": {
                        "0": "(a) \u201cAdministrator\u201d means the Administrator of the Union territory of Dadra and Nagar Haveli appointed by the President under article 239 of the Constitution;",
                        "1": "(b) \u201cappointed day\u201d means the eleventh day of August, 1961;",
                        "2": "(c) \u201cDadra and Nagar Haveli\u201d means the Union territory of Dadra and Nagar Haveli;",
                        "3": "(d) \u201cVarishta Panchayat\u201d means the Varishta Panchayat as in existence immediately before the appointed day."
                    }
                }
            }
        },
        "Section 3.": {
            "heading": "Representation in the House of the People.",
            "paragraphs": {
                "0": "(1) There shall be allotted one seat to the Union territory of Dadra and Nagar Haveli in the House of the People.",
                "1": {
                    "text": "(2) In the Representation of the People Act, 1950 (43 of 1950),\u2014",
                    "contains": {
                        "0": "(a) in section 4, in sub-section (1), after the words \u201cto the Laccadive, Minicoy and Amindivi Islands\u201d. the words \u201c, to Dadra and Nagar Haveli\u201d shall be inserted:",
                        "1": {
                            "text": "(b) in the First Schedule,\u2014",
                            "contains": {
                                "0": {
                                    "text": "(i) after entry 21, the following entry shall be inserted, namely:\u2014",
                                    "contains": {
                                        "0": "\u201c22. Dadra and Nagar Haveli..........1\u201d;"
                                    }
                                },
                                "1": "(ii) entries 22 and 23 shall be re-numbered as entries 23 and 24 respectively."
                            }
                        }
                    }
                },
                "2": "(3) In the Representation of the People Act, 1951 (43 of 1951), in section 4, after the words \u201cto the Laccadive, Minicoy and Amindivi Islands\u201d, the words \u201c, to Dadra and Nagar Haveli\u201d shall be inserted."
            }
        },
        "Section 4.": {
            "heading": "Varishta Panchayat.",
            "paragraphs": {
                "0": {
                    "text": "(1) Until other provision is made by law, as from the commencement of this Act the Varishta Panchayat shall have the right to discuss and make recommendations to the Administrator on,\u2014",
                    "contains": {
                        "0": "(a) matters of administration involving general policy and schemes of development;",
                        "1": "(b) any other matter referred to it by the Administrator."
                    }
                },
                "1": "(2) The functions of the Varishta Panchayat referred to in this section will be advisory only but due regard shall be given to such advice by the Administrator in reaching decisions on the matter in relation to which the advice is given.",
                "2": "(3) No act or proceeding of the Varishta Panchayat shall be invalid by reason only of the existence of any vacancy amongst its members or any defect in the constitution thereof.",
                "3": "(4) Every member of the Varishta Panchayat shall before entering upon his duties under this Act make and subscribe before the Administrator an oath or affirmation in the following form, namely:\u2014 \u201cI, A.B., a member of the Varishta Panchayat of the Union territory of Dadra and Nagar Haveli, do swear in the name of God that I will bear true faith and allegiance to the Constitution of India solemly affirm as by law established and that I will faithfully discharge the duty upon which I am about to enter.\u201d."
            }
        },
        "Section 5.": {
            "heading": "Other functionaries.",
            "paragraphs": {
                "0": "Without prejudice to the powers of the Central Government to appoint from time to time such officers and authorities as may be necessary for the administration of Dadra and Nagar Haveli, all judges, magistrates and other officers and authorities who immediately before the appointed day were exercising lawful functions in Free Dadra and Nagar Haveli or any part thereof shall, until other provision is made by law, continue to exercise in connection with the administration of Dadra and Nagar Haveli their respective functions in the same manner and to the same extent as before the appointed day."
            }
        },
        "Section 6.": {
            "heading": "Property and assets.",
            "paragraphs": {
                "0": "It is hereby declared that all property and assets which immediately before the appointed day vested in the Varishta Panchayat or the Administrator of Free Dadra and Nagar Haveli shall, as from that day, vest in the Union."
            }
        },
        "Section 7.": {
            "heading": "Rights and obligations.",
            "paragraphs": {
                "0": "All rights, liabilities and obligations of the Varishta Panchayat or the Administrator of Free Dadra and Nagar Haveli in relation to Free Dadra and Nagar Haveli shall, as from the appointed day, be the rights, liabilities and obligations of the Central Government."
            }
        },
        "Section 8.": {
            "heading": "Continuance of existing laws.",
            "paragraphs": {
                "0": "Save as otherwise provided in this Act all laws in force in Free Dadra and Nagar Haveli immediately before the appointed day shall continue to be in force until repealed or amended by Parliament or other competent authority."
            }
        },
        "Section 9.": {
            "heading": "Continuance of existing taxes.",
            "paragraphs": {
                "0": "All taxes, duties, cesses or fees which, immediately before the appointed day, were being lawfully levied in Free Dadra and Nagar Haveli or any part thereof shall continue to be levied and to be applied to the same purposes, until other provisions is made by Parliament or other competent authority."
            }
        },
        "Section 10.": {
            "heading": "Power to extend enactments to Dadra and Nagar Haveli.",
            "paragraphs": {
                "0": "The Central Government may, by notification in the Official Gazette, extend with such restrictions or modifications as it thinks fit, to Dadra and Nagar Haveli any enactment which is in force in a State at the date of the notification."
            }
        },
        "Section 11.": {
            "heading": "Extension of the jurisdiction of Bombay High Court to Dadra and Nagar Haveli.",
            "paragraphs": {
                "0": "As from such date as the Central Government may, by notification in the Official Gazette, specify the jurisdiction of the High Court at Bombay shall extend to Dadra and Nagar Haveli."
            }
        },
        "Section 12.": {
            "heading": "Powers of courts and other authorities for purposes of facilitating the application of laws.",
            "paragraphs": {
                "0": "For the purpose of facilitating the application of any law in Dadra and Nagar Haveli, any court or other authority may construe any such law with such alterations not affecting the substance, as may be necessary or proper to adapt it to the matter before the court or other authority."
            }
        },
        "Section 13.": {
            "heading": "Power to remove difficulties.",
            "paragraphs": {
                "0": "(1) If any difficulty arises in giving effect to the provisions of this Act or in connection with the administration of Dadra and Nagar Haveli, the Central Government may, by order, make such further provision as appears to it to be necessary or expedient for removing the difficulty.",
                "1": "(2) Any order under sub-section (1) may be made so as to be retrospective to any date not earlier than the appointed day."
            }
        },
        "Section 14.": {
            "heading": "Power to make rules.",
            "paragraphs": {
                "0": "(1) The Central Government may, by notification in the Official Gazette, make rules to carry out the purposes of this Act.",
                "1": {
                    "text": "(2) In particular, and without prejudice to the generality of the foregoing powers, such rules may provide for all or any of the following matters, namely:\u2014",
                    "contains": {
                        "0": "(a) the manner in which casual vacancies in the Varishta Panchayat may be filled;",
                        "1": "(b) the meetings of the Varishta Panchayat, the conduct of business and the procedure to be followed at such meetings;",
                        "2": "(c) any other matter which has to be, or may be, prescribed."
                    }
                },
                "2": "(3) Every rule made under this Act shall be laid as soon as may be after it is made before each House of Parliament while it is in session for a total period of thirty days which may be comprised in one session or 1[in two or more successive sessions, and if, before the expiry of the session immediately following the session or the successive sessions aforesaid] both Houses agree in making any modification in the rule or both Houses agree that the rule should not be made, the rule shall thereafter have effect only in such modified form or be of no effect, as the case may be, so however that any such modification or annulment shall be without prejudice to the validity of anything previously done under that rule."
            }
        }
    },
    "Schedule": {},
    "Annexure": {},
    "Appendix": {},
    "Forms": {},
    "Footnotes": {
        "Page 4": {
            "0": "1. Subs. by Act 4 of 1986, s. 2 and the First Schedule, for centain words  (w.e.f. 15-5-1986)."
        }
    }
}