{
    "Act Title": "THE DISPLACED PERSONS (COMPENSATION AND REHABILITATION) AMENDMENT ACT, 1960",
    "Act ID": "ACT NO. 2 OF 1960",
    "Enactment Date": "[27th February, 1960.]",
    "Act Definition": {
        "0": "An Act further to amend the Displaced Persons (Compensation and Rehabilitation) Act, 1954."
    },
    "Sections": {
        "Section 1.": {
            "heading": "Short title.",
            "paragraphs": {
                "0": "This Act may be called the Displaced Persons (Compensation and Rehabilitation) Amendment Act, 1960."
            }
        },
        "Section 2.": {
            "heading": "Amendment of section 2.",
            "paragraphs": {
                "0": "[Amendment of section 2.] Rep. by the Repealing and Amending Act (52 of 1964), s. 2 and the First Schedule (w.e.f. 29-12-1964)."
            }
        },
        "Section 3.": {
            "heading": "Amendment of section 3.",
            "paragraphs": {
                "0": "[Amendment of section 3.] Rep. by the s. 2 and the First Schedule, ibid. (w.e.f. 29-12-1964)."
            }
        },
        "Section 4.": {
            "heading": "Amendment of section 19.",
            "paragraphs": {
                "0": "[Amendment of section 19.] Rep. by the s. 2 and the First Schedule, ibid. (w.e.f. 29-12-1964)."
            }
        },
        "Section 5.": {
            "heading": "Amendment of section 20.",
            "paragraphs": {
                "0": "[Amendment of section 20.] Rep. by the s. 2 and the First Schedule, ibid. (w.e.f. 29-12-1964)."
            }
        },
        "Section 6.": {
            "heading": "Insertion of new section 20B.",
            "paragraphs": {
                "0": "[Insertion of new section 20B.] Rep. by the s. 2 and the First Schedule, ibid. (w.e.f. 29-12-1964)."
            }
        },
        "Section 7.": {
            "heading": "Amendment of section 26.",
            "paragraphs": {
                "0": "[Amendment of section 26.] Rep. by the s. 2 and the First Schedule, ibid. (w.e.f. 29-12-1964)."
            }
        },
        "Section 8.": {
            "heading": "Amendment of section 31.",
            "paragraphs": {
                "0": "[Amendment of section 31.] Rep. by the s. 2 and the First Schedule, ibid. (w.e.f. 29-12-1964)."
            }
        },
        "Section 9.": {
            "heading": "Amendment of section 34.",
            "paragraphs": {
                "0": "[Amendment of section 34.] Rep. by the s. 2 and the First Schedule, ibid. (w.e.f. 29-12-1964)."
            }
        },
        "Section 10.": {
            "heading": "Amendment of section 40.",
            "paragraphs": {
                "0": "[Amendment of section 40.] Rep. by the s. 2 and the First Schedule, ibid. (w.e.f. 29-12-1964)."
            }
        },
        "Section 11.": {
            "heading": "Validation of certain action taken.",
            "paragraphs": {
                "0": "(1) Any fees in respect of appeals, revisions or other applications which, before the commencement of this Act, have been levied under the Displaced Persons (Compensation and Rehabilitation) Act, 1954 (44 of 1954), shall be deemed to have been validly levied, as if this Act and the amendments made thereby were in force when such fees had been levied.",
                "1": "(2) No order made, no action taken and nothing done before the commencement of this Act by any persons exercising the powers of a Deputy Chief Settlement Commissioner shall be invalid or shall be deemed ever to have been invalid merely by reason of any defect in, or invalidity of, the appointment of such person and such appointment shall be deemed to have been validly made, as if this Act and the amendments made thereby were in force on the date of such appointment."
            }
        }
    },
    "Schedule": {},
    "Annexure": {},
    "Appendix": {},
    "Forms": {},
    "Footnotes": {}
}