{
    "Act Title": "THE WAREHOUSING CORPORATIONS ACT, 1962",
    "Act ID": "ACT NO. 58 OF 1962",
    "Enactment Date": "[19th December, 1962.]",
    "Act Definition": {
        "0": "An Act to provide for the incorporation and regulation of corporations for the purpose of warehousing of agricultural produce and certain other commodities and for matters connected therewith."
    },
    "Chapters": {
        "0": {
            "ID": "CHAPTER I",
            "Name": "PRELIMINARY",
            "Sections": {
                "Section 1.": {
                    "heading": "Short title, extent and commencement.",
                    "paragraphs": {
                        "0": "(1) This Act may be called the Warehousing Corporations Act, 1962.",
                        "1": "(2) It extends to the whole of India 1* * *.",
                        "2": "(3) It shall come into force on such date2 as the Central Government may, by notification in the Official Gazette, appoint."
                    }
                },
                "Section 2.": {
                    "heading": "Definitions.",
                    "paragraphs": {
                        "0": {
                            "text": "In this Act, unless the context otherwise requires,\u2015",
                            "contains": {
                                "0": {
                                    "text": "(a) \u201cagricultural produce\u201d means any of the following classes of commodities, namely:\u2015",
                                    "contains": {
                                        "0": "(i) foodstuffs, including edible oil-seeds;",
                                        "1": "(ii) cattle fodder, including oil-cakes and other concentrates;",
                                        "2": "(iii) raw cotton, whether ginned or unginned, and cotton seed;",
                                        "3": "(iv) raw jute; and",
                                        "4": "(v) vegetable oils;"
                                    }
                                },
                                "1": "(b) \u201cappropriate Government\u201d means in relation to the Central Warehousing Corporation, the Central Government, and in relation to a State Warehousing Corporation, the State Government;",
                                "2": "(c) \u201cCentral Warehousing Corporation\u201d means the Central Warehousing Corporation established under section 3;",
                                "3": "(d) \u201cco-operative society\u201d means a society registered or deemed to be registered under the Co- operative Societies Act, 1912 (2 of 1912), or under any other law with respect to co-operative societies for the time being in force in any State, which is engaged in the processing, marketing, storage, export or import of agricultural produce or any notified commodity or in insurance business and includes a co-operative land mortgage bank;",
                                "4": "3[(dd) \u201cnationalised bank\u201d means a corresponding new bank specified in the First Schedule to the Banking Companies (Acquisition and Transfer of Undertakings) Act, 1970 (5 of 1970); 4[or a corresponding new bank specified in the First Schedule to the Banking Companies (Acquisition and Transfer of Undertakings) Act, 1980 (40 of 1980).]",
                                "5": "(e) \u201cnotified commodity\u201d means any commodity (other than agricultural produce) which the Central Government may, by notification in the Official Gazette, declare to be a notified commodity for the purposes of this Act, being a commodity with respect to which Parliament has power to make laws by virtue of entry 33 in List III in the Seventh Schedule to the Constitution;",
                                "6": "(f) \u201cprescribed\u201d means prescribed by rules made under this Act;",
                                "7": "(g) \u201crecognised association\u201d means an association which is for the time being recognised by the Central Government under section 6 of the Forward Contracts (Regulation) Act, 1952 (74 of 1952);",
                                "8": "(h) \u201cReserve Bank\u201d means the Reserve Bank of India constituted under the Reserve Bank of India Act, 1934 (2 of 1934);",
                                "9": "(i) \u201cscheduled bank\u201d means a bank for the time being included in the Second Schedule to the Reserve Bank of India Act, 1934 (2 of 1934) 1[, and includes a nationalised bank];",
                                "10": "(j) \u201cState Bank\u201d means the State Bank of India constituted under the State Bank of India Act, 1955 (23 of 1955);",
                                "11": "(k) \u201cState Warehousing Corporation\u201d means a Warehousing Corporation for a State established or deemed to be established under this Act;",
                                "12": "(l) \u201cWarehousing Corporation\u201d means a Warehousing Corporation established or deemed to be established under this Act; and",
                                "13": "(m) \u201cyear\u201d means the financial year."
                            }
                        }
                    }
                },
                "Section 2A.": {
                    "heading": "Construction of references to any law not in force or any functionary not in existence in any State.",
                    "paragraphs": {
                        "0": "Any reference in this Act to any law which is not in force, or any functionary not in existence, in any State, shall, in relation to that State, be construed as a reference to the corresponding law in force, or the corresponding functionary in existence, in that State.]"
                    }
                }
            }
        },
        "1": {
            "ID": "CHAPTER II",
            "Name": "THE CENTRAL WAREHOUSING CORPORATION",
            "Sections": {
                "Section 3.": {
                    "heading": "The Central Warehousing Corporation.",
                    "paragraphs": {
                        "0": "(1) With effect from such date as the Central Government may, by notification in the Official Gazette, specify in this behalf, the Central Government shall establish a Corporation by the name of the Central Warehousing Corporation which shall be a body corporate having perpetual succession and a common seal with power to acquire, hold and dispose of property and to contract, and may, by the said name, sue and be sued.",
                        "1": "(2) The head-office of the Central Warehousing Corporation shall be at New Delhi 3[or at such other place as the Central Government may, by notification in the Official Gazette, specify]."
                    }
                },
                "Section 4.": {
                    "heading": "Share capital and shareholders.",
                    "paragraphs": {
                        "0": "(1) The authorised share capital of the Central Warehousing Corporation shall be twenty crores of rupees divided into two hundred thousand shares of the face value of one thousand rupees each; any shares remaining to be issued may be issued, with the sanction of the Central Government from time to time, as and when the Central Warehousing Corporation may deem fit:",
                        "1": "4[Provided that the Central Government may, from time to time, by order notified in the Official Gazette, increase the authorised share capital of the Central Warehousing Corporation to such extent and in such manner as that Government may determine.]",
                        "2": {
                            "text": "(2) 1[The Central Government shall, after due appropriation made by Parliament by law for the purpose,] subscribe for forty per cent. of the share capital issued at any time and the remaining sixty per cent. of the share capital may be subscribed for, within such period and in such proportion as may be specified by the Central Government, by the following institutions, namely:\u2015",
                            "contains": {
                                "0": "(a) the State Bank;",
                                "1": "(b) other scheduled banks;",
                                "2": "(c) co-operative societies;",
                                "3": "(d) insurance companies, investment trusts and other financial institutions;",
                                "4": "(e) recognised associations and companies dealing in agricultural produce or any notified commodity."
                            }
                        },
                        "3": "(3) If any portion of the sixty per cent. of the share capital referred to in sub-section (2) remains unallotted, it may be subscribed for by the Central Government and the State Bank in such proportion as may be agreed upon between them and in default of such agreement, as may be determined by the Central Government.",
                        "4": "(4) The shares of the Central Warehousing Corporation shall not be transferable except to the Central Government, 2[the State Bank or any other scheduled bank], any insurance company, any investment trust or other financial institution or any co-operative society or any recognised association or company dealing in agricultural produce or any notified commodity, in accordance with the regulations made by the Central Warehousing Corporation under this Act."
                    }
                },
                "Section 5.": {
                    "heading": "Certain shares to be approved securities.",
                    "paragraphs": {
                        "0": {
                            "text": "Notwithstanding anything contained in the Acts mentioned in this section, the shares of the Central Warehousing Corporation shall be deemed to be\u2015",
                            "contains": {
                                "0": "(a) included among other securities enumerated in section 20 of the Indian Trusts Act, 1882 (2 of 1882); and",
                                "1": "(b) the approved securities for the purposes of the Insurance Act, 1938 (4 of 1938) and the Banking Regulation Act, 1949 (10 of 1949).]"
                            }
                        }
                    }
                },
                "Section 6.": {
                    "heading": "Management of Central Warehousing Corporation.",
                    "paragraphs": {
                        "0": "(1) The general superintendence and management of the affairs and business of the Central Warehousing Corporation shall vest in a board of directors who, with the assistance of an Executive Committee and a managing director, may exercise all the powers and discharge all the functions which may be exercised or discharged by the Central Warehousing Corporation under this Act.",
                        "1": "(2) The board of directors shall act on business principles having regard to public interest and shall be guided by such instructions on questions of policy as may be given to them by the Central Government.",
                        "2": "(3) If any doubt arises as to whether a question is or is not a question of policy, the decision of the Central Government shall be final."
                    }
                },
                "Section 7.": {
                    "heading": "Directors.",
                    "paragraphs": {
                        "0": {
                            "text": "(1) The board of directors referred to in section 6 shall consist of the following, namely:\u2015",
                            "contains": {
                                "0": "(a) six directors to be nominated by the Central Government;",
                                "1": "1* * * * *",
                                "2": "(c) one director to be nominated by the State Bank;",
                                "3": "(d) one director to be elected by other scheduled banks;",
                                "4": "(e) one director to be elected by co-operative societies;",
                                "5": "(f) one director to be elected by insurance companies, investment trusts and other financial institutions, recognised associations and companies dealing in agricultural produce or notified commodities;",
                                "6": "2[(ff) three directors to be appointed by the Central Government;]",
                                "7": "(g) a managing director, appointed by the Central Government in consultation with the directors referred to in clauses (a) to (f):"
                            }
                        },
                        "1": "Provided that the three directors to be elected under clauses (d), (e) and (f) may, for the first constitution of the board of directors, be nominated by the Central Government in such manner as to give representation to each class of institutions (whether they have become shareholders of the Corporation or not) referred to in those clauses, but a director so nominated shall hold office only until he is replaced by a director elected as provided in that clause, and the director so elected shall hold office only for so long as the director replaced would have held office had he not been replaced.",
                        "2": "(2) The directors referred to in clauses (d), (e) and (f) of sub-section (1) shall be elected in the prescribed manner.",
                        "3": "(3) If, within the period prescribed in this behalf, or within such further period as the Central Government may allow, the institutions referred to in clause (d) or clause (e) or clause (f) of sub-section (1) fail to elect a director, the Central Government may nominate a director to fill the vacancy.",
                        "4": "(4) The board of directors shall have a Chairman 3*** who shall be appointed by the Central Government from among the directors.",
                        "5": "2[(4A) The directors appointed under clause (ff) of sub-section (1) shall be entitled to receive such salary and allowances as the Central Warehousing Corporation may, with the approval of the Central Government, determine.]",
                        "6": {
                            "text": "(5) The managing director shall\u2014",
                            "contains": {
                                "0": "(a) exercise such powers and perform such duties as the board of directors or the Central Warehousing Corporation may entrust or delegate to him; and",
                                "1": "(b) receive such salary and allowances as the Central Warehousing Corporation may, with the approval of the Central Government, fix."
                            }
                        },
                        "7": "(6) The directors of the Central Warehousing Corporation other than the managing director shall be entitled to receive by way of remuneration such sums as the Central Warehousing Corporation may, with the approval of the Central Government, fix:",
                        "8": "Provided that no official director shall be entitled to receive any remuneration other than the allowances, if any, admissible to him under the rules regulating his conditions of service.",
                        "9": "(7) The term of office of, and the manner of filling casual vacancies among, the directors shall be such as may be prescribed."
                    }
                },
                "Section 8.": {
                    "heading": "Disqualification for office of director of the Central Warehousing Corporation.",
                    "paragraphs": {
                        "0": {
                            "text": "A person shall be disqualified for being chosen as, and for being, a director of the Central Warehousing Corporation\u2014",
                            "contains": {
                                "0": "(i) if he is found to be a lunatic or becomes of unsound mind; or",
                                "1": "(ii) if he is, or at any time has been, adjudicated insolvent or has suspended payment of his debts or has compounded with his creditors; or",
                                "2": "(iii) if he is or has been convicted of any offence involving moral turpitude and sentenced in respect thereof to imprisonment for not less than six months, unless a period of five years has elapsed from the date of expiry of the sentence; or",
                                "3": "(iv) if he has been removed or dismissed from the service of Government or a Corporation owned and controlled by the Government; or",
                                "4": "(v) except in the case of 1[the directors appointed under clause (ff) of sub-section (1) of section 7 and the managing director], if he is a salaried official of the Central Warehousing Corporation or any State Warehousing Corporation; or",
                                "5": "(vi) if he is personally interested in any subsisting contract made with, or in any work being done for the Central Warehousing Corporation except as a shareholder (other than a director) in any public company as defined in the Companies Act, 1956 (1 of 1956):",
                                "6": "Provided that where any such person is a shareholder, he shall disclose to the Central Warehousing Corporation the nature and extent of shares held by him in such company."
                            }
                        }
                    }
                },
                "Section 9.": {
                    "heading": "Removal of directors from office.",
                    "paragraphs": {
                        "0": "(1) The Central Government may, at any time in consultation with the Central Warehousing Corporation, remove the managing director from office after giving him a reasonable opportunity of showing cause against the proposed removal.",
                        "1": {
                            "text": "(2) The board of directors may remove from office any director who\u2014",
                            "contains": {
                                "0": "(a) is or has become subject to any of the disqualifications mentioned in section 8; or",
                                "1": "(b) is absent without leave of the board of directors for more than three consecutive meetings of the board without cause sufficient in the opinion of the board, to exonerate his absence."
                            }
                        }
                    }
                },
                "Section 10.": {
                    "heading": "Appointment of officers, etc., and their conditions of service.",
                    "paragraphs": {
                        "0": "(1) The Central Warehousing Corporation may appoint such officers and other employees as it considers necessary for the efficient performance of its functions.",
                        "1": "(2) Every person employed by the Central Warehousing Corporation under this Act shall be subject to such conditions of service and shall be entitled to such remuneration as may be determined by regulations made by the Corporation under this Act."
                    }
                },
                "Section 11.": {
                    "heading": "Functions of Central Warehousing Corporation.",
                    "paragraphs": {
                        "0": {
                            "text": "Subject to the provisions of this Act, the Central Warehousing Corporation may\u2014",
                            "contains": {
                                "0": "(a) acquire and build godowns and warehouses at such suitable places in India 2[ or aboard] as it thinks fit;",
                                "1": "(b) run warehouses for the storage of agricultural produce, seeds, manures, fertilizers, agricultural implements and notified commodities offered by individuals, co- operative societies and other institutions;",
                                "2": "(c) arrange facilities for the transport of agricultural produce, seeds, manures, fertilizers, agricultural implements and notified commodities to and from warehouses;",
                                "3": "(d) subscribe to the share capital of a State Warehousing Corporation;",
                                "4": "(e) act as agent of the Government for the purposes of the purchase, sale, storage and distribution of agricultural produce, seeds, manures, fertilizers, agricultural implements and notified commodities; 1* * *",
                                "5": "2[(ea) enter into, with the previous approval of the Central Government, joint ventures with any corporation established by or under any Central Act or any State Act or with any company formed and registered under the Companies Act, 1956 (1 of 1956) including foreign company or through its subsidiary companies, for carrying out the purposes of this Act.",
                                "6": "Explanation.\u2015For the purposes of this clause, the expression \u201cforeign company\u201d shall have the meaning assigned to it under clause (23A) of section 2 of the Income-tax Act, 1961 (43 of 1961).",
                                "7": "(eb) establish subsidiary companies; and]",
                                "8": "(f) carry out such other functions as may be prescribed."
                            }
                        }
                    }
                },
                "Section 12.": {
                    "heading": "Executive Committee.",
                    "paragraphs": {
                        "0": {
                            "text": "(1) There shall be an Executive Committee of the Central Warehousing Corporation which shall consist of\u2014",
                            "contains": {
                                "0": "(a) the Chairman 3*** of the board of directors;",
                                "1": "(b) the managing director; and",
                                "2": "(c) two other directors chosen by the Corporation in the prescribed manner."
                            }
                        },
                        "1": "4[(2) The Chairman of the board of directors shall be the Chairman of the Executive Committee.]",
                        "2": "(3) Subject to the general control, direction and superintendence of the board of directors, the Executive Committee shall be competent to deal with any matter within the competence of the Central Warehousing Corporation."
                    }
                },
                "Section 13.": {
                    "heading": "Meetings of the Corporation.",
                    "paragraphs": {
                        "0": "(1) The annual general meeting of the Central Warehousing Corporation (hereinafter referred to as the annual general meeting) shall be held every year either at its head-office or at any other office of the Corporation within six months of the close of the financial year, and any other general meeting may be convened by the board of directors at any other time.",
                        "1": "(2) The shareholders present at the annual general meeting shall be entitled to discuss the annual accounts, the report of the board of directors on the working of the Corporation during the year under report, as well as the auditors\u2019 report on the annual balance-sheet and accounts.",
                        "2": "(3) The board of directors of the Central Warehousing Corporation shall, on the requisition of one-third of the number of shareholders of the Corporation, call a special meeting of the Corporation.",
                        "3": "(4) The requisition for a special meeting under sub-section (3) shall state the object of the meeting, and shall be signed by the requisitionists and deposited at the head-office of the Corporation, and may consist of several documents in like form each signed by one or more requisitionists.",
                        "4": "(5) If the board of directors of the Central Warehousing Corporation do not proceed within twenty-one days from the date of the requisition being so deposited to cause the special meeting to be called, the requisitionists, or a majority of them, may, themselves call the meeting, but in either case, the meeting so called shall be held within three months from the date of the deposit of the requisition.",
                        "5": "(6) The Central Warehousing Corporation shall observe such rules of procedure in regard to the transaction of business at its meetings (including the quorum at meetings) as may be provided by regulations made by the Central Warehousing Corporation under this Act."
                    }
                },
                "Section 14.": {
                    "heading": "Grants and loans by the Central Government.",
                    "paragraphs": {
                        "0": {
                            "text": "(1) The Central Government may, after due appropriation made by Parliament by law in this behalf, pay to the Central Warehousing Corporation for the purposes of either fund maintained by the Corporation\u2014",
                            "contains": {
                                "0": "(a) by way of grants, such sums of money as the Central Government may consider necessary; and",
                                "1": "(b) by way of loans, such sums of money on such terms and conditions as the Central Government may determine;"
                            }
                        },
                        "1": "(2) When making a payment under sub-section (1), the Central Government shall specify the fund for the purposes of which the payment is made."
                    }
                },
                "Section 15.": {
                    "heading": "Corporation to maintain two funds.",
                    "paragraphs": {
                        "0": {
                            "text": "The Central Warehousing Corporation shall maintain two separate funds, namely:\u2015",
                            "contains": {
                                "0": "(a) the Central Warehousing Fund (hereinafter referred to as the Warehousing Fund); and",
                                "1": "(b) the General Fund."
                            }
                        }
                    }
                },
                "Section 16.": {
                    "heading": "Warehousing Fund.",
                    "paragraphs": {
                        "0": {
                            "text": "(1) To the Warehousing Fund shall be credited\u2014",
                            "contains": {
                                "0": "(a) all moneys and other securities transferred to the Central Warehousing Corporation under clause (c) of sub-section (2) of section 43;",
                                "1": "(b) such grants and loans as the Central Government may make for the purposes of the Warehousing Fund; and",
                                "2": "(c) such sums of money as may, from time to time, be realised out of the loans made from the Warehousing Fund or from interest on loans or dividends on investments made from that fund."
                            }
                        },
                        "1": {
                            "text": "(2) The Warehousing Fund shall be applied\u2014",
                            "contains": {
                                "0": "(a) for advancing loans to State Governments on such terms and conditions as the Central Warehousing Corporation may deem fit for the purpose of enabling them to subscribe to the share capital of State Warehousing Corporations;",
                                "1": "(b) for advancing loans and granting subsidies to State Warehousing Corporations or to State Governments on such terms and conditions as the Central Warehousing Corporation may deem fit for the purpose of promoting the warehousing and storage of agricultural produce and notified commodities, otherwise than through co-operative societies;",
                                "2": "1[(c) for meeting the expenses incurred in relation to the training of personnel, or publicity and propaganda, for the purpose of promoting warehousing and storage of agricultural produce and notified commodities;",
                                "3": "(d) for meeting the expenses, including the salary, allowances and other remuneration of the officers and other employees, incurred in relation to the administration of the Warehousing Fund.]"
                            }
                        }
                    }
                },
                "Section 17.": {
                    "heading": "General Fund.",
                    "paragraphs": {
                        "0": {
                            "text": "(1) To the General Fund shall be credited\u2014",
                            "contains": {
                                "0": "(a) all sums received by the Central Warehousing Corporation other than those referred to in sub-section (1) of section 16; and",
                                "1": "(b) such grants and loans as the Central Government may make for the purposes of the General Fund."
                            }
                        },
                        "1": {
                            "text": "(2) The General Fund shall be applied\u2014",
                            "contains": {
                                "0": "(a) for meeting the salary, allowances and other remuneration of the officers and other employees of the Central Warehousing Corporation;",
                                "1": "(b) for meeting the other administrative expenses of the Corporation; and",
                                "2": "(c) for carrying out the purposes of this Act:"
                            }
                        },
                        "2": "1[Provided that the General Fund shall not be applied for meeting the expenses referred to in clause (c) or clause (d) of sub-section (2) of section 16.]"
                    }
                }
            }
        },
        "2": {
            "ID": "CHAPTER III",
            "Name": "STATE WAREHOUSING CORPORATIONS",
            "Sections": {
                "Section 18.": {
                    "heading": "State Warehousing Corporations.",
                    "paragraphs": {
                        "0": "(1) The State Government may, by notification in the Official Gazette and with the approval of the Central Warehousing Corporation, establish a Warehousing Corporation for the State under such name as may be specified in the notification.",
                        "1": "(2) A State Warehousing Corporation established under sub-section (1) shall be a body corporate by the name notified under that sub-section, having perpetual succession and a common seal, with power to acquire, hold and dispose of property and to contract, and may, by the said name, sue and be sued.",
                        "2": "(3) The head-office of a State Warehousing Corporation shall be at such place within the State as may be notified in the Official Gazette.",
                        "3": "(4) Notwithstanding anything contained in sub-sections (1), (2) and (3), it shall not be necessary for the State Government to establish a Corporation under sub-section (1) where, under clause (g) of sub-section (2) of section 43, a Corporation is deemed to be established for that State under this Act."
                    }
                },
                "Section 19.": {
                    "heading": "Share capital and shareholders.",
                    "paragraphs": {
                        "0": "(1) The authorised capital of a State Warehousing Corporation shall be such sum not exceeding two crores of rupees as may be prescribed, divided into shares of the face value of one hundred rupees each, of which such number as may be determined by the Corporation in consultation with the State Government shall be issued in the first instance and the remaining shares may be issued, from time to time, as and when the Corporation may deem fit after consultation with the Central Warehousing Corporation and with the sanction of the State Government:",
                        "1": "2[Provided that in respect of any State Warehousing Corporation the Central Government may, after consultation with the State Government concerned, from time to time and by order notified in the Official Gazette, increase the maximum limit of the authorised capital aforesaid to such extent and in such manner as the Central Government may determine.]",
                        "2": "(2) Of the share capital issued in the first instance and of any subsequent issue of such capital, the Central Warehousing Corporation shall, in any case where the State Government has subscribed for fifty per cent. of such capital, subscribe for the remaining fifty per cent. of the capital."
                    }
                },
                "Section 20.": {
                    "heading": "Management of a State Warehousing Corporation.",
                    "paragraphs": {
                        "0": {
                            "text": "(1) The general superintendence and management of the affairs of a State Warehousing Corporation shall vest in a board of directors which shall consist of the following, namely:\u2015",
                            "contains": {
                                "0": "(a) five directors nominated by the Central Warehousing Corporation, of whom one shall be nominated in consultation with the State Bank and one at least shall be a non-official;",
                                "1": "(b) five directors nominated by the State Government; and",
                                "2": "(c) a managing director, appointed by the State Government in consultation with the directors referred to in clauses (a) and (b) and 3[under intimation to] with the previous approval of the Central Warehousing Corporation."
                            }
                        },
                        "1": "(2) The Chairman of the board of directors shall be appointed by the State Government from among the directors of the State Warehousing Corporation with the previous approval of the Central Warehousing Corporation.",
                        "2": {
                            "text": "(3) The managing director shall\u2014",
                            "contains": {
                                "0": "(a) exercise such powers and perform such duties as the board of directors or the State Warehousing Corporation may entrust or delegate to him; and",
                                "1": "(b) receive such salary and allowances as the State Warehousing Corporation may, in consultation with the Central Warehousing Corporation, and with previous approval of the State Government, fix."
                            }
                        },
                        "3": "(4) The board of directors shall act on business principles having regard to public interest and shall be guided by such instructions on questions of policy as may be given to them by the State Government or the Central Warehousing Corporation.",
                        "4": "(5) If any doubt arises as to whether a question is or is not a question of policy, or, if the State Government and the Central Warehousing Corporation give conflicting instructions, the matter shall be referred to the Central Government whose decision thereon shall be final.",
                        "5": "(6) The directors of a State Warehousing Corporation, other than the managing director, shall be entitled to receive by way of remuneration such sums as may be prescribed:",
                        "6": "Provided that no official director shall be entitled to receive any remuneration other than any allowances admissible to him under the rules regulating his conditions of service.",
                        "7": "(7) The term of office of, and the manner of filling casual vacancies among, directors shall be such as may be prescribed."
                    }
                },
                "Section 21.": {
                    "heading": "Disqualification for office of director of the Corporation.",
                    "paragraphs": {
                        "0": {
                            "text": "A person shall be disqualified for being chosen as, and for being, a director of a State Warehousing Corporation\u2014",
                            "contains": {
                                "0": "(i) if he is found to be a lunatic or becomes of unsound mind; or",
                                "1": "(ii) if he is, or at any time has been, adjudicated insolvent or has suspended payment of his debts or has compounded with his creditors; or",
                                "2": "(iii) if he is or has been convicted of any offence involving moral turpitude and sentenced in respect thereof to imprisonment for not less than six months, unless a period of five years has elapsed from the date of expiry of the sentence; or",
                                "3": "(iv) if he has been removed or dismissed from service of Government or a corporation owned and controlled by the Government; or",
                                "4": "(v) except in the case of the managing director, if he is a salaried official of 1* * * a State Warehousing Corporation; or",
                                "5": "(vi) if he is personally interested in a subsisting contract made with, or in any work being done for, the State Warehousing Corporation except as a shareholder (other than a director) in any public company as defined in the Companies Act, 1956 (1 of 1956):"
                            }
                        },
                        "1": "Provided that where any such person is a shareholder, he shall disclose to the Warehousing Corporation the nature and extent of the shares held by him in such company."
                    }
                },
                "Section 22.": {
                    "heading": "Removal of directors from office.",
                    "paragraphs": {
                        "0": "(1) The State Government may, at any time, 2[under intimation to] of the Central Warehousing Corporation, remove the managing director from office after giving him a reasonable opportunity of showing cause against the proposed removal.",
                        "1": {
                            "text": "(2) The board of directors may remove from office any director who\u2014",
                            "contains": {
                                "0": "(a) is or has become subject to any of the disqualifications mentioned in section 21; or",
                                "1": "(b) is absent without leave of the board of directors for more than three consecutive meetings of the board without cause sufficient, in the opinion of the board, to exonerate his absence."
                            }
                        }
                    }
                },
                "Section 23.": {
                    "heading": "Appointment of officers, etc., and their conditions of service.",
                    "paragraphs": {
                        "0": "(1) A State Warehousing Corporation may appoint such officers and other employees as it considers necessary for the efficient performance of its functions.",
                        "1": "(2) Every person employed by a State Warehousing Corporation under this Act shall be subject to such conditions of service and shall be entitled to such remuneration as may be determined by regulations made by the Corporation under this Act."
                    }
                },
                "Section 24.": {
                    "heading": "Functions of the State Warehousing Corporation.",
                    "paragraphs": {
                        "0": {
                            "text": "Subject to the provisions of this Act, a State Warehousing Corporation may\u2014",
                            "contains": {
                                "0": "(a) acquire and build godowns and warehouses at such places within the State as it may, 1[after consultation with] the Central Warehousing Corporation, determine;",
                                "1": "(b) run warehouses in the State for the storage of agricultural produce, seeds, manures, fertilizers, agricultural implements and notified commodities;",
                                "2": "(c) arrange facilities for the transport of agricultural produce, seeds, manures, fertilizers, agricultural implements and notified commodities to and from warehouses;",
                                "3": "(d) act as an agent of the Central Warehousing Corporation or of the Government for the purposes of the purchase, sale, storage and distribution, of agricultural produce, seeds, manures, fertilizers, agricultural implements and notified commodities; 2* * *",
                                "4": "3[(da) enter into, with the previous approval of the State Government, joint ventures with the Central Warehousing Corporation; and]",
                                "5": "(e) carry out such other functions as may be prescribed."
                            }
                        }
                    }
                },
                "Section 25.": {
                    "heading": "Executive Committee.",
                    "paragraphs": {
                        "0": {
                            "text": "(1) There shall be an Executive Committee of a State Warehousing Corporation which shall consist of\u2014",
                            "contains": {
                                "0": "(a) the Chairman of the board of directors;",
                                "1": "(b) the managing director; and",
                                "2": "(c) three other directors chosen in the prescribed manner, of whom one shall be a director referred to in clause (a) of sub-section (1) of section 20."
                            }
                        },
                        "1": "(2) The Chairman of the board of directors shall be the Chairman of the Executive Committee.",
                        "2": "(3) Subject to any general or special directions as the board of directors may, from time to time, give, the Executive Committee shall be competent to deal with any matter within the competence of the State Warehousing Corporation."
                    }
                }
            }
        },
        "3": {
            "ID": "CHAPTER IV",
            "Name": "FINANCE, ACCOUNTS AND AUDIT",
            "Sections": {
                "Section 26.": {
                    "heading": "Submission of programme of activities and financial estimates.",
                    "paragraphs": {
                        "0": "(1) Every Warehousing Corporation shall prepare before the commencement of each year a statement of programme of its activities during the forthcoming year as well as a financial estimate in respect thereof.",
                        "1": {
                            "text": "(2) A statement prepared under sub-section (1) shall, not later than three months before the commencement of each year, be submitted for approval\u2014",
                            "contains": {
                                "0": "(a) in the case of the Central Warehousing Corporation, to the Central Government;",
                                "1": "(b) in the case of a State Warehousing Corporation, to the Central Warehousing Corporation and the State Government."
                            }
                        },
                        "2": "(3) The statement and the financial estimate of a Warehousing Corporation referred to in sub-section (1) may, with the approval of the Central Government in the case of the Central Warehousing Corporation, or with the approval of the Central Warehousing Corporation and the State Government in the case of a State Warehousing Corporation, be revised by the Warehousing Corporation."
                    }
                },
                "Section 27.": {
                    "heading": "Borrowing powers of Warehousing Corporation.",
                    "paragraphs": {
                        "0": "(1) A Warehousing Corporation may, in consultation with the Reserve Bank and with the previous approval of the appropriate Government, issue and sell bonds and debentures carrying interest for the purpose of raising funds:",
                        "1": "Provided that the total amount of bonds and debentures issued and outstanding and of the other borrowings of the Corporation shall not at any time exceed ten times the amount of the paid-up share capital and the reserve fund of the Corporation.",
                        "2": {
                            "text": "(2) A Warehousing Corporation may, for the purpose of carrying out its functions under this Act, borrow money\u2015",
                            "contains": {
                                "0": "(i) from the Reserve Bank, or",
                                "1": "(ii) from the State Bank, for such periods for which, and upon any of the securities against which, it is authorised to advance and lend moneys, under the provisions of 1[the State Bank of India Act, 1955 (23 of 1955), or]",
                                "2": "2[(iii) from any 3[scheduled bank], or",
                                "3": "(iv) from such insurance company, investment trust or other financial institution as may be approved by the Central Government in this behalf.]"
                            }
                        },
                        "3": "(3) Subject to the proviso to sub-section (1), the Central Warehousing Corporation may borrow money from the Central Government and a State Warehousing Corporation may borrow money from the State Government and the Central Warehousing Corporation on such securities and on such terms and conditions as may be agreed upon between the borrowing Corporation and the lender, in each case.",
                        "4": "4[(4) The bonds and debentures of a State Warehousing Corporation may be guaranteed by the appropriate Government on the recommendation of the Board of Directors of the State Warehousing Corporation at the time such bonds or debentures are issued.]"
                    }
                },
                "Section 28.": {
                    "heading": "Deposit account.",
                    "paragraphs": {
                        "0": "All moneys belonging to a Warehousing Corporation shall be deposited in the Reserve Bank or the State Bank 5[or any nationalised bank] or, subject to any rules made under this Act, in 6[any other scheduled bank] or co-operative bank."
                    }
                },
                "Section 29.": {
                    "heading": "Investment of funds.",
                    "paragraphs": {
                        "0": "A Warehousing Corporation may invest its funds in the securities of the Central or any State Government or in such other manner as may be prescribed by the appropriate Government."
                    }
                },
                "Section 30.": {
                    "heading": "Disposal of profits.",
                    "paragraphs": {
                        "0": "(1) Every Warehousing Corporation shall establish a reserve fund out of its annual net profits.",
                        "1": "(2) After making provision for bad and doubtful debts, depreciation on assets and all other matters which are usually provided for by companies registered and incorporated under the Companies Act, 1956 (1 of 1956), a Warehousing Corporation may, out of its net annual profits, declare a dividend:",
                        "2": "1* * * * *"
                    }
                },
                "Section 31.": {
                    "heading": "Accounts and audit of Warehousing Corporation.",
                    "paragraphs": {
                        "0": "(1) Every Warehousing Corporation shall maintain proper accounts and other relevant records and prepare an annual statement of accounts including the profit and loss account and the balance sheet in such form as may be prescribed:",
                        "1": "Provided that, in the case of the Central Warehousing Corporation, the accounts relating to the Warehousing Fund and the General Fund shall be maintained separately.",
                        "2": "(2) The accounts of a Warehousing Corporation shall be audited by an auditor duly qualified to act as an auditor of companies under section 226 of the Companies Act, 1956 (1 of 1956).",
                        "3": "(3) The said auditor shall be appointed by the appropriate Government on the advice of the Comptroller and Auditor-General of India.",
                        "4": "(4) The auditor shall be supplied with a copy of the annual balance sheet and the profit and loss account of the Warehousing Corporation and it shall be his duty to examine them together with the accounts and vouchers relating thereto, and he shall have a list delivered to him of all books kept by the Corporation and shall at all reasonable times have access to the books, accounts and other documents of the Corporation and may require from any officer of the Corporation such information and explanations as the auditor may think necessary for the performance of his duties as auditor.",
                        "5": {
                            "text": "(5) The auditor shall make a report to the shareholders on the accounts examined by him and on the annual balance sheet and the profit and loss account and in every such report, he shall state whether in his opinion the accounts give a true and fair view\u2014",
                            "contains": {
                                "0": "(a) in the case of the balance sheet, of the state of the Corporation's affairs at the end of its financial year, and",
                                "1": "(b) in the case of the profit and loss account, of the profit or loss for its financial year,"
                            }
                        },
                        "6": {
                            "text": "and in case he has called for any explanation or information from the officers, whether it has been given and whether it is satisfactory.",
                            "contains": {
                                "0": "(6) The appropriate Government may, after consultation with the Comptroller and Auditor- General of India at any time issue directions to the auditor requiring him to report to the appropriate Government upon the adequacy of measures taken by a Warehousing Corporation for the protection of its shareholders and creditors or upon the sufficiency of his procedure in auditing the accounts of the Corporation and may enlarge or extend the scope of the audit or direct that a different procedure in audit may be adopted or direct that any other examination may be made by the auditor if in the opinion of the appropriate Government public interest so requires.",
                                "1": "(7) A Warehousing Corporation shall send a copy of every report of the auditor to the Comptroller and Auditor-General of India and to the Central Government at least one month before it is placed before the shareholders.",
                                "2": "(8) Notwithstanding anything hereinbefore contained in this section, the Comptroller and Auditor- General of India may, either of his own motion or on a request received in this behalf from the appropriate Government, undertake in respect of a Warehousing Corporation such audit and at such time as he may consider necessary:",
                                "3": "1* * * * *",
                                "4": "(9) The Comptroller and Auditor-General of India and any person authorised by him in connection with the audit of the accounts of a Warehousing Corporation shall have the same rights, privileges and authority in connection with such audit as the Comptroller and Auditor-General has in connection with the audit of Government accounts and in particular, shall have the right to demand the production of books, accounts, connected vouchers and other documents and papers and to inspect the office of the Corporation.",
                                "5": "(10) The annual accounts of a Warehousing Corporation together with the audit report thereon shall be placed before the annual general meeting of the Corporation within six months of the close of the financial year.",
                                "6": "(11) Every audit report under this section shall be forwarded to the appropriate Government within a month of its being placed before the annual general meeting and that Government shall as soon thereafter as may be cause the same to be laid before both Houses of Parliament or the Legislature of the State, as the case may be."
                            }
                        }
                    }
                },
                "Section 31A.": {
                    "heading": "Returns and reports.",
                    "paragraphs": {
                        "0": "A Warehousing Corporation shall furnish to the appropriate Government such returns, statistics, accounts and other information with respect to its property or activities as that Government may, from time to time, require.]"
                    }
                }
            }
        },
        "4": {
            "ID": "CHAPTER V",
            "Name": "MISCELLANEOUS",
            "Sections": {
                "Section 32.": {
                    "heading": "Vacancies, etc., not to invalidate acts and proceedings of Warehousing Corporations.",
                    "paragraphs": {
                        "0": "No act or proceeding of a Warehousing Corporation shall be invalid by reason only of the existence of any vacancy among its directors or any defect in the constitution thereof."
                    }
                },
                "Section 33.": {
                    "heading": "Delegation.",
                    "paragraphs": {
                        "0": "A Warehousing Corporation may, by general or special order in writing, delegate to the Secretary or other officer of the Corporation, subject to such conditions and limitations, if any, as may be specified in the order, such of its powers and functions under this Act as it may deem necessary for the efficient performance of its functions."
                    }
                },
                "Section 34.": {
                    "heading": "Voting rights of shareholders.",
                    "paragraphs": {
                        "0": "In any meeting of the shareholders of a Warehousing Corporation, every member shall have one vote in respect of each share held by him in the Corporation."
                    }
                },
                "Section 35.": {
                    "heading": "Disputes between Central Warehousing Corporation and State Warehousing Corporation.",
                    "paragraphs": {
                        "0": "If there is any difference of opinion between the Central Warehousing Corporation and a State Warehousing Corporation regarding their respective functions and powers under this Act, such difference shall be referred to the Central Government whose decision thereon shall be final."
                    }
                },
                "Section 36.": {
                    "heading": "Declaration of fidelity and secrecy.",
                    "paragraphs": {
                        "0": "Every director, auditor, officer or other employee of a Warehousing Corporation shall, before entering upon his duties, make a declaration of fidelity and secrecy in the form set out in the Schedule."
                    }
                },
                "Section 37.": {
                    "heading": "Indemnity of directors.",
                    "paragraphs": {
                        "0": "(1) Every director of a Warehousing Corporation shall be indemnified by the Corporation concerned against all losses and expenses incurred in the discharge of his duties except such as are caused by his own wilful act or default.",
                        "1": "(2) A director of a Warehousing Corporation shall not be responsible for any other director or for any officer or other employee of the Corporation or for any loss or expense resulting to the Corporation by the insufficiency or deficiency of value of, or title to, any property or security acquired or taken on behalf of the Corporation in good faith, or by the wrongful act of any person under obligation to the Corporation or by anything done in good faith in the execution of the duties of his office or in relation thereto."
                    }
                },
                "Section 38.": {
                    "heading": "Offences.",
                    "paragraphs": {
                        "0": "(1) Whoever, without the consent in writing of a Warehousing Corporation, uses the name of that Corporation in any prospectus or advertisement, shall be punishable with imprisonment which may extend to six months, or with fine which may extend to one thousand rupees, or with both.",
                        "1": "(2) No court shall take cognizance of any offence under sub-section (1) otherwise than on a complaint in writing by an officer authorised in this behalf by the Warehousing Corporation concerned."
                    }
                },
                "Section 39.": {
                    "heading": "Provisions relating to income-tax and super-tax.",
                    "paragraphs": {
                        "0": "For the purposes of the Income-tax Act, 1961 (43 of 1961), a Warehousing Corporation shall be deemed to be a company within the meaning of that Act and shall be liable to income-tax and super-tax accordingly on its income, profits and gains:",
                        "1": "1* * * * *"
                    }
                },
                "Section 40.": {
                    "heading": "Winding up of Warehousing Corporations.",
                    "paragraphs": {
                        "0": "No provision of law relating to the winding up of companies or corporations shall apply to a Warehousing Corporation and any such Corporation shall not be placed in liquidation save by order of the appropriate Government and in such manner as it may direct."
                    }
                },
                "Section 41.": {
                    "heading": "Power to make rules.",
                    "paragraphs": {
                        "0": "(1) The appropriate Government may, by notification in the Official Gazette, make rules to carry out the purposes of this Act.",
                        "1": {
                            "text": "(2) Without prejudice to the generality of the foregoing power, such rules may provide for\u2014",
                            "contains": {
                                "0": "(a) the additional functions which a Warehousing Corporation may perform;",
                                "1": "(b) the manner of nomination and election of the directors of the Central Warehousing Corporation and the period within which such directors shall be nominated or elected;",
                                "2": "(c) the term of office of, and the manner of filling casual vacancies among, and the remuneration payable to, the directors of a Warehousing Corporation;",
                                "3": "(d) the manner of choosing directors on the Executive Committee of a Warehousing Corporation;",
                                "4": "(e) the authorised capital of a State Warehousing Corporation 2[within the maximum limit specified by or under sub-section (1) of section 19];",
                                "5": "(f) the form of the annual statement of accounts and the balance sheet to be prepared by a Warehousing Corporation;",
                                "6": "(g) the deposit of moneys of a Warehousing Corporation in a scheduled bank or a co- operative bank;",
                                "7": "(h) the manner of issuing shares of a Warehousing Corporation, the calls to be made in respect thereof, and all other matters incidental to the issue of shares;",
                                "8": "1[(i) the form and manner in which returns, statistics, accounts and other information are to be furnished, under section 31A, by a Warehousing Corporation;]",
                                "9": "2[(j)] any other matter which has to be or may be prescribed."
                            }
                        },
                        "2": "(3) Every rule made by the Central Government under this section shall be laid as soon as may be after it is made, before each House of Parliament while it is in session for a total period of thirty days which may be comprised in one session or in two or more successive sessions, and 3[if before the expiry of the session immediately following the session] or the successive sessions aforesaid, both Houses agree in making any modification in the rule or both Houses agree that the rule should not be made, the rule shall thereafter have effect only in such modified form or be of no effect, as the case may be; so however that any such modification or annulment shall be without prejudice to the validity of anything previously done under that rule."
                    }
                },
                "Section 42.": {
                    "heading": "Power of Warehousing Corporations to make regulations.",
                    "paragraphs": {
                        "0": "(1) A Warehousing Corporation may, with the previous sanction of the appropriate Government, by notification in the Official Gazette, make regulations not inconsistent with this Act and the rules made thereunder to provide for all matters for which provision is necessary or expedient for the purposes of giving effect to the provisions of this Act.",
                        "1": {
                            "text": "(2) In particular, and without prejudice to the generality of the foregoing power, such regulations may provide for\u2014",
                            "contains": {
                                "0": "(a) the conditions of service of, and the remuneration payable to, the officers and other employees of a Warehousing Corporation;",
                                "1": "(b) the manner in which, and the conditions subject to which, shares of the Central Warehousing Corporation may be transferred;",
                                "2": "(c) the manner in which meetings of a Warehousing Corporation and the Executive Committee thereof shall be convened, the fees for attending such meetings and the procedure to be followed thereat;",
                                "3": "(d) the duties and conduct of officers and employees of a Warehousing Corporation;",
                                "4": "(e) the powers and duties which may be entrusted or delegated to the managing director of a Warehousing Corporation;",
                                "5": "(f) generally, the efficient conduct of the affairs of a Warehousing Corporation."
                            }
                        },
                        "2": "(3) The appropriate Government may, by notification in the Official Gazette, rescind any regulation which it has sanctioned and thereupon the regulation shall cease to have effect."
                    }
                },
                "Section 43.": {
                    "heading": "Repeal and savings.",
                    "paragraphs": {
                        "0": "(1) With effect from the date on which the Central Warehousing Corporation is established under section 3, the Agricultural Produce (Development and Warehousing) Corporations Act, 1956 (28 of 1956), in so far as it has not been repealed by the National Co-operative Development Corporation Act, 1962 (26 of 1962), shall stand repealed.",
                        "1": {
                            "text": "(2) Notwithstanding such repeal,\u2015",
                            "contains": {
                                "0": "(a) the shares allotted and the share certificates issued by the Central Warehousing Corporation established under the repealed Act (hereinafter referred to as the said Corporation) shall be deemed to have been allotted and issued by the Corporation established under section 3 of this Act as if this Act had been in force on the day on which the shares were allotted and the share certificates were issued;",
                                "1": "(b) every shareholder of the said Corporation shall become the holder of as many shares in the Corporation established under section 3 of this Act as are equivalent in number and value to the shares held by him in the said Corporation;",
                                "2": "(c) all moneys and other securities belonging to the National Warehousing Development Fund which, immediately before the said date, was maintained by the said Corporation shall stand transferred to and be maintained by the Corporation established under section 3 of this Act;",
                                "3": "(d) anything done or any action taken (including any appointment, nomination, delegation, rule or regulation made) under the repealed Act shall, in so far as it is not inconsistent with the provisions of this Act, be deemed to have been done or taken under this Act;",
                                "4": "(e) every share held by the said Corporation in a State Warehousing Corporation under the repealed Act shall be deemed to be a share held by the Corporation established under section 3 of this Act in the corresponding State Warehousing Corporation deemed to be established under this Act;",
                                "5": "(f) all rights, liabilities and obligations of the said Corporation, whether arising out of any contract or otherwise, shall be the rights, liabilities and obligations respectively of the Corporation established under section 3 of this Act;",
                                "6": "(g) a State Warehousing Corporation established for a State under the repealed Act shall be deemed to be the State Warehousing Corporation established for that State under this Act."
                            }
                        }
                    }
                }
            }
        }
    },
    "Schedule": {
        "THE SCHEDULE": {
            "0": {
                "text": "THE SCHEDULE",
                "contains": {
                    "0": "(See section 36)"
                }
            },
            "1": "DECLARATION OF FIDELITY AND SECRECY",
            "2": "I,\u2026\u2026\u2026\u2026\u2026\u2026\u2026\u2026\u2026\u2026\u2026\u2026\u2026\u2026\u2026\u2026\u2026\u2026\u2026. , declare that I will faithfully, truly and to the best of my judgment, skill and ability execute and perform the duties which are required of me as a director, officer, employee or auditor (as the case may be) of the Warehousing Corporation and which properly relate to the office or position in the said Corporation held by me.",
            "3": {
                "text": "I further declare that I will not communicate or allow to be communicated to any person not legally entitled thereto any information relating to the affairs of the said Corporation nor will I allow any such person to inspect or have access to any books or documents belonging to, or in the possession of, the Corporation and relating to the business of the Corporation.",
                "contains": {
                    "0": "Signature",
                    "1": {
                        "text": "Signature",
                        "contains": {
                            "0": "Signature"
                        }
                    }
                }
            },
            "4": "Signed before me",
            "5": "Date"
        }
    },
    "Annexure": {},
    "Appendix": {},
    "Forms": {},
    "Footnotes": {
        "Page 3": {
            "0": "1 The words \u201cexcept the State of Jammu and Kashmir\u201d omitted by Act 37 of 1989, s. 2 (w.e.f. 22-10-1989).",
            "1": "2. 18th March, 1963; vide notification No. G.S.R. 463, dated 16th March, 1963, see Gazette of India, Extraordinary, Pt. II,sec. 3 (i).This  Act  shall,  in  its  application  to  the  States  specified  in  the  Schedule  to  Act  20  of  1965,  have  effect  as  if  inclause (e) of section 2 the words and figures \"being a commodity with respect to which Parliament has power to makelaws by virtue of entry 33 in List III in the Seventh Schedule to the Constitution\" had been omitted: vide Act 20 of 1965, s.2 (w.e.f. 27-11-1965).",
            "2": "3. Ins. by Act 42 of 1976, s. 2 (w.e.f. 24-3-1976).",
            "3": "4. Added by Act 37 of 1989, s. 3 (w.e.f. 22-10-1989)."
        },
        "Page 4": {
            "0": "1. Ins. by Act 42 of 1976, s. 2 (w.e.f. 24-3-1976).",
            "1": "2. Ins. by Act 37 of 1989, s. 4 (w.e.f. 22-10-1989).",
            "2": "3. Ins. by Act 34 of 1963, s. 2 (w.e.f. 22-9-1963).",
            "3": "4. The proviso ins. by Act 42 of 1976, s. 3 (w.e.f. 24-3-1976)."
        },
        "Page 5": {
            "0": "1. Subs. by Act 42 of 1976, s. 3, for \u201cThe Central Government shall\u201d (w.e.f. 24-3-1976).",
            "1": "2. Subs. by s. 3, ibid., for \u201cthe State Bank, any scheduled bank\u201d (w.e.f. 24-3-1976).",
            "2": "3. Subs. by Act 16 of 2015, s. 2, for section 5 (w.e.f. 13-5-2015)."
        },
        "Page 6": {
            "0": "1. Clause (b) omitted by Act 45 of 2005, s. 2 (w.e.f. 15-11-2005).",
            "1": "2. Ins. by s. 2, ibid. (w.e.f. 15-11-2005).",
            "2": "3. The words \u201cand a Vice-Chairman\u201d omitted by s. 2, ibid. (w.e.f. 15-11-2005)."
        },
        "Page 7": {
            "0": "1. Subs. by Act 45 of 2005, s. 3, for \u201cthe managing director\u201d (w.e.f. 15-11-2005).",
            "1": "2. Ins. by Act 23 of 2001, s. 2 (w.e.f. 1-11-2001)."
        },
        "Page 8": {
            "0": "1. The word \u201cand\u201d omitted by Act 23 of 2001, s. 2 (w.e.f. 1-11-2001).",
            "1": "2. Ins. by s. 2, ibid. (w.e.f. 1-11-2001).",
            "2": "3. The word \u201cand the Vice-Chairman\u201d omitted by Act 45 of 2005, s. 4 (w.e.f. 15-11-2005).",
            "3": "4. Subs. by s. 4, ibid., for sub-section (2) (w.e.f. 15-11-2005)."
        },
        "Page 9": {
            "0": "1. Ins. by Act 42 of 1976, s. 4 (w.e.f. 24-3-1976)."
        },
        "Page 10": {
            "0": "1. The proviso ins. by Act 42 of 1976, s. 5 (w.e.f. 24-3-1976).",
            "1": "2. The proviso ins. by s. 6, ibid. (w.e.f. 24-3-1976).",
            "2": "3. Subs. by Act 23 of 2001, s. 3, for \u201cwith the previous approval of\u201d (w.e.f. 1-11-2001)."
        },
        "Page 11": {
            "0": "1. The words \u201cthe Central Warehousing Corporation or\u201d omitted by Act 23 of 2001, s. 4 (w.e.f. 1-11-2001).",
            "1": "2. Subs. by s. 5, ibid., for \u201cwith the previous approval of\u201d (w.e.f. 1-11-2001)."
        },
        "Page 12": {
            "0": "1. Subs. by Act 23 of 2001, s. 6, for \u201cwith the previous approval of\u201d (w.e.f. 1-11-2001).",
            "1": "2. The word \u201cand\u201d omitted by s. 6, ibid. (w.e.f. 1-11-2001).",
            "2": "3. Ins. by s. 6, ibid. (w.e.f. 1-11-2001)."
        },
        "Page 13": {
            "0": "1. Subs. by Act 42 of 1976, s. 7, for \u201cthe State Bank of India Act, 1955 (23 of 1955)\u201d (w.e.f. 24-3- 1976).",
            "1": "2. Ins. by s. 7, ibid. (w.e.f. 24-3-1976).",
            "2": "3. Subs. by Act 45 of 2005, s. 5, for \u201cnationalised bank\u201d (w.e.f. 15-11-2005).",
            "3": "4. Subs. by Act 16 of 2015, s. 3, for sub-section (4) (w.e.f. 13-5-2015).",
            "4": "5. Ins. by Act 42 of 1976, s. 8 (w.e.f. 24-3-1976).",
            "5": "6. Subs. by s. 8, ibid., for \u201cany scheduled bank\u201d (w.e.f. 24-3- 1976)."
        },
        "Page 14": {
            "0": "1. The proviso omitted by Act 16 of 2015, s. 4 (w.e.f. 13-5-2015)."
        },
        "Page 15": {
            "0": "1. The proviso omitted by Act 16 of 2015, s. 5 (w.e.f. 13-5-2015).",
            "1": "2. Ins. by Act 42 of 1976, s. 9 (w.e.f. 24-3-1976)."
        },
        "Page 16": {
            "0": "1. Both the provisos omitted by Act 16 of 2015, s. 6 (w.e.f. 13-5-2015).",
            "1": "2. Subs. by Act 42 of 1976, s. 10, for \u201cwithin the limit specified in sub-section (1) of section 19\u201d (w.e.f. 24-3- 1976)."
        },
        "Page 17": {
            "0": "1. Ins. by Act 42 of 1976, s. 10 (w.e.f. 24-3-1976).",
            "1": "2. Clause (i) re-lettered as clause (j) thereof by s. 10, ibid. (w.e.f. 24-3-1976).",
            "2": "3. Subs. by s. 10, ibid., for \u201cif, before the expiry of the session in which it is so laid\u201d (w.e.f. 24-3-1976)."
        }
    }
}