{
    "Act Title": "THE AIR CORPORATIONS (AMENDMENT) ACT, 1962",
    "Act ID": "ACT NO. 17 OF 1962",
    "Enactment Date": "[30th March, 1962.]",
    "Act Definition": {
        "0": "An Act further to amend the Air Corporations Act, 1953."
    },
    "Sections": {
        "Section 1.": {
            "heading": "Short title.",
            "paragraphs": {
                "0": "This Act may be called the Air Corporations (Amendment) Act, 1962."
            }
        },
        "Section 2.": {
            "heading": "[Repealed.].",
            "paragraphs": {
                "0": "[Amendment of section 18.] Rep. by the Repealing and Amending Act, 1974 (56 of 1974), s. 2 and the First Schedule (w.e.f. 20-12-1974)."
            }
        },
        "Section 3.": {
            "heading": "[Repealed.].",
            "paragraphs": {
                "0": "[Amendment of section 30.] Rep. by s. 2 and the First Schedule, ibid. (w.e.f. 20-12-1974)."
            }
        },
        "Section 4.": {
            "heading": "[Repealed.].",
            "paragraphs": {
                "0": "[Amendment of section 36.] Rep. by s. 2 and the First Schedule, ibid. (w.e.f. 20-12-1974)."
            }
        },
        "Section 5.": {
            "heading": "[Repealed.].",
            "paragraphs": {
                "0": "[Amendment of section 44.] Rep. by s. 2 and the First Schedule, ibid. (w.e.f. 20-12-1974)."
            }
        },
        "Section 6.": {
            "heading": "[Repealed.].",
            "paragraphs": {
                "0": "[Amendment of section 45.] Rep. by s. 2 and the First Schedule, ibid. (w.e.f. 20-12-1974)."
            }
        },
        "Section 7.": {
            "heading": "Change of name of Act India International.",
            "paragraphs": {
                "0": "(1) With effect from such date as the Central Government may, by notification in the Official Gazette, specify, the Corporation established under section 3 of the principal Act known as \u201cAir India International\u201d shall be renamed as \u201cAir India\u201d.",
                "1": "(2) The change of name of \u201cAir India International\u201d by sub-section (1) shall not affect any rights and obligations of that Corporation or render defective any legal proceedings by or against it, and any legal proceedings which might have been continued or commenced by or against that Corporation by its former name may be continued or commenced by or against it, by its new name."
            }
        },
        "Section 8.": {
            "heading": "Dissolution of Air Transport Council.",
            "paragraphs": {
                "0": "As from the commencement of this Act, the Air Transport Council constituted under section 30 of the principal Act and in existence at such commencement shall stand dissolved."
            }
        }
    },
    "Schedule": {},
    "Annexure": {},
    "Appendix": {},
    "Forms": {},
    "Footnotes": {}
}