{
    "Act Title": "THE CENTRAL LAWS (EXTENSION TO JAMMU AND KASHMIR) ACT, 1968",
    "Act ID": "ACT NO. 25 OF 1968",
    "Enactment Date": "[24th May, 1968.]",
    "Act Definition": {
        "0": "An Act to provide for the extension of certain Central Laws to the State of Jammu and Kashmir."
    },
    "Sections": {
        "Section 1.": {
            "heading": "Short title and commencement.",
            "paragraphs": {
                "0": "(1) This Act may be called the Central Laws (Extension to Jammu and Kashmir) Act, 1968.",
                "1": "(2) It shall come into force on such date1 as the Central Government may, by notification in the Official Gazette, appoint."
            }
        },
        "Section 2.": {
            "heading": "Extension and amendment of certain laws.",
            "paragraphs": {
                "0": "(1) The Acts mentioned in the Schedule and all rules, orders and regulations made thereunder are hereby extended to, and shall be in force in the State of Jammu and Kashmir*.",
                "1": "(2) With effect from the commencement of this Act, the Acts mentioned in the Schedule shall be amended as specified therein."
            }
        },
        "Section 3.": {
            "heading": "Construction of references to laws not in force in Jammu and Kashmir.",
            "paragraphs": {
                "0": "Any reference in any Act mentioned in the Schedule to a law which is not in force in the State of Jammu and Kashmir* shall, in relation to that State, be construed as a reference to the corresponding law, if any, in force in that State."
            }
        },
        "Section 4.": {
            "heading": "Construction of references to authorities where new Authorities have been constituted.",
            "paragraphs": {
                "0": "Any reference by whatever form of words in any law for the time being in force in the State of Jammu and Kashmir* to any authority competent at the date of the passing of that law to exercise any powers or discharge any functions in that State shall, where a corresponding new authority has been constituted by or under any law now extended to that State, have effect as if it were a reference to the new authority."
            }
        },
        "Section 5.": {
            "heading": "Repeals and savings.",
            "paragraphs": {
                "0": "If immediately before the commencement of this Act there is in force in the State of Jammu and Kashmir* any law corresponding to any Act now extended to that State, that law shall, save as otherwise expressly provided in this Act, stand repealed on such commencement:",
                "1": {
                    "text": "Provided that the repeal shall not affect\u2014",
                    "contains": {
                        "0": "(a) the previous operation of any law so repealed or anything duly done or suffered thereunder,",
                        "1": "(b) any right, privilege, obligation or liability acquired, accrued or incurred under any law so repealed,",
                        "2": "(c) any penalty, forfeiture or punishment incurred in respect of any offence committed against any law so repealed, or",
                        "3": "(d) any investigation, legal proceeding or remedy in respect of any such right, privilege, obligation, liability, penalty, forfeiture or punishment as aforesaid;"
                    }
                },
                "2": {
                    "text": "and any such investigation, legal proceeding or remedy may be instituted, continued or enforced, and any such penalty, forfeiture or punishment may be imposed, as if this Act had not been passed:",
                    "contains": {
                        "0": "Provided further that, subject to the preceding proviso, anything done or any action taken (including any appointment or delegation made, notification, instruction or direction issued, form, bye-law or scheme framed, certificate obtained, permit or licence granted or registration effected) under any such law shall be deemed to have been done or taken under the corresponding provisions of the Act now extended to that State, and shall continue to be in force accordingly unless and until superseded by anything done or any action taken under the said Act."
                    }
                }
            }
        },
        "Section 6.": {
            "heading": "Powers to remove difficulties.",
            "paragraphs": {
                "0": "(1) If any difficulty arises in giving effect to the provisions of any Act now extended to the State of Jammu and Kashmir*, the Central Government may, by order notified in the Official Gazette, make such provisions or give such directions as appear to it necessary for the removal of the difficulty. (2) In particular, and without prejudice to the generality of the foregoing power, any such notified order may,\u2014 (a) specify the corresponding authorities within the meaning of section 4, (b) provide for transfer of any matter pending immediately before the commencement of this Act before any court, tribunal or other authority, to any corresponding court, tribunal or other authority for disposal, (c) specify the areas or circumstances in which, or the extent to which, or the conditions subject to which, anything done or any action taken (including any of the matters specified in the second proviso to section 5) under any law repealed by that section shall be recognised or given effect to under the corresponding provision of the Act now extended.",
                "1": "*. Vide notification No. S.O. 3912(E), dated 30th October, 2019, this Act is made applicable to the Union territory of Jammu and Kashmir and the Union territory of Ladakh."
            }
        }
    },
    "Schedule": {
        "THE SCHEDULE": {
            "0": "THE SCHEDULE (See section 2) ACTS",
            "1": {
                "text": "THE OFFICIAL TRUSTEES ACT, 1913",
                "contains": {
                    "0": "(2 OF 1913) Section 1.\u2014In sub-section (2), omit \u201cexcept the State of Jammu and Kashmir*\u201d.",
                    "1": {
                        "text": "THE MOTOR VEHICLES ACT, 1939",
                        "contains": {
                            "0": "(4 OF 1939) Section 1.\u2014In sub-section (2), omit \u201cexcept the State of Jammu and Kashmir*\u201d. Section 2.\u2014Omit clause (9A). Section 9.\u2014Omit sub-sections (2) and (4). Section 28.\u2014Omit sub-sections (2), (3), (4) and (5). Section 29.\u2014In sub-section (1),\u2014 (a) in clause (a) omit \u201cor\u201d; (b) Omit clause (b). Section 38.\u2014For sub-section (4), substitute\u2014 \u201c(4) A certificate of fitness issued under this Act shall, while it remains effective, be valid throughout India.\u201d. Section 42.\u2014In sub-section (3), omit clause (h). Section 63.\u2014Omit In sub-section (5). Section 96.\u2014(a) In sub-section (2A), omit \u201cin the State of Jammu and Kashmir* or\u201d and in the proviso, omit \u201cof the State of Jammu and Kashmir* or\u201d; (b) In sub-section (6), omit \u201cof the State of Jammu and Kashmir* or\u201d. The Sixth Schedule.\u2014In the first and second columns, after \u201cWest Bengal\u201d and the entry relating thereto in the second column, insert \u201cJammu and Kashmir\u201d and \u201cJ & K\u201d respectively."
                        }
                    }
                }
            },
            "2": {
                "text": "THE CHARTERED ACCOUNTANTS ACT, 1949",
                "contains": {
                    "0": "(38 OF 1949)"
                }
            },
            "3": {
                "text": "Section 1.\u2014In sub-section (2), omit \u201cexcept the State of Jammu and Kashmir*\u201d.",
                "contains": {
                    "0": {
                        "text": "THE TRANSFER OF PRISONERS ACT, 1950",
                        "contains": {
                            "0": "(29 OF 1950)"
                        }
                    }
                }
            },
            "4": {
                "text": "Section 1.\u2014In sub-section (2), omit \u201cexcept the State of Jammu and Kashmir*\u201d.",
                "contains": {
                    "0": {
                        "text": "THE ROAD TRANSPORT CORPORATIONS ACT, 1950",
                        "contains": {
                            "0": "(64 OF 1950)"
                        }
                    }
                }
            },
            "5": {
                "text": "Section 1.\u2014In sub-section (2), omit \u201cthe State of Jammu and Kashmir* and\u201d.",
                "contains": {
                    "0": {
                        "text": "THE MINES ACT, 1952",
                        "contains": {
                            "0": "(35 OF 1952)"
                        }
                    }
                }
            },
            "6": {
                "text": "Section 1.\u2014In sub-section (2), omit \u201cexcept the State of Jammu and Kashmir*\u201d.",
                "contains": {
                    "0": {
                        "text": "THE NOTARIES ACT, 1952",
                        "contains": {
                            "0": "(53 OF 1952)"
                        }
                    }
                }
            },
            "7": "Section 1.\u2014In sub-section (2), omit \u201cexcept the State of Jammu and Kashmir*\u201d.",
            "8": "Section 2.\u2014(a) Omit clause (a);",
            "9": {
                "text": "(b) In the proviso to clause (d)\u2014",
                "contains": {
                    "0": "(i) for \u201ceither under\u201d, substitute \u201cunder\u201d;"
                }
            },
            "10": {
                "text": "*. Vide notification No. S.O. 3912(E), dated 30th October, 2019, this Act is made applicable to the Union territory of Jammu and Kashmir and the Union territory of Ladakh.",
                "contains": {
                    "0": "(ii) omit \u201cor by the Master of Faculties in England\u201d;",
                    "1": {
                        "text": "(iii) for \u201cany part of India\u201d, substitute\u2014",
                        "contains": {
                            "0": {
                                "text": "\u201cany part of India:",
                                "contains": {
                                    "0": "Provided further that in relation to the state of Jammu and Kashmir* the said period of two years shall be computed from the date on which this Act comes into force in that State;\u201d."
                                }
                            }
                        }
                    }
                }
            },
            "11": {
                "text": "Section 9.\u2014In sub-section (2), insert\u2014",
                "contains": {
                    "0": {
                        "text": "\u201cProvided that in relation to the state of Jammu and Kashmir* the said period of two years shall be computed from the date on which this Act comes into force in that State.\u201d.",
                        "contains": {
                            "0": {
                                "text": "THE ESSENTIAL COMMODITIES ACT, 1955",
                                "contains": {
                                    "0": "(10 OF 1955)"
                                }
                            }
                        }
                    }
                }
            },
            "12": {
                "text": "Section 1.\u2014In sub-section (2), omit \u201cexcept the State of Jammu and Kashmir*\u201d.",
                "contains": {
                    "0": {
                        "text": "THE COMPANIES ACT, 1956",
                        "contains": {
                            "0": "(1 OF 1956)"
                        }
                    }
                }
            },
            "13": {
                "text": "Section 1.\u2014In sub-section (3),\u2014",
                "contains": {
                    "0": "(a) omit first proviso;",
                    "1": "(b) in the second proviso, omit \u201cfurther\u201d.",
                    "2": "Section 3.\u2014In sub-clause (f) (2) of clause (ii) of sub-section (1), insert at the end \u201cin so far as banking, insurance and financial corporations are concerned, and before the commencement of the Central Laws (Extension to Jammu and Kashmir) Act, 1968 in so far as other corporations are concerned\u201d.",
                    "3": {
                        "text": "After section 620B, insert\u2014",
                        "contains": {
                            "0": "\u201cSpecial provision as to companies in Jammu and Kashmir.\u201d"
                        }
                    },
                    "4": {
                        "text": "620C. Special provision as to companies in Jammu and Kashmir.\u2014The Central Government may by notification in the Official Gazette, direct that with effect from the commencement of the Central Laws (Extension to Jammu and Kashmir) Act, 1968 or any subsequent date, any of the provisions of this Act specified in the notification shall not apply, or shall apply only with such exceptions and modifications or adaptations as may be specified in the notification, to\u2014",
                        "contains": {
                            "0": "(a) any existing company in the State of Jammu and Kashmir*;",
                            "1": {
                                "text": "(b) any company registered in that State under this Act after the commencement of the Central Laws (Extension to Jammu and Kashmir) Act, 1968.\u201d.",
                                "contains": {
                                    "0": {
                                        "text": "THE COST AND WORKS ACCOUNTANTS ACT, 1959",
                                        "contains": {
                                            "0": "(23 OF 1959)"
                                        }
                                    }
                                }
                            }
                        }
                    }
                }
            },
            "14": {
                "text": "Section 1.\u2014In sub-section (2), omit \u201cexcept the State of Jammu and Kashmir*\u201d.",
                "contains": {
                    "0": {
                        "text": "THE APPRENTICES ACT, 1961",
                        "contains": {
                            "0": "(52 OF 1961)"
                        }
                    }
                }
            },
            "15": {
                "text": "Section 1.\u2014In sub-section (2), omit \u201cexcept the State of Jammu and Kashmir*\u201d.",
                "contains": {
                    "0": {
                        "text": "THE ADMINISTRATORS-GENERAL ACT, 1963",
                        "contains": {
                            "0": "(45 OF 1963)"
                        }
                    }
                }
            },
            "16": "Section 1.\u2014In sub-section (2), omit \u201cexcept the State of Jammu and Kashmir*\u201d.",
            "17": "Section 20.\u2014(a) In sub-section (1), for \u201cthe territories to which this Act extends\u201d substitute \u201cIndia\u201d;",
            "18": {
                "text": "*. Vide notification No. S.O. 3912(E), dated 30th October, 2019, this Act is made applicable to the Union territory of Jammu and Kashmir and the Union territory of Ladakh.",
                "contains": {
                    "0": {
                        "text": "(b) after sub-section (2), insert\u2014",
                        "contains": {
                            "0": "\u201c(3) Any probate or letters of administration granted by the High Court for the State of Jammu and Kashmir* before the commencement of the Central Laws (Extension to Jammu and Kashmir) Act, 1968 shall, after such commencement, be as effective as if such probate or letters of administration has been granted under this section.\u201d."
                        }
                    }
                }
            },
            "19": "Omit section 21.",
            "20": {
                "text": "Section 37.\u2014(a) In clause (a), for \u201cto which this Act extends\u201d, substitute \u201cin India\u201d;",
                "contains": {
                    "0": "(b) Omit \u201cor in the State of Jammu and Kashmir*\u201d."
                }
            },
            "21": "Section 56.\u2014For \u201cthe territories to which this Act extends\u201d and for \u201cthe said territories\u201d, substitute \u201cIndia\u201d.",
            "22": "*. Vide notification No. S.O. 3912(E), dated 30th October, 2019, this Act is made applicable to the Union territory of Jammu and Kashmir and the Union territory of Ladakh."
        }
    },
    "Annexure": {},
    "Appendix": {},
    "Forms": {},
    "Footnotes": {
        "Page 2": {
            "0": "1.  15th  August,  1968,  vide  notification  No.  G.S.R.  1482,  dated  2nd  July,  1968,  see  Gazette  of  India,  Extraordinary,  Part  II,sec. 3(i).*. Vide notification No. S.O. 3912(E), dated 30th October, 2019, this Act is made applicable to the Union territory of Jammu andKashmir and the Union territory of Ladakh."
        }
    }
}