{
    "Act Title": "THE CINEMATOGRAPH (AMENDMENT) ACT, 1973",
    "Act ID": "ACT NO. 25 OF 1973",
    "Enactment Date": "[28th May, 1973.]",
    "Act Definition": {
        "0": "An Act further to amend the Cinematograph Act, 1952."
    },
    "Sections": {
        "Section 1.": {
            "heading": "Short title.",
            "paragraphs": {
                "0": "This Act may be called the Cinematograph (Amendment) Act, 1973."
            }
        },
        "Section 2.": {
            "heading": "[Repealed.].",
            "paragraphs": {
                "0": "[Amendment of section 1.] Rep. by the Repealing and Amending Act, 1978 (38 of 1978), s. 2 and the First Schedule (w.e.f. 26-11-1978)."
            }
        },
        "Section 3.": {
            "heading": "[Repealed.].",
            "paragraphs": {
                "0": "[Insertion of new section 2A.] Rep. by s. 2 and the First Schedule, ibid. (w.e.f. 26-11-1978)."
            }
        },
        "Section 4.": {
            "heading": "[Repealed.].",
            "paragraphs": {
                "0": "[Amendment of section 8.] Rep. by s. 2 and the First Schedule, ibid. (w.e.f. 26-11-1978)."
            }
        },
        "Section 5.": {
            "heading": "Repeal and saving.",
            "paragraphs": {
                "0": "(1) On and from the date on which the provisions of Parts I and II of the principal Act come into force in the State of Jammu and Kashmir, the provisions of the Jammu and Kashmir Cinematograph Act, 1989 [Jammu and Kashmir Act 24 of 1989 (1933 A.D.)], in so far as they relate to the sanctioning of cinematograph films, for exhibition, shall stand repealed.",
                "1": {
                    "text": "(2) The repeal by sub-section (1) of the provisions of the Jammu and Kashmir Cinematograph Act, 1989, in so far as they relate to the sanctioning of cinematograph films for exhibition, shall not affect\u2014",
                    "contains": {
                        "0": "(a) the previous operation of the provisions so repealed or anything duly done or suffered thereunder; or",
                        "1": "(b) any right, privilege, obligation or liability acquired, accrued or incurred under the provisions so repealed; or",
                        "2": "(c) any penalty, forfeiture or punishment, incurred in respect of any offence committed against the provisions so repealed; or",
                        "3": "(d) any investigation, legal proceeding or remedy in respect of any such right, privilege, obligation, liability, penalty, forfeiture or punishment as aforesaid;"
                    }
                },
                "2": {
                    "text": "and any such investigation, legal proceeding or remedy may be instituted, continued or enforced, and any such penalty, forfeiture or punishment may be imposed as if the said provisions had not been repealed:",
                    "contains": {
                        "0": "Provided that anything done or any action taken (including any appointment made, notification issued or rule made) under the provisions so repealed shall be deemed to have been done or taken under the corresponding provisions of the principal Act as amended by this Act and now extended to the State of Jammu and Kashmir and shall continue to be in force accordingly unless and until superseded by anything done or any action taken under the principal Act as amended by this Act."
                    }
                }
            }
        }
    },
    "Schedule": {},
    "Annexure": {},
    "Appendix": {},
    "Forms": {},
    "Footnotes": {}
}