{
    "Act Title": "THE CENTRAL SALES TAX (AMENDMENT) ACT, 1972",
    "Act ID": "ACT NO. 61 OF 1972",
    "Enactment Date": "[30th November, 1972.]",
    "Act Definition": {
        "0": "An Act further to amend the Central Sales Tax Act, 1956."
    },
    "Sections": {
        "Section 1.": {
            "heading": "Short title and commencement.",
            "paragraphs": {
                "0": "(1) This Act may be called the Central Sales Tax (Amendment) Act, 1972.",
                "1": "(2) This section and sub-section (1) of section 14 shall come into force at once and the remaining provisions of this Act shall come into force on such date1 as the Central Government may, by notification in the Official Gazette, appoint."
            }
        },
        "Section 2.": {
            "heading": "[Repealed.].",
            "paragraphs": {
                "0": "[Amendment of section 6.] Rep. by the Repealing and Amending Act, 1978 (38 of 1978), s. 2 and the First schedule (w.e.f. 26-5-1978)."
            }
        },
        "Section 3.": {
            "heading": "[Repealed.].",
            "paragraphs": {
                "0": "[Insert of new section 6A.] Rep. by s. 2 and the First Schedule, ibid. (w.e.f. 26-5-1978)."
            }
        },
        "Section 4.": {
            "heading": "[Repealed.].",
            "paragraphs": {
                "0": "[Amendment of section 7.] Rep. by s. 2 and the First Schedule, ibid. (w.e.f. 26-5-1978)."
            }
        },
        "Section 5.": {
            "heading": "[Repealed.].",
            "paragraphs": {
                "0": "[Amendment of section 8.] Rep. by s. 2 and the First Schedule, ibid. (w.e.f. 26-5-1978)."
            }
        },
        "Section 6.": {
            "heading": "[Repealed.].",
            "paragraphs": {
                "0": "[Amendment of section 9.] Rep. by s. 2 and the First Schedule, ibid. (w.e.f. 26-5-1978)."
            }
        },
        "Section 7.": {
            "heading": "[Repealed.].",
            "paragraphs": {
                "0": "[Insertion of new section 9B.] Rep. by s. 2 and the First Schedule, ibid. (w.e.f. 26-5-1978)."
            }
        },
        "Section 8.": {
            "heading": "[Repealed.].",
            "paragraphs": {
                "0": "[Amendment of section 10.] Rep. by s. 2 and the First Schedule, ibid. (w.e.f. 26-5-1978)."
            }
        },
        "Section 9.": {
            "heading": "[Repealed.].",
            "paragraphs": {
                "0": "[Amendment of section 10A.] Rep. by s. 2 and the First Schedule, ibid. (w.e.f. 26-5-1978)."
            }
        },
        "Section 10.": {
            "heading": "[Repealed.].",
            "paragraphs": {
                "0": "[Amendment of section 13.] Rep. by s. 2 and the First Schedule, ibid. (w.e.f. 26-5-1978)."
            }
        },
        "Section 11.": {
            "heading": "[Repealed.].",
            "paragraphs": {
                "0": "[Amendment of section 14.] Rep. by s. 2 and the First Schedule, ibid. (w.e.f. 26-5-1978)."
            }
        },
        "Section 12.": {
            "heading": "[Repealed.].",
            "paragraphs": {
                "0": "[Amendment of section 15.] Rep. by s. 2 and the First Schedule, ibid. (w.e.f. 26-5-1978)."
            }
        },
        "Section 13.": {
            "heading": "[Repealed.].",
            "paragraphs": {
                "0": "[Insertion of new Chapter V.] Rep. by s. 2 and the First Schedule, ibid. (w.e.f. 26-5-1978)."
            }
        },
        "Section 14.": {
            "heading": "Extension of the principal Act to Kohima and Mokokchung districts in the State of Nagaland.",
            "paragraphs": {
                "0": "(1) The principal Act, as in force on the 5th day of August, 1971, is hereby extended to, and shall be in force in, the Kohima and Mokokchung districts in the State of Nagaland.",
                "1": "(2) The amendments made to the principal Act by this Act shall come into force in the Kohima and Mokokchung districts in the State of Nagaland on the date on which this sub-section comes into force."
            }
        },
        "Section 15.": {
            "heading": "Validation of assessments, etc.",
            "paragraphs": {
                "0": {
                    "text": "(1) Notwithstanding anything contained in any judgment, decree or order of any court or other authority to the contrary, any assessment, re-assessment, levy or collection of any tax made or purporting to have been made, any action or thing taken or done in relation to such assessment, re-assessment, levy or collection under the provisions of the principal Act before the commencement of this section shall be deemed to be as valid and effective as if such assessment, re-assessment, levy or collection or action or thing had been made, taken or done under the principal Act as amended by clause (a) of section 11 and clause (a) of section 12 of this Act, and accordingly\u2014",
                    "contains": {
                        "0": "(a) all acts, proceedings or things done or action taken by the State Government or by any other officer of the State Government or by any other authority in connection with the assessment, re-assessment, levy or collection of such tax shall, for all purposes, be deemed to be and to have always been done or taken in accordance with law;",
                        "1": "(b) no suit or other proceedings shall be maintained or continued in any court or before any authority for the refund of any such tax; and",
                        "2": "(c) no court shall enforce any decree or order directing the refund of any such tax."
                    }
                },
                "1": {
                    "text": "(2) For the removal of doubts, it is hereby declared that nothing in sub-section (1) shall be construed as preventing any person\u2014",
                    "contains": {
                        "0": "(a) from questioning in accordance with the provisions of the principal Act, as amended by this Act, the assessment, re-assessment, levy or collection of such tax for any period, or",
                        "1": "(b) from claiming refund of any tax paid by him in excess of the amount due from him under the principal Act as amended by this Act."
                    }
                }
            }
        }
    },
    "Schedule": {},
    "Annexure": {},
    "Appendix": {},
    "Forms": {},
    "Footnotes": {
        "Page 2": {
            "0": "1.  1st  April,  1973,  vide  notification  No.  G.S.R.  55(E),  dated  9th  February,  1973,  see  Gazette  of  India,  Extraordinary,  Part  II,sec. 3(i)."
        }
    }
}