{
    "Act Title": "THE DOCK WORKERS (REGULATION OF EMPLOYMENT) AMENDMENT ACT, 1980",
    "Act ID": "ACT NO. 49 OF 1980",
    "Enactment Date": "[29th November, 1980.]",
    "Act Definition": {
        "0": "An Act further to amend the Dock Workers (Regulation of Employment) Act, 1948."
    },
    "Sections": {
        "Section 1.": {
            "heading": "Short title.",
            "paragraphs": {
                "0": "This Act may be called the Dock Workers (Regulation of Employment) Amendment Act, 1980."
            }
        },
        "Section 2.": {
            "heading": "[Repealed.].",
            "paragraphs": {
                "0": "[Amendment of section 3.] Rep. by the Repealing and Amending Act, 1988 (19 of 1988), s. 3 and the First Schedule (w.e.f. 31-3-1988)."
            }
        },
        "Section 3.": {
            "heading": "Validation.",
            "paragraphs": {
                "0": {
                    "text": "Every fund created or purporting to have been created and every provision with respect thereto made or purporting to have been made under the principal Act before the commencement of this Act shall, for all purposes, be deemed to be, and to have always been, as validly and effectively created or made as if the provisions of section 3 of the principal Act, as amended by this Act, had been in force at all material times and accordingly, notwithstanding any judgment, decree or order of any court,\u2014",
                    "contains": {
                        "0": "(a) all contributions to any such fund received or collected before the commencement of this Act shall be deemed to be and shall be deemed always to have been as validly received or collected as if the provisions of section 3 of the principal Act, as amended by this Act, were in force at all material times;",
                        "1": "(b) no suit or other proceeding shall be maintained or continued in any court for the refund of, and no enforcement shall be made by any court of any decree or order directing the refund of, any such contribution which had been received or collected and which would have been validly received or collected if the provisions of section 3 of the principal Act, as amended by this Act, had been in force at all material times;",
                        "2": "(c) recoveries shall be made of all contributions to any such funds which have not been received or collected but which would have been received or collected if the provisions of section 3 of the principal Act, as amended by this Act, had been in force at all material times."
                    }
                },
                "1": "Explanation.\u2014For the removal of doubts it is hereby declared that no act or omission on the part of any person, before the commencement of this Act, shall be punishable as an offence which would not have been so punishable if this Act had not come into force."
            }
        },
        "Section 4.": {
            "heading": "[Repealed.].",
            "paragraphs": {
                "0": "[Amendment of section 8.] Rep. by the Repealing and Amending Act, 1988 (19 of 1988), s. 3 and the First Schedule (w.e.f. 31-3-1988)."
            }
        },
        "Section 5.": {
            "heading": "[Repealed.].",
            "paragraphs": {
                "0": "[Insertion of new section 8A.] Rep. by s. 3 and the First Schedule, ibid. (w.e.f. 31-3-1988)."
            }
        }
    },
    "Schedule": {},
    "Annexure": {},
    "Appendix": {},
    "Forms": {},
    "Footnotes": {}
}