{
    "Act Title": "THE ADMINISTRATIVE TRIBUNALS (AMENDMENT) ACT, 1986",
    "Act ID": "ACT NO. 19 OF 1986",
    "Enactment Date": "[25th March, 1986.]",
    "Act Definition": {
        "0": "An Act to amend the Administrative Tribunals Act, 1985."
    },
    "Sections": {
        "Section 1.": {
            "heading": "Short title and commencement.",
            "paragraphs": {
                "0": "(1) This Act may be called the Administrative Tribunals (Amendment) Act, 1986.",
                "1": "(2) Save as otherwise provided in this Act, it shall be deemed to have come into force on the 22nd day of January, 1986."
            }
        },
        "Section 2.": {
            "heading": "[Repealed.].",
            "paragraphs": {
                "0": "[Amendment of long title.]Rep. by the Repealing and Amending Act(30 of 2001), s. 2 and the First Schedule (w.e.f. 3-9-2001)."
            }
        },
        "Section 3.": {
            "heading": "[Repealed.].",
            "paragraphs": {
                "0": "[Amendment of section 2.]Rep. by s. 2 and the First Schedule, ibid. (w.e.f. 3-9-2001)."
            }
        },
        "Section 4.": {
            "heading": "[Repealed.].",
            "paragraphs": {
                "0": "[Amendment of section 3.]Rep. by s. 2 and the First Schedule, ibid. (w.e.f. 3-9-2001)."
            }
        },
        "Section 5.": {
            "heading": "[Repealed.].",
            "paragraphs": {
                "0": "[Amendment of section 4.]Rep. by s. 2 and the First Schedule, ibid. (w.e.f. 3-9-2001)."
            }
        },
        "Section 6.": {
            "heading": "[Repealed.].",
            "paragraphs": {
                "0": "[Amendment of section 5.]Rep. by s. 2 and the First Schedule, ibid. (w.e.f. 3-9-2001)."
            }
        },
        "Section 7.": {
            "heading": "[Repealed.].",
            "paragraphs": {
                "0": "[Amendment of section 6.]Rep. by s. 2 and the First Schedule, ibid. (w.e.f. 3-9-2001)."
            }
        },
        "Section 8.": {
            "heading": "[Repealed.].",
            "paragraphs": {
                "0": "[Amendment of section 11.]Rep. by s. 2 and the First Schedule, ibid. (w.e.f. 3-9-2001)."
            }
        },
        "Section 9.": {
            "heading": "[Repealed.].",
            "paragraphs": {
                "0": "[Amendment of section 12.]Rep. by s. 2 and the First Schedule, ibid. (w.e.f. 3-9-2001)."
            }
        },
        "Section 10.": {
            "heading": "[Repealed.].",
            "paragraphs": {
                "0": "[Amendment of section 13.]Rep. by s. 2 and the First Schedule, ibid. (w.e.f. 3-9-2001)."
            }
        },
        "Section 11.": {
            "heading": "[Repealed.].",
            "paragraphs": {
                "0": "[Amendment of section 14.]Rep. by s. 2 and the First Schedule, ibid. (w.e.f. 3-9-2001)."
            }
        },
        "Section 12.": {
            "heading": "[Repealed.].",
            "paragraphs": {
                "0": "[Amendment of section 15.]Rep. by s. 2 and the First Schedule, ibid. (w.e.f. 3-9-2001)."
            }
        },
        "Section 13.": {
            "heading": "[Repealed.].",
            "paragraphs": {
                "0": "[Amendment of section 18.]Rep. by s. 2 and the First Schedule, ibid. (w.e.f. 3-9-2001)."
            }
        },
        "Section 14.": {
            "heading": "[Repealed.].",
            "paragraphs": {
                "0": "[Amendment of section 19.]Rep. by s. 2 and the First Schedule, ibid. (w.e.f. 3-9-2001)."
            }
        },
        "Section 15.": {
            "heading": "[Repealed.].",
            "paragraphs": {
                "0": "[Amendment of section 22.]Rep. by s. 2 and the First Schedule, ibid. (w.e.f. 3-9-2001)."
            }
        },
        "Section 16.": {
            "heading": "[Repealed.].",
            "paragraphs": {
                "0": "[Amendment of section 23.]Rep. by s. 2 and the First Schedule, ibid. (w.e.f. 3-9-2001)."
            }
        },
        "Section 17.": {
            "heading": "[Repealed.].",
            "paragraphs": {
                "0": "[Substitution of new sections for section 25 and 26.]Rep. by s. 2 and the First Schedule, ibid. (w.e.f. 3-9-2001)."
            }
        },
        "Section 18.": {
            "heading": "[Repealed.].",
            "paragraphs": {
                "0": "[Amendment of section 27.]Rep. by s. 2 and the First Schedule, ibid. (w.e.f. 3-9-2001)."
            }
        },
        "Section 19.": {
            "heading": "[Repealed.].",
            "paragraphs": {
                "0": "[Amendment of section 28.]Rep. by s. 2 and the First Schedule, ibid. (w.e.f. 3-9-2001)."
            }
        },
        "Section 20.": {
            "heading": "[Repealed.].",
            "paragraphs": {
                "0": "[Amendment of section 29.]Rep. by s. 2 and the First Schedule, ibid. (w.e.f. 3-9-2001)."
            }
        },
        "Section 21.": {
            "heading": "[Repealed.].",
            "paragraphs": {
                "0": "[Insertion of new section 29A.]Rep. by s. 2 and the First Schedule, ibid. (w.e.f. 3-9-2001)."
            }
        },
        "Section 22.": {
            "heading": "[Repealed.].",
            "paragraphs": {
                "0": "[Amendment of section 35.]Rep. by s. 2 and the First Schedule, ibid. (w.e.f. 3-9-2001)."
            }
        },
        "Section 23.": {
            "heading": "[Repealed.].",
            "paragraphs": {
                "0": "[Amendment of section 36.]Rep. by s. 2 and the First Schedule, ibid. (w.e.f. 3-9-2001)."
            }
        },
        "Section 24.": {
            "heading": "Provisions as to existing Members of Central Administrative Tribunal.",
            "paragraphs": {
                "0": {
                    "text": "Every person holding office as Chairman, Vice-Chairman or other Member of the Central Administrative Tribunal immediately before the commencement of this Act shall,\u2014",
                    "contains": {
                        "0": "(a) if he possesses any of the qualifications specified for appointment as a Judicial Member under the principal Act, as amended by this Act, be deemed, on and from such commencement, to have been appointed as a Judicial Member of such Tribunal; and",
                        "1": "(b) in any other case, be deemed, on and from such commencement, to have been appointed as an Administrative Member of such Tribunal."
                    }
                }
            }
        },
        "Section 25.": {
            "heading": "Validation.",
            "paragraphs": {
                "0": {
                    "text": "Anything done or any action taken (including any application admitted or orders passed) by the Central Administrative Tribunal or any of its Bench or Benches immediately before the commencement of this Act in the exercise or purported exercise of its jurisdiction, powers and authority conferred by or under the principal Act shall be deemed to have been validly done or taken as if the provisions of the principal Act, as amended by this Act had been in force at all material times and, accordingly, anything done or any action taken by the said Tribunal or any of its Bench or Benches shall not be called in question merely on the ground that\u2014",
                    "contains": {
                        "0": "(a) the Bench or Benches of such Tribunal had not been properly constituted, or",
                        "1": "(b) the said Tribunal had no jurisdiction to adjudicate or try any dispute or complaint or to hear any appeals in relation to such dispute or complaint."
                    }
                }
            }
        },
        "Section 26.": {
            "heading": "Repeal and saving.",
            "paragraphs": {
                "0": "(1) The Administrative Tribunals (Amendment) Ordinance, 1986 (1 of 1986) is hereby repealed.",
                "1": "(2) Notwithstanding such repeal, anything done or any action taken under the principal Act, as amended by the said Ordinance, shall be deemed to have been done or taken under the principal Act, as amended by this Act."
            }
        }
    },
    "Schedule": {},
    "Annexure": {},
    "Appendix": {},
    "Forms": {},
    "Footnotes": {}
}