{
    "Act Title": "THE INTERNATIONAL AIRPORTS AUTHORITY (AMENDMENT) ACT, 1985",
    "Act ID": "ACT NO. 72 OF 1985",
    "Enactment Date": "[20th December, 1985.]",
    "Act Definition": {
        "0": "An Act to amend the International Airports Authority Act, 1971."
    },
    "Sections": {
        "Section 1.": {
            "heading": "Short title.",
            "paragraphs": {
                "0": "This Act may be called the International Airports Authority (Amendment) Act, 1985."
            }
        },
        "Section 2.": {
            "heading": "Amendment of section 36.",
            "paragraphs": {
                "0": "[Sections 2 and 3]. Rep by the Repealing and Amending Act, 2001 (30 of 2001), s. 2 and the First Schedule (w.e.f. 3-9-2001).",
                "1": "4. Validation.\u2014(1)The International Airports Authority of India (Conditions of Service of the Chairman and other whole-time Members) Rules, 1973 (hereafter in this section referred to as the 1973 Rules) published with the notification of the Government of India in the then Ministry of Tourism and Civil Aviation No. S.O. 717(E), dated the 29th November, 1973, shall be deemed to be, and to have always been, made under section 36 of the principal Act as amended by clause (a) of section 2 of this Act, and accordingly, the 1973 Rules shall not be deemed to be invalid or ever to have become invalid merely on the ground that they were made with retrospective effect."
            }
        },
        "Section 3.": {
            "heading": "Amendment of section 37.",
            "paragraphs": {}
        },
        "Section 4.": {
            "heading": "Validation.",
            "paragraphs": {
                "0": "(1)The International Airports Authority of India (Conditions of Service of the Chairman and other whole-time Members) Rules, 1973 (hereafter in this section referred to as the 1973 Rules) published with the notification of the Government of India in the then Ministry of Tourism and Civil Aviation No. S.O. 717(E), dated the 29th November, 1973, shall be deemed to be, and to have always been, made under section 36 of the principal Act as amended by clause (a) of section 2 of this Act, and accordingly, the 1973 Rules shall not be deemed to be invalid or ever to have become invalid merely on the ground that they were made with retrospective effect.",
                "1": "(2) Every order made or purporting to have been made by the Central Government under rule 7 of the 1973 Rules before the date of commencement of this Act and any action or thing taken or done under such order shall be and shall be deemed always to have been as valid and effective as if such order had been included in and formed part of that rule."
            }
        }
    },
    "Schedule": {},
    "Annexure": {},
    "Appendix": {},
    "Forms": {},
    "Footnotes": {}
}