{
    "Act Title": "THE MERCHANT SHIPPING (AMENDMENT) ACT, 1986",
    "Act ID": "ACT NO. 33 OF 1986",
    "Enactment Date": "[14th August, 1986.]",
    "Act Definition": {
        "0": "An Act further to amend the Merchant Shipping Act, 1958."
    },
    "Sections": {
        "Section 1.": {
            "heading": "Short title.",
            "paragraphs": {
                "0": "This Act may be called the Merchant Shipping (Amendment) Act, 1986."
            }
        },
        "Section 2.": {
            "heading": "[Repealed.]",
            "paragraphs": {
                "0": "[Omission of section 80.]\u2014Rep. by the Repealing and Amending Act, 2001 (30 of 2001), s. 2 and the First Schedule (w.e.f. 3-9-2001)."
            }
        },
        "Section 3.": {
            "heading": "[Repealed.]",
            "paragraphs": {
                "0": "[Amendment of section 86.]\u2014Rep. by s. 2 and the First Schedule, ibid. (w.e.f. 3-9-2001)."
            }
        },
        "Section 4.": {
            "heading": "[Repealed.]",
            "paragraphs": {
                "0": "[Amendment of section 87A.]\u2014Rep. by s. 2 and the First Schedule, ibid. (w.e.f. 3-9-2001)."
            }
        },
        "Section 5.": {
            "heading": "Saving.",
            "paragraphs": {
                "0": "For the removal of doubts, it is hereby declared that the amendments made in the principal Act by this Act shall not apply to, or in relation to, any certificate of service granted under section 80 or recognised under section 86 of the principal Act before the commencement of this Act and the principal Act shall apply in relation to such certificates as if this Act had not been enacted."
            }
        }
    },
    "Schedule": {},
    "Annexure": {},
    "Appendix": {},
    "Forms": {},
    "Footnotes": {}
}