{
    "Act Title": "THE SPECIAL PROTECTION GROUP ACT, 1988",
    "Act ID": "ACT NO. 34 OF 1988",
    "Enactment Date": "[2nd June, 1988.]",
    "Act Definition": {
        "0": "An Act to provide for the constitution and regulation of an armed force of the Union for providing proximate security to the Prime Minister of India and the 1[former Prime Ministers of India and members of their immediate families] and for matters connected therewith."
    },
    "Sections": {
        "Section 1.": {
            "heading": "Short title and commencement.",
            "paragraphs": {
                "0": "(1) This Act may be called the Special Protection Group Act, 1988.",
                "1": "(2) It shall come into force on such date2 as the Central Government may, by notification in the Official Gazette, appoint."
            }
        },
        "Section 2.": {
            "heading": "Definitions.",
            "paragraphs": {
                "0": {
                    "text": "In this Act, unless the context otherwise requires,\u2014",
                    "contains": {
                        "0": "(a) \u201cactive duty\u201d in relation to a member of the Group means any duty as such member during the period when he is posted to physically protect the Prime Minister of India and the members of 3[his immediate family or a former Prime Minister and the members of his immediate family], wherever he or they may be;",
                        "1": "(b) \u201cDirector\u201d means the Director of the Group appointed under sub-section (1) of section 5;",
                        "2": "(c) \u201cGroup\u201d means the Special Protection Group constituted under section 4;",
                        "3": "(d) \u201cmember of the Group\u201d means a person who has been appointed to the Group by the prescribed authority whether before or after the commencement of this Act;",
                        "4": "(e) \u201cmembers of immediate family\u201d means wife, husband, children and parents;",
                        "5": "(f) \u201cprescribed\u201d means prescribed by rules made under this Act;",
                        "6": "(g) \u201cproximate security\u201d means protection provided from close quarters, during journey by road, rail, aircraft, watercraft or on foot or any other means of transport and shall include the places of functions, engagements, residence or halt and shall comprise ring round teams, isolation cordons, the sterile zone around, and the rostrum and access control to the person or members of his immediate family;",
                        "7": "(h) all words and expressions used and not defined in this Act but defined in the Indian Penal Code (45 of 1860) shall have the meanings respectively assigned to them in that Code."
                    }
                }
            }
        },
        "Section 3.": {
            "heading": "Members subject to this Act.",
            "paragraphs": {
                "0": "Every member of the Group shall be subject to this Act, wherever he may be."
            }
        },
        "Section 4.": {
            "heading": "Constitution of the Group.",
            "paragraphs": {
                "0": {
                    "text": "4[ (1) There shall be an armed force of the Union called the Special Protection Group for providing proximate security to,\u2014",
                    "contains": {
                        "0": "(a) the Prime Minister and members of his immediate family residing with him at his official residence; and",
                        "1": "(b) any former Prime Minister and such members of his immediate family as are residing with him at the residence allotted to him, for a period of five years from the date he ceases to hold the office of Prime Minister.]"
                    }
                },
                "1": {
                    "text": "(1A) Notwithstanding anything contained in sub-section (1),\u2014",
                    "contains": {
                        "0": "(a) any former Prime Minister or any member of the immediate family of the Prime Minister or of a former Prime Minister may decline proximate security;",
                        "1": "1[(b) where the proximate security is withdrawn from a former Prime Minister, such proximate security shall also stand withdrawn from members of immediate family of such former Prime Minister:]",
                        "2": "Provided that where the level of threat faced by any member of the immediate family of a former Prime Minister warrants proximate security or any other security, such security shall be provided to that member.]"
                    }
                },
                "2": "(2) Subject to the provisions of this Act, the Group shall be constituted in such manner as may be prescribed and the terms and conditions of service of the members of the Group shall be such as may be prescribed.",
                "3": "(3) Notwithstanding anything contained in this section, any person or any member of any other armed force of the Union may be appointed to the Group by the Central Government by a general or special order and for such period as may be specified in such order, and the person so appointed shall, during the period of his appointment, be deemed to be a member of the Group, and the provisions of this Act shall, so far as may be, apply to such person or member."
            }
        },
        "Section 5.": {
            "heading": "Control, direction, etc.",
            "paragraphs": {
                "0": "(1) The general superintendence, direction and control of the Group shall vest in, and be exercised by, the Central Government and subject thereto and to the provisions of this Act and the rules, the command and supervision of the Group shall vest in an officer to be appointed by the Central Government as the Director of the Group.",
                "1": "(2) The Director shall, in the discharge of his duties under this Act, be assisted by such number of 2[Inspectors General, Deputy Inspectors General, Assistant Inspectors General] and other officers as may be appointed by the Central Government."
            }
        },
        "Section 6.": {
            "heading": "Liability for service in and outside India.",
            "paragraphs": {
                "0": "Every member of the Group shall be liable to serve in any part of India as well as outside India."
            }
        },
        "Section 7.": {
            "heading": "Members of the Group always on active duty.",
            "paragraphs": {
                "0": "Every member of the Group, not on leave or under suspension, shall, for all purposes of this Act, be always on active duty and may at any time be employed or deployed in any manner which is consistent with the duties and responsibilities of the Group under this Act."
            }
        },
        "Section 8.": {
            "heading": "Resignation and withdrawal from the post.",
            "paragraphs": {
                "0": {
                    "text": "No member of the Group shall be at liberty\u2014",
                    "contains": {
                        "0": "(a) to resign his appointment during the terms of his engagement; or",
                        "1": "(b) to withdraw himself from all or any of the duties of his appointment,"
                    }
                },
                "1": "except with the previous permission in writing of the prescribed authority."
            }
        },
        "Section 9.": {
            "heading": "Tenure of service.",
            "paragraphs": {
                "0": "Every member of the Group shall hold office during the pleasure of the President."
            }
        },
        "Section 10.": {
            "heading": "Restrictions respecting right to from associations, freedom of speech, etc.",
            "paragraphs": {
                "0": {
                    "text": "(1) No member of the Group shall, without the previous sanction in writing of the Central Government or of the prescribed authority,\u2014",
                    "contains": {
                        "0": "(a) be a member of, or be associated in any way with, any trade union, labour union, political association or with any class of trade unions, labour unions or political associations; or",
                        "1": "(b) be a member of, or be associated in any way with, any society, institution, association or organisation that is not of a purely social, recreational or religious nature; or",
                        "2": "(c) communicate with the press or publish or cause to be published any book, letter or other document except where such communication or publication is in the bona fide discharge of his duties or is of a purely literary, artistic or scientific character or is of a prescribed nature."
                    }
                },
                "1": "Explanation.\u2014If any question arises as to whether any society, institution, association or organisation is of a purely social, recreational or religious nature under clause (b) or whether any book, letter or document is a communication or publication in the bona fide discharge of his duties or is a purely literary, artistic or scientific character or is of a prescribed nature under clause (c), the decision of the Central Government thereon shall be final.",
                "2": "(2) No member of the Group shall participate in, or address, any meeting or take part in any demonstration organised by any body of persons for any political purposes or for such other purposes as may be prescribed."
            }
        },
        "Section 11.": {
            "heading": "Termination of service.",
            "paragraphs": {
                "0": "The prescribed authority may, by order in writing, terminate the appointment of any member of the Group in the public interest and such termination shall be deemed to be discharged simpliciter and shall not amount to dismissal or removal."
            }
        },
        "Section 12.": {
            "heading": "Appeal.",
            "paragraphs": {
                "0": "(1) Any member of the Group aggrieved by an order under section 11 may, within thirty days from the date of such order, prefer an appeal to a Board to be constituted by the Central Government.",
                "1": "(2) The Board shall consist of such persons as may be prescribed.",
                "2": "(3) The decision of the Board shall be final and shall not be called in question in any court or tribunal.",
                "3": "(4) The Board shall have power to regulate its own procedure."
            }
        },
        "Section 13.": {
            "heading": "Powers and duties conferable on members of the Group.",
            "paragraphs": {
                "0": "The Central Government may, by general or special order published in the Official Gazette, direct that, subject to such conditions and limitations as may be specified in that order, any member of the Group may exercise or discharge such powers or duties as may be specified in the said order for giving effect to the provisions of this Act."
            }
        },
        "Section 14.": {
            "heading": "Assistance to Group.",
            "paragraphs": {
                "0": "It shall be the duty of every Ministry and Department of the Central Government or the State Government or the Union territory Administration, every Indian Mission, every local or other authority or every civil or military authority to act in aid of the Director or any member of the Group whenever called upon to do so in furtherance of the duties and responsibilities assigned to such Director or member."
            }
        },
        "Section 15.": {
            "heading": "Protection of action taken under this Act.",
            "paragraphs": {
                "0": "No suit, prosecution or other legal proceeding shall lie against the Group or any member thereof on whom powers have been conferred or duties have been imposed under this Act, or any order issued or any rule made thereunder for anything which is in good faith done or purported to be done or omitted to be done in pursuance of this Act or any order issued or any rule made thereunder or any order issued under any such rule."
            }
        },
        "Section 16.": {
            "heading": "Power to make rules.",
            "paragraphs": {
                "0": "(1) The Central Government may, by notification in the Official Gazette, make rules for carrying out the provisions of this Act.",
                "1": {
                    "text": "(2) In particular and without prejudice to the generality of the foregoing power, such rules may provide for all or any of the following matters, namely:\u2014",
                    "contains": {
                        "0": "(a) the manner in which the Group shall be constituted and the terms and conditions of service of its members under sub-section (2) of section 4;",
                        "1": "(b) the authorities to be prescribed under section 8, sub-section (1) of section 10 and section 11;",
                        "2": "(c) the nature of the communication or publication under clause (c) of sub-section (1) of section 10;",
                        "3": "(d) the purposes, other than political purposes, for which a person subject to this Act shall not participate in, or address, any meeting or take part in any demonstration under sub-section (2) of section 10;",
                        "4": "(e) the persons who shall be members of the Board under sub-section (2) of section 12;",
                        "5": "(f) any other matter which has to be, or may be, prescribed."
                    }
                }
            }
        },
        "Section 17.": {
            "heading": "Laying of orders and rules.",
            "paragraphs": {
                "0": "Every order issued under section 13 and every rule made under section 16 shall be laid, as soon as may be after it is issued or made, before each House of Parliament while it is in session for a total period of thirty days which may be comprised in one session or in two or more successive sessions, and if, before the expiry of the session immediately following the session or the successive sessions aforesaid, both Houses agree in making any modification in the order or the rule or both Houses agree that the order or rule should not be made, the order or rule shall thereafter have effect only in such modified form or be of no effect, as the case may be; so, however, that any such modification or annulment shall be without prejudice to the validity of anything previously done under that order or rule."
            }
        },
        "Section 18.": {
            "heading": "Provision as to existing Special Protection Group.",
            "paragraphs": {
                "0": "(1) The Special Protection Group in existence at the commencement of this Act shall be deemed to be the Group constituted under this Act.",
                "1": "(2) The members of the Special Protection Group in existence at the commencement of this Act shall be deemed to have been appointed as such under this Act.",
                "2": "(3) Anything done or any action taken before the commencement of this Act in relation to the constitution of the Special Protection Group referred to in sub-section (1) and in relation to any person appointed, shall be as valid and as effective in law as if such thing or action was done or taken under this Act."
            }
        }
    },
    "Schedule": {},
    "Annexure": {},
    "Appendix": {},
    "Forms": {},
    "Footnotes": {
        "Page 2": {
            "0": "1. Subs. by Act 48 of 1991, s. 2, for \u201cmembers of his immediate family\u201d (w.e.f. 25-9-1991).",
            "1": "2.  1st  August,  1988,  vide  notification  No.  S.O.  735(E),  dated  1st  August,  1988,  See  Gazette  of  India,  Extraordinary,  Part  II,sec. 3(ii).",
            "2": "3. Subs. by Act 48 of 1991, s. 3, for \u201chis immediate family\u201d (w.e.f. 25-9-1991).",
            "3": "4. Subs. by Act 43 of 2019, s. 2, for sub-section (1) (w.e.f. 10-12-2019)."
        },
        "Page 3": {
            "0": "1. Subs. by Act 43 of 2019, s. 2, for clause (b) (w.e.f. 10-12-2019).",
            "1": "2. Subs. by Act 20 of 2003, s. 3, for \u201cDeputy Directors, Assistant Directors, Joint Assistant Directors\u201d (w.e.f. 13-3-2003)."
        }
    }
}