{
    "Act Title": "THE VISVA-BHARATI (AMENDMENT) ACT, 1984",
    "Act ID": "ACT NO. 31 OF 1984",
    "Enactment Date": "[21st May, 1984.]",
    "Act Definition": {
        "0": "An Act further to amend the Visva-Bharati Act, 1951."
    },
    "Sections": {
        "Section 1.": {
            "heading": "Short title and commencement.",
            "paragraphs": {
                "0": "(1) This Act may be called the Visva-Bharati (Amendment) Act, 1984.",
                "1": "(2) It shall come into force on such date1 as the Central Government may, by notification in the Official Gazette, appoint."
            }
        },
        "Section 2.": {
            "heading": "[Repealed.].",
            "paragraphs": {
                "0": "[Substitution of certain expressions for certain other expressions.].\u2014Rep. by the Repealing and Amending Act, 1988 (19 of 1988), s. 2 and the First Schedule (w.e.f. 31-3-1988)."
            }
        },
        "Section 3.": {
            "heading": "[Repealed.].",
            "paragraphs": {
                "0": "[Substitution of new section for section 3.].\u2014Rep. by s. 2 and the First Schedule, ibid. (w.e.f. 31-3-1988)."
            }
        },
        "Section 4.": {
            "heading": "[Repealed.].",
            "paragraphs": {
                "0": "[Insertion of new sections 5A and 5B.].\u2014Rep. by s. 2 and the First Schedule, ibid. (w.e.f. 31-3-1988)."
            }
        },
        "Section 5.": {
            "heading": "[Repealed.].",
            "paragraphs": {
                "0": "[Substitution of new section for section 6.].\u2014Rep. by s. 2 and the First Schedule, ibid. (w.e.f. 31-3-1988)."
            }
        },
        "Section 6.": {
            "heading": "[Repealed.].",
            "paragraphs": {
                "0": "[Substitution of new section for section 10.].\u2014Rep. by s. 2 and the First Schedule, ibid. (w.e.f. 31-3-1988)."
            }
        },
        "Section 7.": {
            "heading": "[Repealed.].",
            "paragraphs": {
                "0": "[Substitution of new section for section 12.].\u2014Rep. by s. 2 and the First Schedule, ibid. (w.e.f. 31-3-1988)."
            }
        },
        "Section 8.": {
            "heading": "[Repealed.].",
            "paragraphs": {
                "0": "[Amendment of section 13.].\u2014Rep. by s. 2 and the First Schedule, ibid. (w.e.f. 31-3-1988)."
            }
        },
        "Section 9.": {
            "heading": "[Repealed.].",
            "paragraphs": {
                "0": "[Substitution of new section for section 14.].\u2014Rep. by s. 2 and the First Schedule, ibid. (w.e.f. 31-3-1988)."
            }
        },
        "Section 10.": {
            "heading": "[Repealed.].",
            "paragraphs": {
                "0": "[Omission of section 15.].\u2014Rep. by s. 2 and the First Schedule, ibid. (w.e.f. 31-3-1988)."
            }
        },
        "Section 11.": {
            "heading": "[Repealed.].",
            "paragraphs": {
                "0": "[Substitution of new sections for sections 16 and 17.].\u2014Rep. by s. 2 and the First Schedule, ibid. (w.e.f. 31-3-1988)."
            }
        },
        "Section 12.": {
            "heading": "[Repealed.].",
            "paragraphs": {
                "0": "[Amendment of section 18.].\u2014Rep. by s. 2 and the First Schedule, ibid. (w.e.f. 31-3-1988)."
            }
        },
        "Section 13.": {
            "heading": "[Repealed.].",
            "paragraphs": {
                "0": "[Substitution of new section for sections 19, 20 and 21.].\u2014Rep. by s. 2 and the First Schedule, ibid. (w.e.f. 31-3-1988)."
            }
        },
        "Section 14.": {
            "heading": "[Repealed.].",
            "paragraphs": {
                "0": "[Substitution of new section for sections 22 and 23.].\u2014Rep. by s. 2 and the First Schedule, ibid. (w.e.f. 31-3-1988)."
            }
        },
        "Section 15.": {
            "heading": "[Repealed.].",
            "paragraphs": {
                "0": "[Amendment of section 24.].\u2014 Rep. by s. 2 and the First Schedule, ibid. (w.e.f. 31-3-1988)."
            }
        },
        "Section 16.": {
            "heading": "[Repealed.].",
            "paragraphs": {
                "0": "[Substitution of new section for section 25.].\u2014Rep. by s. 2 and the First Schedule, ibid. (w.e.f. 31- 3-1988)."
            }
        },
        "Section 17.": {
            "heading": "[Repealed.].",
            "paragraphs": {
                "0": "[Substitution of new section for section 27.].\u2014Rep. by s. 2 and the First Schedule, ibid. (w.e.f. 31- 3-1988)."
            }
        },
        "Section 18.": {
            "heading": "[Repealed.].",
            "paragraphs": {
                "0": "[Amendment of section 28.].\u2014Rep. by s. 2 and the First Schedule, ibid. (w.e.f. 31-3-1988)."
            }
        },
        "Section 19.": {
            "heading": "[Repealed.].",
            "paragraphs": {
                "0": "[Substitution of new sections for sections 29 and 30.].\u2014Rep. by s. 2 and the First Schedule, ibid. (w.e.f. 31-3-1988).",
                "1": "20. [Amendment of section 32.].\u2014Rep. by s. 2 and the First Schedule, ibid. (w.e.f. 31-3-1988).",
                "2": "21. [Amendment of section 34.].\u2014Rep. by s. 2 and the First Schedule, ibid. (w.e.f. 31-3-1988)."
            }
        },
        "Section 22.": {
            "heading": "[Repealed.].",
            "paragraphs": {
                "0": "[Substitution of new sections for sections 35 and 36.].\u2014Rep. by s. 2 and the First Schedule, ibid. (w.e.f. 31-3-1988).",
                "1": "23. [Substitution of new sections for sections 37 and 38.].\u2014Rep. by s. 2 and the First Schedule, ibid. (w.e.f. 31-3-1988)."
            }
        },
        "Section 24.": {
            "heading": "[Repealed.].",
            "paragraphs": {
                "0": "[Insertion of new sections 44A and 44B.].\u2014Rep. by s. 2 and the First Schedule, ibid. (w.e.f. 31-3-1988)."
            }
        },
        "Section 25.": {
            "heading": "[Repealed.].",
            "paragraphs": {
                "0": "[Omission of First Schedule.].\u2014Rep. by s. 2 and the First Schedule, ibid. (w.e.f. 31-3-1988)."
            }
        },
        "Section 26.": {
            "heading": "[Repealed.].",
            "paragraphs": {
                "0": "[Amendment of Second Schedule.].\u2014Rep. by s. 2 and the First Schedule, ibid. (w.e.f. 31-3-1988)."
            }
        },
        "Section 27.": {
            "heading": "[Repealed.].",
            "paragraphs": {
                "0": "[Amendment of Statutes.].\u2014Rep. by s. 2 and the First Schedule, ibid. (w.e.f. 31-3-1988)."
            }
        },
        "Section 28.": {
            "heading": "Transitional provisions.",
            "paragraphs": {
                "0": "(1) Every authority of the University shall, as soon as may be, after the commencement of this Act, be constituted in accordance with the provisions of the principal Act, and of the Statutes of the University, as amended by this Act and until any such authority is constituted, the authority functioning immediately before such commencement shall continue to exercise all the powers and perform all the duties under the principal Act and the Statutes, so amended.",
                "1": "(2) The Upacharya(Vice-Chancellor), the Karma-Sachiva(Registrar), the Artha-Sachiva (Treasurer) and the Granthagarika(Librarian) holding office immediately before the commencement of this Act, shall, on and from such commencement hold their respective offices for the same tenure and upon the same terms and conditions as they held it immediately before such commencement.",
                "2": "(3) The Acharya (Chancellor), Adhyakshas of the Institutes and the Chatra-Parichalaka (Proctor) shall, as soon as may be, after the commencement of this Act, be appointed in accordance with the provisions of the principal Act and the Statutes of the University as amended by this Act and the person holding any such office immediately before such commencement shall continue to hold that office until his successor enters upon his office.",
                "3": "(4) The person holding the office of the Dean of Student Welfare immediately before the commencement of this Act, shall continue to hold that office until the Director of Physical Education, Sports, National Service and Student Welfare enters upon his office."
            }
        },
        "Section 29.": {
            "heading": "Saving.",
            "paragraphs": {
                "0": "Anything done, any action taken or any degree or other academic distinction conferred by the Visva-Bharati before the commencement of this Act shall, notwithstanding any change made by this Act in the constitution of the Samsad (Court), the Karma-Samiti (Executive Council), the Siksha- Samiti (Academic Council), or any other authority of the University, be valid as if such thing were done, action were taken or degree or other academic distinction were conferred under the provisions of the principal Act as amended by this Act."
            }
        },
        "Section 30.": {
            "heading": "Powers of Paridarsaka (Visitor) to make appointment in certain cases.",
            "paragraphs": {
                "0": "If any difficulty arises with respect to the establishment of any authority of the University or in connection with the first meeting of any authority of the University, the Paridarsaka (Visitor) may, in consultation with the Upacharya (Vice-Chancellor), by order make any appointment or do anything which appears to him necessary or expedient for the proper establishment of that authority or for the first meeting of that authority."
            }
        }
    },
    "Schedule": {},
    "Annexure": {},
    "Appendix": {},
    "Forms": {},
    "Footnotes": {
        "Page 2": {
            "0": "1.  8th  August,  1984,  vide  notification  No.  S.O.584(E),  dated  7thAugust,  1984,  see  Gazette  of  India,  Extraordinary,  PartII,sec. 3(ii)."
        }
    }
}