{
    "Act Title": "THE HANDLOOMS (RESERVATION OF ARTICLES FOR PRODUCTION) ACT, 1985",
    "Act ID": "ACT NO. 22 OF 1985",
    "Enactment Date": "[29th March, 1985.]",
    "Act Definition": {
        "0": "An Act to provide for reservation of certain articles for exclusive production by handlooms and for matters connected therewith."
    },
    "Sections": {
        "Section 1.": {
            "heading": "Short title, extent and commencement.",
            "paragraphs": {
                "0": "(1) This Act may be called the Handlooms (Reservation of Articles for Production) Act, 1985.",
                "1": "(2) It extends to the whole of India.",
                "2": "(3) It shall come into force on such date1 as the Central Government may, by notification in the Official Gazette, appoint."
            }
        },
        "Section 2.": {
            "heading": "Definitions.",
            "paragraphs": {
                "0": {
                    "text": "In this Act, unless the context otherwise requires,\u2014",
                    "contains": {
                        "0": "(a) \u201cAdvisory Committee\u201d means the Advisory Committee constituted under section 4;",
                        "1": "(b) \u201chandloom\u201d means any loom, other than power loom;",
                        "2": "(c) \u201cmanufacturer\u201d includes the producer and processor, and the expression \u201cmanufacture\u201d shall be construed accordingly;",
                        "3": "(d) \u201cpower loom\u201d means a loom which is worked by power as defined in clause (g) of section 2 of the Factories Act, 1948 (63 of 1948);",
                        "4": "(e) \u201cprocessor\u201d means a person engaged in any ancillary process subsequent to the production of cloth, such as dyeing, bleaching, mercerising, calendering, embroidering, printing, raising, cloth embossing or any other finishing process, but does not include a producer, and the expression \u201cprocess\u201d shall be construed accordingly;",
                        "5": "(f) \u201cproducer\u201d means a person engaged in the production of cloth on any loom, other than handloom, and shall include a person who owns, works or operates on, a loom for the production of cloth, and the expression \u201cproduce\u201d shall be construed accordingly."
                    }
                }
            }
        },
        "Section 3.": {
            "heading": "Power to specify articles for exclusive production by handlooms.",
            "paragraphs": {
                "0": "(1) Notwithstanding anything contained in the Industries (Development and Regulation) Act, 1951 (65 of 1951), the Central Government may, if it is satisfied, after considering the recommendations made to it by the Advisory Committee, that it is necessary so to do for the protection and development of the handloom industry, by order published in the Official Gazette, direct, from time to time, that any article or class of articles shall, on and from such date as may be specified in the order (hereinafter referred to as the date of reservation), be reserved for exclusive production by handlooms.",
                "1": "(2) Every order published under sub-section (1) shall be laid, as soon as may be after it is made, before each House of Parliament, while it is in session, for a total period of thirty days which may be comprised in one session or in two or more successive sessions, and if, before the expiry of the session immediately following the session or the successive sessions aforesaid, both Houses agree in making any modification in the order or both Houses agree that the order should not be made, the order shall thereafter have effect only in such modified form or be of no effect, as the case may be; so, however, that any such modification or annulment shall be without prejudice to the validity of anything previously done under that order."
            }
        },
        "Section 4.": {
            "heading": "Constitution of Advisory Committee.",
            "paragraphs": {
                "0": "(1) The Central Government shall, with a view to determining the nature of any article or class of articles that may be reserved for exclusive production by handlooms, constitute an Advisory Committee consisting of such persons as have, in the opinion of that Government, the necessary expertise to give advice on the matter.",
                "1": {
                    "text": "(2) The Advisory Committee shall, after considering the following matters, communicate its recommendations to the Central Government, namely:\u2014",
                    "contains": {
                        "0": "(a) the article or class of articles which is being produced by handlooms for mass consumption;",
                        "1": "(b) the article or class of articles which is being produced traditionally by handlooms;",
                        "2": "(c) the level of employment likely to be generated by the production of the article or class of articles referred to in clause (a) or clause (b) exclusively by handlooms;",
                        "3": "(d) the protection of interests of persons engaged in the handloom industry and the need for the continued maintenance of the industry; and",
                        "4": "(e) such other matters as the Advisory Committee may think fit."
                    }
                }
            }
        },
        "Section 5.": {
            "heading": "Prohibition of production of articles exclusively reserved for handlooms.",
            "paragraphs": {
                "0": "Where an order has been made under section 3 reserving any article or class of articles for exclusive production by handlooms, such article or class of articles shall not, on and from the date of reservation, be produced by any loom, other than handloom:",
                "1": "Provided that any person who, immediately before the date of reservation of any article or class of articles, was engaged in the production of such article or class of articles in any loom, other than handloom may continue to be so engaged till the expiry of three months from the date of such reservation."
            }
        },
        "Section 6.": {
            "heading": "Power to call for information or to furnish samples.",
            "paragraphs": {
                "0": {
                    "text": "(1) The Central Government may, by order, require any manufacturer to furnish, for the purposes of this Act,\u2014",
                    "contains": {
                        "0": "(a) such information in his possession with respect to any manufacturing activity or business carried on by him or by any other person to any officer or authority specified by it in such form and within such period as may be specified by that Government in the order;",
                        "1": "(b) such samples of any articles manufactured by him or by any other person for inspection by such officer or authority, at such places and within such period as may be specified by it in the order."
                    }
                },
                "1": "(2) Where any order has been issued to any manufacturer under sub-section (1), he shall comply with such order."
            }
        },
        "Section 7.": {
            "heading": "Power to enter and impact.",
            "paragraphs": {
                "0": "Any officer authorised by the Central Government (hereinafter referred to as the authorised officer) may enter, at all reasonable times, any place or premises of any manufacturer in which any textile articles are stored, kept or exposed for sale and may require the production for inspection of any books of account, registers, records or other documents kept therein and ask for such information relating to the manufacture, storage or keeping for sale of any such articles or to any power looms that may be found in such place as he may think fit for the purposes of carrying into effect the provisions of this Act."
            }
        },
        "Section 8.": {
            "heading": "Power to search and seize.",
            "paragraphs": {
                "0": {
                    "text": "(1) If the authorised officer has any reason to believe that,\u2014",
                    "contains": {
                        "0": "(a) any article or class of articles specified in any order made under section 3 is being produced in any place in contravention of such order; or",
                        "1": "(b) any article or class of articles produced in contravention of such order are secreted in any place; or",
                        "2": "(c) any article or class of articles is liable to forfeiture under this Act,"
                    }
                },
                "1": {
                    "text": "he may enter into and search such place or premises for such article, or class of articles or any powerloom which in the opinion of the authorised officer may have been used for the production of such article or class of articles.",
                    "contains": {
                        "0": "(2) Where, as a result of any search made under sub-section (1), any article or class of articles or any power loom has been found and the authorised officer has reason to believe that such article or class of articles has been produced, or such power loom has been used for the production of any article or class of articles, in contravention of any order made under section 3, he may seize such article, class of articles or power loom, together with the package, covering or receptacle, if any, in which such article or class of articles is found:",
                        "1": "Provided that where it is not practicable to seize any article or power loom, the authorised officer may serve on the owner of the article or the power loom, as the case may be, an order that he shall not remove, part with, or otherwise deal with, the article or power loom except with the previous permission of such authorised officer.",
                        "2": "(3) Where any article or power loom is seized under sub-section (2) and no prosecution has been launched within six months of such seizure, it shall be returned to the person from whose possession it was seized.",
                        "3": "(4) The authorised officer may also seize any documents or things which, in his opinion, will be useful for, or relevant to, any proceeding under this Act.",
                        "4": "(5) The person from whose custody any documents are seized under sub-section (4) shall be entitled to make copies thereof or takes extracts therefrom in the presence of the authorised officer.",
                        "5": "(6) If any person legally entitled to the documents or things seized under sub-section (4) objects, for any reason, to the retention by the authorised officer of the documents or things, he may make an application to the Central Government stating therein the reasons for such objection and requesting for the return of the documents or things.",
                        "6": "(7) On receipt of an application under sub-section (6), the Central Government may, after giving the applicant an opportunity of being heard, pass such order as it may think fit."
                    }
                }
            }
        },
        "Section 9.": {
            "heading": "Search and seizure to be made in accordance with the Code of Criminal Procedure,1973.",
            "paragraphs": {
                "0": "The provisions of the Code of Criminal Procedure, 1973 (2 of 1974), relating to searches and seizures shall, so far as may be, apply to every search or seizure made under this Act."
            }
        },
        "Section 10.": {
            "heading": "Penalty for contravention of orders made under section 3.",
            "paragraphs": {
                "0": {
                    "text": "Whoever produces any article or class of articles in contravention of an order made under section 3,\u2014",
                    "contains": {
                        "0": "(a) shall be punishable with imprisonment for a term which may extend to six months or with fine which may extend to five thousand rupees per loom by which the said article or class of articles is produced, or with both, and in the case of a continuing contravention, with an additional fine which may extend to five hundred rupees per loom for every day during which such contravention continues after conviction for the first such contravention; and",
                        "1": "(b) the article or class of articles in respect of which the order has been contravened or any power loom by the use of which such order is contravened, including any package, covering or receptacle in which the article or class of articles is found, shall be forfeited to the Central Government:",
                        "2": "Provided that if the court is of opinion that it is not necessary to direct forfeiture in respect of any of the articles, power loom or any package, covering or receptacle, it may, for reasons to be recorded, refrain from doing so."
                    }
                }
            }
        },
        "Section 11.": {
            "heading": "False statement.",
            "paragraphs": {
                "0": {
                    "text": "If any person,\u2014",
                    "contains": {
                        "0": "(a) when required by any order made under section 6 to furnish any information or sample, makes any statement or furnishes any information which is false in any material particular and which he knows, or has reasonable cause to believe, to be false or does not believe it to be true, or fails to furnish such sample or damages or destroys any article from which such sample was required; or",
                        "1": "(b) when required by the authorised officer under section 7 to produce any books of account, registers, records or other documents, fails to produce, or damages or destroys any such books, registers or other documents, he shall be punishable with imprisonment for a term which may extend to three months, or with fine which may extend to five thousand rupees, or with both."
                    }
                }
            }
        },
        "Section 12.": {
            "heading": "Attempts and abetment.",
            "paragraphs": {
                "0": "Any person who attempts to contravene or abets the contravention of any order made under section 3 shall be deemed to have contravened that order."
            }
        },
        "Section 13.": {
            "heading": "Offences by companies.",
            "paragraphs": {
                "0": "(1) Where an offence under this Act has been committed by a company, every person who at the time the offence was committed was in charge of, and was responsible to, the company for the conduct of the business of the company, as well as the company, shall be deemed to be guilty of the offence and shall be liable to be proceeded against and punished accordingly:",
                "1": "Provided that nothing contained in this sub-section shall render any such person liable to any punishment provided in this Act, if he proves that the offence was committed without his knowledge or that he had exercised all due diligence to prevent the commission of such offence.",
                "2": "(2) Notwithstanding anything contained in sub-section (1), where an offence under this Act has been committed by a company and it is proved that the offence has been committed with the consent or connivance of, or is attributable to any neglect on the part of, any director, manager, secretary or other officer of the company, such director, manager, secretary or other officer shall also be deemed to be guilty of that offence and shall be liable to be proceeded against and punished accordingly.",
                "3": {
                    "text": "Explanation.\u2014For the purposes of this section,\u2014",
                    "contains": {
                        "0": "(a) \u201ccompany\u201d means any body corporate and includes a cooperative society registered or deemed to be registered under any law for the time being in force, a firm or other association of individuals; and",
                        "1": "(b) \u201cdirector\u201d, in relation to a firm, means a partner in the firm."
                    }
                }
            }
        },
        "Section 14.": {
            "heading": "Offences to be cognizable.",
            "paragraphs": {
                "0": "Notwithstanding anything contained in the Code of Criminal Procedure, 1973 (2 of 1974), every offence punishable under this Act shall be cognizable."
            }
        },
        "Section 15.": {
            "heading": "Power to delegate.",
            "paragraphs": {
                "0": {
                    "text": "The Central Government may, by order, direct that the powers exercisable by it under any provision of this Act, other than the power to make orders under section 3 or under section 18 or to make rules under section 19, shall in relation to such matters and subject to such conditions, if any, as may be specified in the direction, be exercisable also by\u2014",
                    "contains": {
                        "0": "(a) such officer or authority subordinate to the Central Government; or",
                        "1": "(b) such State Government or such officer or authority subordinate to a State Government,"
                    }
                },
                "1": "as may be specified in the direction."
            }
        },
        "Section 16.": {
            "heading": "Power of Central Government to give directions.",
            "paragraphs": {
                "0": "The Central Government may give such directions as it may consider necessary to a State Government as to the carrying into execution of the provisions of this Act."
            }
        },
        "Section 17.": {
            "heading": "Protection of action taken in good faith.",
            "paragraphs": {
                "0": "No suit, prosecution or other legal proceeding shall lie against the Central Government, State Government or any officer or employee of the Central Government or of any State Government or any authorised officer for anything which is in good faith done or intended to be done under this Act or an order made under section 3."
            }
        },
        "Section 18.": {
            "heading": "Power to exempt.",
            "paragraphs": {
                "0": "(1) If the Central Government is satisfied that the demand for any article or class of articles reserved by an order under section 3 outside India is such that it is not possible for the handloom industry to meet such demand or any such article or class of articles is required to be produced for purposes of research or for the development of markets for such article or class of articles or of the handloom industry generally, it is necessary or expedient so to do, it may, by order published in the Official Gazette, exempt such article or class of articles from the operation of such order, and permit such article or class of articles to be produced by any power loom solely for the purposes of export or for research by such institutions as may be specified in the order.",
                "1": "(2) Every order made under this section shall be laid, as soon as may be after it is made, before each House of Parliament, while it is in session, for a total period of thirty days which may be comprised in one session or in two or more successive sessions, and if, before the expiry of the session immediately following the session or the successive sessions aforesaid, both Houses agree in making any modification in the order or both Houses agree that the order should not be made, the order shall thereafter have effect only in such modified form or be of no effect, as the case may be; so, however, that any such modification or annulment shall be without prejudice to the validity of anything previously done under that order."
            }
        },
        "Section 19.": {
            "heading": "Power to make rules.",
            "paragraphs": {
                "0": "(1) The Central Government may, by notification in the Official Gazette, make rules for carrying out the purposes of this Act.",
                "1": "(2) Every rule made under this Act shall be laid, as soon as may be after it is made, before each House of Parliament, while it is in session, for a total period of thirty days which may be comprised in one session or in two or more successive sessions, and if, before the expiry of the session immediately following the session or the successive sessions aforesaid, both Houses agree in making any modification in the rule or both Houses agree that the rule should not be made, the rule shall thereafter have effect only in such modified form or be of no effect, as the case may be; so, however, that any such modification or annulment shall be without prejudice to the validity of anything previously done under that rule."
            }
        }
    },
    "Schedule": {},
    "Annexure": {},
    "Appendix": {},
    "Forms": {},
    "Footnotes": {
        "Page 2": {
            "0": "1.  31st  March,  1986,  vide  notification  No.  G.S.R  505(E),  dated 10th  March,  1986,  see  Gazette  of  India,  Extraordinary,  Part  II,sec. 3(i)."
        }
    }
}