{
    "Act Title": "THE HIGH COURT AT BOMBAY (EXTENSION OF JURISDICTION TO GOA, DAMAN AND DIU) ACT, 1981",
    "Act ID": "ACT NO. 26 OF 1981",
    "Enactment Date": "[9th September, 1981.]",
    "Act Definition": {
        "0": "An Act to provide for the extension of the jurisdiction of the High Court at Bombay to the Union territory of Goa, Daman and Diu, for the establishment of a permanent bench of that High Court at Panaji and for matters connected therewith."
    },
    "Sections": {
        "Section 1.": {
            "heading": "Short title and commencement.",
            "paragraphs": {
                "0": "(1) This Act may be called the High Court at Bombay (Extension of Jurisdiction to Goa, Daman and Diu) Act, 1981.",
                "1": "(2) It shall come into force on such date1as the Central Government may, by notification in the Official Gazette, appoint."
            }
        },
        "Section 2.": {
            "heading": "Definitions.",
            "paragraphs": {
                "0": {
                    "text": "In this Act, unless the context otherwise requires,\u2014",
                    "contains": {
                        "0": "(a) \u201cappointed day\u201d means the date on which this Act comes into force;",
                        "1": "(b) \u201cCourt of the Judicial Commissioner\u201d means the Court of the Judicial Commissioner for Goa, Daman and Diu."
                    }
                }
            }
        },
        "Section 3.": {
            "heading": "Extension of jurisdiction of Bombay High Court to Goa, Daman and Diu.",
            "paragraphs": {
                "0": "(1) On and from the appointed day, the jurisdiction of the High Court at Bombay shall extend to the Union territory of Goa, Daman and Diu.",
                "1": "(2) On and from the appointed day, the Court of the Judicial Commissioner shall cease to function and is hereby abolished:",
                "2": "Provided that nothing in this sub-section shall prejudice or affect the continued operation of any notice served, injunction issued, direction given or proceedings taken before the appointed day by the Court of the Judicial Commissioner, abolished by this sub-section, under the powers then conferred upon that Court."
            }
        },
        "Section 4.": {
            "heading": "Jurisdiction of Bombay High Court.",
            "paragraphs": {
                "0": "On and from the appointed day, the High Court at Bombay shall have, in respect of the territories included in the Union territory of Goa, Daman and Diu, all such jurisdiction, powers and authority as, under the law in force immediately before the appointed day, are exercisable in respect of the said territories by the Court of the Judicial Commissioner."
            }
        },
        "Section 5.": {
            "heading": "Chapter VI of Part VI of the Constitution to apply to the Bombay High Court exercising jurisdiction over the Union territory of Goa, Daman and Diu.",
            "paragraphs": {
                "0": {
                    "text": "The provisions of Chapter VI of Part VI of the Constitution shall apply to the High Court at Bombay in relation to the exercise of its jurisdiction to the Union territory of Goa, Daman and Diu, subject to the following exceptions and modifications, namely:\u2014",
                    "contains": {
                        "0": "(a) the references in the said Chapter to \u201cState\u201d except where it occurs in the expression \u201cGovernor of the State\u201d shall be construed as references to the Union territory of Goa, Daman and Diu;",
                        "1": "(b) in clause (1) of article 233 and in article 234, the references to the Governor of the State, and in article 237, the reference to the Governor, shall be construed as references to the Administrator of the Union territory of Goa, Daman and Diu;",
                        "2": "(c) the provisions of article 233A shall not apply;",
                        "3": "(d) in article 234, the reference to the State Public Service Commission shall be construed as a reference to the Union Public Service Commission."
                    }
                }
            }
        },
        "Section 6.": {
            "heading": "Special provisions relating to advocates.",
            "paragraphs": {
                "0": "Subject to any rule made or direction given by the High Court at Bombay in this behalf, any person who, immediately before the appointed day, is an advocate entitled to practise in the Court of the Judicial Commissioner shall be entitled to practise as an advocate in the High Court at Bombay."
            }
        },
        "Section 7.": {
            "heading": "Transfer of pending proceedings from the Court of the Judicial Commissioner to the Bombay High Court.",
            "paragraphs": {
                "0": "(1) All proceedings pending in the Court of the Judicial Commissioner immediately before the appointed day shall stand transferred to the High Court at Bombay.",
                "1": "(2) Every proceeding transferred under sub-section (1) shall be disposed of by the High Court at Bombay as if such proceeding were entertained by that High Court.",
                "2": "(3) Any order made before the appointed day by the Court of the Judicial Commissioner shall, for all purposes, have effect not only as an order of that Court but also as an order of the High Court at Bombay."
            }
        },
        "Section 8.": {
            "heading": "Right to appear or act in proceedings transferred to the Bombay High Court.",
            "paragraphs": {
                "0": "Any person who, immediately before the appointed day, is an advocate entitled to practise in the Court of the Judicial Commissioner and was authorised to appear or to act in any proceedings transferred from that Court under section 7, shall have the right to appear or to act, as the case may be, in the High Court at Bombay in relation to those proceedings."
            }
        },
        "Section 9.": {
            "heading": "Establishment of a permanent bench of Bombay High Court at Panaji.",
            "paragraphs": {
                "0": "On and from the appointed day, there shall be established a permanent bench of the High Court at Bombay at Panaji and such Judges of the High Court at Bombay, being not less than two in number, as the Chief Justice of that High Court may, from time to time, nominate, shall sit at Panaji in order to exercise the jurisdiction and power for the time being vested in that High Court in respect of cases arising in the Union territory of Goa, Daman and Diu:",
                "1": "Provided that the Chief Justice of that High Court may, in his discretion order that any case or class of cases arising in such territory shall be heard at Bombay."
            }
        },
        "Section 10.": {
            "heading": "Allocation of expenditure of the Bombay High Court.",
            "paragraphs": {
                "0": "The expenditure in respect of the High Court at Bombay, including the expenditure in respect of the salaries and allowances of the Judges, officers and servants of the High Court shall, as from the appointed day, be allocated between the State of Maharashtra and the Union in such proportion as the President may, by order, determine."
            }
        },
        "Section 11.": {
            "heading": "Rule of construction.",
            "paragraphs": {
                "0": "References in any law in force in the Union territory of Goa, Daman and Diu to the Court of the Judicial Commissioner shall, on and from the appointed day, be construed in relation to that territory as references to the High Court at Bombay."
            }
        },
        "Section 12.": {
            "heading": "[Repealed.]",
            "paragraphs": {
                "0": "[Amendment of Goa, Daman and Diu Act 16 of 1965].\u2014Rep. by the Repealing and Amending Act, 1988 (19 of 1988) s.2 and the First Schedule (w.e.f. 31-3-1988)."
            }
        },
        "Section 13.": {
            "heading": "Power to remove difficulties.",
            "paragraphs": {
                "0": "(1) If any difficulty arises in giving effect to the provisions of this Act, the Central Government may, by order notified in the Official Gazette, make such provision, not inconsistent with the provisions of this Act, as appears to it to be necessary or expedient for the removal of the difficulty:",
                "1": "Provided that no such order shall be made after the expiry of a period of two years from the appointed day.",
                "2": "(2) Every order made under this section shall be laid, as soon as may be after it is made, before each House of Parliament, while it is in session, for a total period of thirty days which may be comprised in one session or in two or more successive sessions, and if, before the expiry of the session immediately following the session or the successive sessions aforesaid, both Houses agree in making any modification in the order or both Houses agree that the order should not be made, the order shall thereafter have effect only in such modified form or be of no effect, as the case may be; so, however, that any such modification or annulment shall be without prejudice to the validity of anything previously done under that order."
            }
        },
        "Section 14.": {
            "heading": "Power to adapt laws.",
            "paragraphs": {
                "0": "For the purpose of facilitating the application of any law in relation to the Union territory of Goa, Daman and Diu, the Central Government may, before the expiration of two years from the appointed day, by order, make such adaptations and modifications of the law, whether by way of repeal or amendment, as may be necessary or expedient to give effect to the provisions of this Act and thereupon every such law shall have effect subject to the adaptations and modifications so made until altered, repealed or amended by a competent legislature or other competent authority."
            }
        }
    },
    "Schedule": {},
    "Annexure": {},
    "Appendix": {},
    "Forms": {},
    "Footnotes": {
        "Page 2": {
            "0": "1. 30th October, 1982, vide notification No. G.S.R. 592(E), dated 8th October, 1982, see Gazette of India, Extraordinary,Part II, sec. 3(i)."
        }
    }
}