{
    "Act Title": "THE CODE OF CRIMINAL PROCEDURE (AMENDMENT) ACT, 1980",
    "Act ID": "ACT NO. 63 OF 1980",
    "Enactment Date": "[26th December, 1980.]",
    "Act Definition": {
        "0": "An Act further to amend the Code of Criminal Procedure, 1973."
    },
    "Sections": {
        "Section 1.": {
            "heading": "Short title and commencement.",
            "paragraphs": {
                "0": "(1) This Act may be called the Code of Criminal Procedure (Amendment) Act, 1980.",
                "1": "(2) It shall be deemed to have come into force on the 23rd day of September, 1980."
            }
        },
        "Section 2.": {
            "heading": "[Repealed.].",
            "paragraphs": {
                "0": "[Amendment of sections 108, 109 and 110.] Rep. by the Repealing and Amending Act (19 of 1988), s. 2 and the First Schedule (w.e.f. 31-3-1988)."
            }
        },
        "Section 3.": {
            "heading": "[Repealed.].",
            "paragraphs": {
                "0": "[Amendment of section 196.] Rep. by s. 2 and the First Schedule, ibid. (w.e.f. 31-3-1988)."
            }
        },
        "Section 4.": {
            "heading": "[Repealed.].",
            "paragraphs": {
                "0": "[Amendment of section 436.] Rep. by s. 2 and the First Schedule, ibid. (w.e.f. 31-3-1988)."
            }
        },
        "Section 5.": {
            "heading": "[Repealed.].",
            "paragraphs": {
                "0": "[Amendment of section 437.] Rep. by s. 2 and the First Schedule, ibid. (w.e.f. 31-3-1988)."
            }
        },
        "Section 6.": {
            "heading": "[Repealed.].",
            "paragraphs": {
                "0": "[Amendment of section 446.] Rep. by s. 2 and the First Schedule, ibid. (w.e.f. 31-3-1988)."
            }
        },
        "Section 7.": {
            "heading": "[Repealed.].",
            "paragraphs": {
                "0": "[Insertion of new section 446A.] Rep. by s. 2 and the First Schedule, ibid. (w.e.f. 31-3-1988)."
            }
        },
        "Section 8.": {
            "heading": "[Repealed.].",
            "paragraphs": {
                "0": "[Substitution of new section for section 478.] Rep. by s. 2 and the First Schedule, ibid. (w.e.f. 31-3-1988)."
            }
        },
        "Section 9.": {
            "heading": "[Repealed.].",
            "paragraphs": {
                "0": "[Consequential amendment of Act 34 of 1978.] Rep. by s. 2 and the First Schedule, ibid. (w.e.f. 31-3-1988)."
            }
        },
        "Section 10.": {
            "heading": "Saving of pending proceedings under sections 108, 109 and 110.",
            "paragraphs": {
                "0": "All proceedings under sections 108, 109 and 110 of the principal Act, pending before any Judicial Magistrate of the first class immediately before the commencement of this Act shall, notwithstanding anything contained in this Act, be dealt with as if this Act had not been enacted."
            }
        },
        "Section 11.": {
            "heading": "[Repealed.].",
            "paragraphs": {
                "0": "[Repeal and saving.] Rep. by the Repealing and Amending Act (19 of 1988), s. 2 and the First Schedule (w.e.f. 31-3-1988)."
            }
        }
    },
    "Schedule": {},
    "Annexure": {},
    "Appendix": {},
    "Forms": {},
    "Footnotes": {}
}