{
    "Act Title": "THE FOREIGN TRADE (DEVELOPMENT AND REGULATION) ACT, 1992",
    "Act ID": "ACT NO. 22 OF 1992",
    "Enactment Date": "[7th August, 1992.]",
    "Act Definition": {
        "0": "An Act to provide for the development and regulation of foreign trade by facilitating imports into, and augmenting exports from, India and for matters connected therewith or incidental thereto."
    },
    "Chapters": {
        "0": {
            "ID": "CHAPTER I",
            "Name": "PRELIMINARY",
            "Sections": {
                "Section 1.": {
                    "heading": "Short title and commencement.",
                    "paragraphs": {
                        "0": "(1) This Act may be called the Foreign Trade (Development and Regulation) Act, 1992.",
                        "1": "(2) Sections 11 to 14 shall come into force at once and the remaining provisions of this Act shall be deemed to have come into force on the 19th day of June, 1992."
                    }
                },
                "Section 2.": {
                    "heading": "Definitions.",
                    "paragraphs": {
                        "0": {
                            "text": "In this Act, unless the context otherwise requires,\u2014",
                            "contains": {
                                "0": "(a) \u201cAdjudicating Authority\u201d means the authority specified in, or under, section 13;",
                                "1": "(b) \u201cAppellate Authority\u201d means the authority specified in, or under, sub-section (1) of section 15;",
                                "2": "(c) \u201cconveyance\u201d means any vehicle, vessel, aircraft or any other means of transport including any animal;",
                                "3": "(d) \u201cDirector General\u201d means the Director General of Foreign Trade appointed under section 6;",
                                "4": {
                                    "text": "1[(e) \u201cimport\u201d and \u201cexport\u201d means,\u2014",
                                    "contains": {
                                        "0": "(I) in relation to goods, bringing into, or taking out of, India any goods by land, sea or air;",
                                        "1": {
                                            "text": "(II) in relation to services or technology,\u2014",
                                            "contains": {
                                                "0": {
                                                    "text": "(i) supplying, services or technology\u2014",
                                                    "contains": {
                                                        "0": "(A) from the territory of another country into the territory of India;",
                                                        "1": "(B) in the territory of another country to an Indian service consumer;",
                                                        "2": "(C) by a service supplier of another country, through commercial presence in India;",
                                                        "3": "(D) by a service supplier of another country, through presence of their natural persons in India;"
                                                    }
                                                },
                                                "1": {
                                                    "text": "(ii) supplying, services or technology\u2014",
                                                    "contains": {
                                                        "0": "(A) from India into the territory of any other country;",
                                                        "1": "(B) in India to the service consumer of any other country;",
                                                        "2": "(C) by a service supplier of India, through commercial presence in the territory of any other country;",
                                                        "3": "(D) by a service supplier of India, through presence of Indian natural persons in the territory of any other country:"
                                                    }
                                                }
                                            }
                                        }
                                    }
                                },
                                "5": "Provided that \u201cimport\u201d and \u201cexport\u201d in relation to the goods, services and technology regarding Special Economic Zone or between two Special Economic Zones shall be governed in accordance with the provisions contained in the Special Economic Zones Act, 2005 (28 of 2005).]",
                                "6": "(f) \u201cImporter-exporter Code Number\u201d means the Code Number granted under section 7;",
                                "7": "(g) \u201clicence\u201d means a licence to import or export and includes a customs clearance permit and any other permission issued or granted under this Act;",
                                "8": "(h) \u201cOrder\u201d means any Order made by the Central Government under section 3; and",
                                "9": "(i) \u201cprescribed\u201d means prescribed by rules made under this Act.",
                                "10": "1[(j) \u201cservices\u201d means service of any description which is made available to potential users and includes all the tradable services specified under the General Agreement on Trade in Services entered into amongst India and other countries who are party to the said Agreement:",
                                "11": "Provided that, this definition shall not apply to the domain of taxation;",
                                "12": "(k) \u201cservice supplier\u201d means any person who supplies a service and who intends to take benefit under the foreign trade policy;",
                                "13": "(l) \u201cspecified goods or services or technology\u201d means the goods or services or technology, the export, import, transfer, re-transfer, transit and transshipment of which is prohibited or restricted because of imposition of conditions on the grounds of their being pertinent or relevant to India as a Nuclear Weapon State, or to the national security of India, or to the furtherance of its foreign policy or its international obligations under any bilateral, multilateral or international treaty, covenant, convention or arrangement relating to weapons of mass destruction or their means of delivery to which India is a party or its agreement with a foreign country under the foreign trade policy formulated and notified under section 5 of the Act;",
                                "14": {
                                    "text": "(m) \u201ctechnology\u201d means any information (including information embodied in software), other than information in the public domain, that is capable of being used in\u2014",
                                    "contains": {
                                        "0": "(i) the development, production or use of any goods or software;",
                                        "1": "(ii) the development of, or the carrying out of, an industrial or commercial activity or the provision of service of any kind."
                                    }
                                },
                                "15": {
                                    "text": "Explanation.\u2014For the purpose of this clause\u2014",
                                    "contains": {
                                        "0": "(a) when technology is described wholly or partly by reference to the uses to which it (or the goods to which it relates) may be put, it shall include services which are provided or used, or which are capable of being used in the development, production or use of such technology or goods;",
                                        "1": "(b) \u201cpublic domain\u201d shall have the same meaning as assigned to it in clause (i) of section 4 of the Weapons of Mass Destruction and their Delivery System (Prohibition of Unlawful Activities) Act, 2005 (21 of 2005).]"
                                    }
                                }
                            }
                        }
                    }
                }
            }
        },
        "1": {
            "ID": "CHAPTER II",
            "Name": "POWER OF CENTRAL GOVERNMENT TO MAKE ORDER AND ANNOUNCE FOREIGN TRADE POLICY",
            "Sections": {
                "Section 3.": {
                    "heading": "Powers to make provisions relating to imports and exports.",
                    "paragraphs": {
                        "0": "(1) The Central Government may, by Order published in the Official Gazette, make provision for the development and regulation of foreign trade by facilitating imports and increasing exports.",
                        "1": "(2) The Central Government may also, by Order published in the Official Gazette, make provision for prohibiting, restricting or otherwise regulating, in all cases or in specified classes of cases and subject to such exceptions, if any, as may be made by or under the Order, the 1[import or export of goods or services or technology]:",
                        "2": "2[Provided that the provisions of this sub-section shall be applicable, in case of import or export of services or technology, only when the service or technology provider is availing benefits under the foreign trade policy or is dealing with specified services or specified technologies.]",
                        "3": "(3) All goods to which any Order under sub-section (2) applies shall be deemed to be goods the import or export of which has been prohibited under section 11 of the Customs Act, 1962 (52 of 1962) and all the provisions of that Act shall have effect accordingly.",
                        "4": "2[(4) Without prejudice to anything contained in any other law, rule, regulation, notification or order, no permit or licence shall be necessary for import or export of any goods, nor any goods shall be prohibited for import or export except, as may be required under this Act, or rules or orders made thereunder.]"
                    }
                },
                "Section 4.": {
                    "heading": "Continuance of existing orders.",
                    "paragraphs": {
                        "0": "All Orders made under the Imports and Exports (Control) Act, 1947 (18 of 1947), and in force immediately before the commencement of this Act shall, so far as they are not inconsistent with the provisions of this Act, continue to be in force and shall be deemed to have been made under this Act."
                    }
                },
                "Section 5.": {
                    "heading": "Foreign Trade Policy.",
                    "paragraphs": {
                        "0": "The Central Government may, from time to time, formulate and announce, by notification in the Official Gazette, the foreign trade policy and may also, inlike manner, amend that policy:",
                        "1": "Provided that the Central Government may direct that, in respect of the Special Economic Zones, the foreign trade policy shall apply to the goods, services and technology with such exceptions, modifications and adaptations, as may be specified by it by notification in the Official Gazette.]"
                    }
                },
                "Section 6.": {
                    "heading": "Appointment of Director General and his functions.",
                    "paragraphs": {
                        "0": "(1) The Central Government may appoint any person to be the Director General of Foreign Trade for the purposes of this Act.",
                        "1": "(2) The Director General shall advise the Central Government in the formulation of the 4[foreign trade policy] and shall be responsible for carrying out that policy.",
                        "2": "(3) The Central Government may, by Order published in the Official Gazette, direct that any power exercisable by it under this Act (other than the powers under sections 3, 5, 15,16 and 19) may also be exercised, in such cases and subject to such conditions, by the Director General or such other officer subordinate to the Director General, as may be specified in the Order."
                    }
                }
            }
        },
        "2": {
            "ID": "CHAPTER III",
            "Name": "IMPORTER-EXPORTER CODE NUMBER AND LICENCE",
            "Sections": {
                "Section 7.": {
                    "heading": "Importer-exporter Code Number.",
                    "paragraphs": {
                        "0": "No person shall make any import or export except under an Importer-exporter Code Number granted by the Director General or the officer authorised by the Director General in this behalf, in accordance with the procedure specified in this behalf by the Director General:",
                        "1": "5[Provided that in case of import or export of services or technology, the Importer-exporter Code Number shall be necessary only when the service or technology provider is taking benefits under the foreign trade policy or is dealing with specified services or specified technologies.]"
                    }
                },
                "Section 8.": {
                    "heading": "Suspension and cancellation of Importer-exporter Code Number.",
                    "paragraphs": {
                        "0": {
                            "text": "1[(1) Where\u2014",
                            "contains": {
                                "0": "(a) any person has contravened any of the provisions of this Act or any rules or orders made thereunder or the foreign trade policy or any other law for the time being in force relating to Central excise or customs or foreign exchange or has committed any other economic offence under any other law for the time being in force as may be specified by the Central Government by notification in the Official Gazette; or",
                                "1": "(b) the Director General or any other officer authorised by him has reason to believe that any person has made an export or import in a manner prejudicial to the trade relations of India with any foreign country or to the interests of other persons engaged in imports or exports or has brought disrepute to the credit or the goods of, or services or technology provided from, the country; or",
                                "2": "(c) any person who imports or exports specified goods or services or technology, in contravention of any provision of this Act or any rules or orders made thereunder or the foreign trade policy,"
                            }
                        },
                        "1": {
                            "text": "the Director General or any other officer authorised by him may call for the record or any other information from that person and may, after giving to that person a notice in writing informing him of the grounds on which it is proposed to suspend or cancel the Importer-exporter Code Number and after giving him a reasonable opportunity of making a representation in writing within such reasonable time as may be specified in the notice and, if that person so desires, of being heard, suspend for a period, as may be specified in the order, or cancel the Importer-exporter Code Number granted to that person.]",
                            "contains": {
                                "0": "(2) Where any Importer-exporter Code Number granted to a person has been suspended or cancelled under sub-section (1), that person shall not be entitled to 2[import or export any goods or services or technology] except under a special licence, granted, in such manner and subject to such conditions as may be prescribed, by the Director General to that person."
                            }
                        }
                    }
                },
                "Section 9.": {
                    "heading": "Issue, suspension and cancellation of licence.",
                    "paragraphs": {
                        "0": "(1) The Central Government may levy fees, subject to such exceptions, in respect of such person or class of persons making an application for 3[licence, certificate, scrip or any instrument bestowing financial or fiscal benefits] of in respect of any 3[licence, certificate, scrip or any instrument bestowing financial or fiscal benefits] granted or renewed in such manner as may be prescribed.",
                        "1": "4[(2) The Director General or an officer authorised by him may, on an application and after making such inquiry as he may think fit, grant or renew or refuse to grant or renew a licence to import or export such class or classes of goods or services or technology as may be prescribed and, grant or renew or refuse to grant or renew a certificate, scrip or any instrument bestowing financial or fiscal benefit, after recording in writing his reasons for such refusal.]",
                        "2": {
                            "text": "(3) A 3[licence, certificate, scrip or any instrument bestowing financial or fiscal benefits] granted or renewed under this section shall\u2014",
                            "contains": {
                                "0": "(a) be in such form as may be prescribed;",
                                "1": "(b) be valid for such period as may be specified therein; and",
                                "2": "(c) be subject to such terms, conditions and restrictions as may be prescribed or as specified in the 3[licence, certificate, scrip or any instrument bestowing financial or fiscal benefits] with reference to the terms, conditions and restrictions so prescribed."
                            }
                        },
                        "3": "(4) The Director General or the officer authorised under sub-section (2) may, subject to such conditions as may be prescribed, for good and sufficient reasons, to be recorded in writing, suspend or cancel any 3[licence, certificate, scrip or any instrument bestowing financial or fiscal benefits] granted under this Act:",
                        "4": "Provided that no such suspension or cancellation shall be made except after giving the holder of the 1[licence, certificate, scrip or any instrument bestowing financial or fiscal benefits] a reasonable opportunity of being heard.",
                        "5": "(5) An appeal against an order refusing to grant, or renew or suspending or cancelling, a 1[licence, certificate, scrip or any instrument bestowing financial or fiscal benefits] shall lie in like manner as an appeal against an order would lie under section 15."
                    }
                }
            }
        },
        "3": {
            "ID": "CHAPTER IIIA",
            "Name": "QUANTITATIVE RESTRICTIONS",
            "Sections": {
                "Section 9A.": {
                    "heading": "Power of Central Government to impose quantitative restrictions.",
                    "paragraphs": {
                        "0": "(1) If the Central Government, after conducting such enquiry as it deems fit, is satisfied that any goods are imported into India in such increased quantities and under such conditions as to cause or threaten to cause serious injury to domestic industry, it may, by notification in the Official Gazette, impose such quantitative restrictions on the import of such goods as it may deem fit:",
                        "1": "Provided that no such quantitative restrictions shall be imposed on any goods originating from a developing country so long as the share of imports of such goods from that country does not exceed three per cent. or where such goods originate from more than one developing country, then, so long as the aggregate of the imports from all such countries taken together does not exceed nine per cent. of the total imports of such goods into India.",
                        "2": "(2) The quantitative restrictions imposed under this section shall, unless revoked earlier, cease to have effect on the expiry of four years from the date of such imposition:",
                        "3": "Provided that if the Central Government is of the opinion that the domestic industry has taken measures to adjust to such injury or threat thereof and it is necessary that the quantitative restrictions should continue to be imposed to prevent such injury or threat and to facilitate the adjustments, it may extend the said period beyond four years:",
                        "4": "Provided further that in no case the quantitative restrictions shall continue to be imposed beyond a period of ten years from the date on which such restrictions were first imposed.",
                        "5": "(3) The Central Government may, by rules provide for the manner in which goods, the import of which shall be subject to quantitative restrictions under this section, may be identified and the manner in which the causes of serious injury or causes of threat of serious injury in relation to such goods may be determined.",
                        "6": {
                            "text": "(4) For the purposes of this section\u2014",
                            "contains": {
                                "0": "(a) \u201cdeveloping country\u201d means a country notified by the Central Government in the Official Gazette, in this regard;",
                                "1": {
                                    "text": "(b) \u201cdomestic industry\u201d means the producers of goods (including producers of agricultural goods)\u2014",
                                    "contains": {
                                        "0": "(i) as a whole of the like goods or directly competitive goods in India; or",
                                        "1": "(ii) whose collective output of the like goods or directly competitive goods in India constitutes a major share of the total production of the said goods in India;"
                                    }
                                },
                                "2": "(c) \u201cserious injury\u201d means an injury causing significant overall impairment in the position of a domestic industry;",
                                "3": "(d) \u201cthreat of serious injury\u201d means a clear and imminent danger of serious injury.]"
                            }
                        }
                    }
                }
            }
        },
        "4": {
            "ID": "CHAPTER IV",
            "Name": "SEARCH, SEIZURE, PENALTY AND CONFISCATION",
            "Sections": {
                "Section 10.": {
                    "heading": "Power relating to search and seizure.",
                    "paragraphs": {
                        "0": {
                            "text": "1[(1) The Central Government may, by notification in the Official Gazette, authorise any person for the purposes of exercising such powers with respect to,\u2014",
                            "contains": {
                                "0": "(a) entering such premises where the goods are kept, stored or processed, manufactured, traded or supplied or received for the purposes of import or export and searching, inspecting and seizing of such goods, documents, things and conveyances connected with such import and export of goods;",
                                "1": "(b) entering such premises from which the services or technology are being provided, supplied, received, consumed or utilised and searching, inspecting and seizing of such goods, documents, things and conveyances connected with such import and export of services and technology,"
                            }
                        },
                        "1": {
                            "text": "subject to such requirements and conditions and with the approval of such officer, as may be prescribed:",
                            "contains": {
                                "0": "Provided that the provisions of clause (b) shall be applicable, in case of import or export of services or technology, only when the service or technology provider is availing benefit under the foreign trade policy or is dealing with specified services or specified technologies.]",
                                "1": "(2) The provisions of the Code of Criminal Procedure, 1973 (2 of 1974) relating to searches and seizures shall, so far as may be, apply to every search and seizure made under this section."
                            }
                        }
                    }
                },
                "Section 11.": {
                    "heading": "Contravention of provisions of this Act, rules, orders and foreign trade policy.",
                    "paragraphs": {
                        "0": "(1) No export or import shall be made by any person except in accordance with the provisions of this Act, the rules and orders made thereunder and the foreign trade policy for the time being in force.",
                        "1": "(2) Where any person makes or abets or attempts to make any export or import in contravention of any provision of this Act or any rules or orders made thereunder or the foreign trade policy, he shall be liable to a penalty of not less than ten thousand rupees and not more than five times the value of the goods or services or technology in respect of which any contravention is made or attempted to be made, whichever is more.",
                        "2": "(3) Where any person signs or uses, or causes to be made, signed or used, any declaration, statement or document submitted to the Director General or any officer authorised by him under this Act, knowing or having reason to believe that such declaration, statement or document is forged or tampered with or false in any material particular, he shall be liable to a penalty of not less than ten thousand rupees or more than five times the value of the goods or services or technology in respect of which such declaration, statement or document had been submitted, whichever is more.",
                        "3": "(4) Where any person, on a notice to him by the Adjudicating Authority, admits any contravention, the Adjudicating Authority may, in such class or classes or cases and in such manner as may be prescribed, determine, by way of settlement, an amount to be paid by that person.",
                        "4": {
                            "text": "(5) A penalty imposed under this Act may, if it is not paid by any person, be recovered by any one or more of the following modes, namely:\u2014",
                            "contains": {
                                "0": "(a) the Director General may deduct or require any officer subordinate to him to deduct the amount payable under this Act from any money owing to such person which may be under the control of such officer; or",
                                "1": "(b) the Director General may require any officer of customs to deduct the amount payable under this Act from any money owing to such person which may be under the control of such officer of customs, as if the said amount is payable under the Customs Act, 1962 (52 of 1962); or",
                                "2": "(c) the Director General may require the Assistant Commissioner of Customs or Deputy Commissioner of Customs or any other officer of Customs to recover the amount so payable by detaining or selling any goods (including the goods connected with services or technology) belonging to such person which are under the control of the Assistant Commissioner of Customs or Deputy"
                            }
                        },
                        "5": {
                            "text": "Commissioner or Customs or any other officer of Customs, as if the said amount is payable under the Customs Act, 1962 (52 of 1962); or",
                            "contains": {
                                "0": {
                                    "text": "(d) if the amount cannot be recovered from such person in the manner provided in clauses (a), (b) and (c),\u2014",
                                    "contains": {
                                        "0": "(i) the Director General or any officer authorised by him may prepare a certificate signed by him specifying the amount due from such person and send it to the Collector of the District in which such person owns any property or resides or carries on business and the said Collector on receipt of such certificate shall proceed to recover from such person the amount specified thereunder as if it were an arrear of land revenue; or",
                                        "1": "(ii) the Director General or any officer authorised by him (including an officer of Customs who shall then exercise his powers under the Customs Act, 1962 (52 of 1962) ) and in accordance with the rules made in this behalf, detain any movable or immovable property belonging to or under the control of such person, and detain the same until the amount payable is paid, as if the said amount is payable under the Customs Act, 1962; and in case, any part of the said amount payable or of the cost of the distress or keeping of the property, remains unpaid for a period of thirty days next after any such distress, may cause the said property to be sold and with the proceeds of such sale, may satisfy the amount payable and costs including cost of sale remaining unpaid and shall render the surplus, if any to such person."
                                    }
                                }
                            }
                        },
                        "6": "(6) Where the terms of any bond or other instrument executed under this Act or any rules made thereunder provide that any amount due under such instrument may be recovered in the manner laid down in sub-section (5), the amount may, without prejudice to any other mode of recovery, be recovered in accordance with the provisions of that sub-section.",
                        "7": "(7) Without prejudice to the provisions contained in this section, the Importer-Exporter Code Number of any person who fails to pay any penalty imposed under this Act, may be suspended by the Adjudicating Authority till the penalty is paid or recovered, as the case may be.",
                        "8": "(8) Where any contravention of any provision of this Act or any rules or orders made thereunder or the foreign trade policy has been, is being, or is attempted to be, made, the goods (including the goods connected with services or technology) together with any package, covering or receptacle and any conveyances shall, subject to such conditions and requirement as may be prescribed, be liable to confiscation by the Adjudicating Authority.",
                        "9": "(9) The goods (including the goods connected with services or technology) or the conveyance confiscated under sub-section (8) may be released by the Adjudicating Authority, in such manner and subject to such conditions as may be prescribed, on payment by the person concerned of the redemption charges equivalent to the market value of the goods or conveyance, as the case may be.]"
                    }
                },
                "Section 11A.": {
                    "heading": "Crediting sums realised by way of penalties in Consolidated Fund of India.",
                    "paragraphs": {
                        "0": "All sums realised by way of penalties under this Act shall be credited to the Consolidated Fund of India."
                    }
                },
                "Section 11B.": {
                    "heading": "Empowering Settlement Commission for regularisation of export obligation default.",
                    "paragraphs": {
                        "0": "Settlement of customs duty and interest thereon as ordered by the Settlement Commission as constituted under section 32 of the Central Excise Act, 1944 (1 of 1944), shall be deemed to be a settlement under this Act.]"
                    }
                },
                "Section 12.": {
                    "heading": "Penalty or confiscation not to interfere with other punishment.",
                    "paragraphs": {
                        "0": "No penalty imposed or confiscation made under this Act shall prevent the imposition of any other punishment to which the person affected thereby is liable under any other law for the time being in force."
                    }
                },
                "Section 13.": {
                    "heading": "Adjudicating Authority.",
                    "paragraphs": {
                        "0": "Any penalty may be imposed or any confiscation may be adjudged under this Act by the Director General or, subject to such limits as may be specified, by such other officer as the Central Government may, by notification in the Official Gazette, authorise in this behalf."
                    }
                },
                "Section 14.": {
                    "heading": "Giving of opportunity to the owner of the goods (including the goods connected with services or technology), etc.",
                    "paragraphs": {
                        "0": {
                            "text": "No order imposing a penalty or of adjudication of confiscation shall be made unless the owner of the 1[goods (including the goods connected with services or technology)] or conveyance, or other person concerned, has been given a notice in writing\u2014",
                            "contains": {
                                "0": "(a) informing him of the grounds on which it is proposed to impose a penalty or to confiscate such 1[goods (including the goods connected with services or technology)] or conveyance; and",
                                "1": "(b) to make a representation in writing within such reasonable time as may be specified in the notice against the imposition of penalty or confiscation mentioned therein, and, if he so desires, of being heard in the matter."
                            }
                        }
                    }
                }
            }
        },
        "5": {
            "ID": "CHAPTER IVA",
            "Name": "CONTROLS ON EXPORT OF SPECIFIED GOODS, SERVICES AND TECHNOLOGY",
            "Sections": {
                "Section 14A.": {
                    "heading": "Controls on export of specified goods, services and technology.",
                    "paragraphs": {
                        "0": "(1) In regard to controls on export of specified goods, services and technology referred to in this Chapter, the Weapons of Mass Destruction and their Delivery Systems (Prohibition of Unlawful Activities) Act, 2005 (21 of 2005) shall apply to exports, transfers, re-transfers, brought in transit, trans-shipment of, and brokering in specified goods, technology or services.",
                        "1": "(2) All terms, expressions or provisions of the Weapons of Mass Destruction and their Delivery Systems (Prohibition of Unlawful Activities) Act, 2005 (21 of 2005) shall apply to the specified goods, services or technology with such exceptions, modifications and adaptations as may be specified by the Central Government by notification in the Official Gazette.",
                        "2": {
                            "text": "(3) The Central Government may, by notification in the Official Gazette, direct that any of the provisions of this Chapter\u2014",
                            "contains": {
                                "0": "(a) shall not apply to any goods, services or technologies, or",
                                "1": "(b) shall apply to any goods, services or technologies with such exceptions, modifications and adaptations as may be specified in the notification."
                            }
                        }
                    }
                },
                "Section 14B.": {
                    "heading": "Transfer controls.",
                    "paragraphs": {
                        "0": "(1) The Central Government may, by notification in the Official Gazette, make rules in conformity with the provisions of the Weapons of Mass Destruction and their Delivery Systems (Prohibition of Unlawful Activities) Act, 2005 (21 of 2005) for, or, in connection with, the imposition of controls in relation to transfer of specified goods, services or technology.",
                        "1": "(2) No goods, services or technology notified under this Chapter shall be exported, transferred, re-transferred, brought in transit or transshipped except in accordance with the provisions of this Act, the Weapons of Mass Destruction and their Delivery Systems (Prohibition of Unlawful Activities) Act, 2005 (21 of 2005) or any other relevant Act."
                    }
                },
                "Section 14C.": {
                    "heading": "Catch-all controls.",
                    "paragraphs": {
                        "0": "No person shall export any material, equipment or technology knowing that such material, equipment or technology is intended to be used in the design or manufacture of a biological weapon, chemical weapon, nuclear weapon or other nuclear explosive device, or in their missile delivery systems."
                    }
                },
                "Section 14D.": {
                    "heading": "Suspension or cancellation of a licence.",
                    "paragraphs": {
                        "0": "The Director General or an officer authorised by him may, by order, suspend or cancel a licence to import or export of specified goods or services or technology without giving the holder of the licence a reasonable opportunity of being heard but such person shall be given a reasonable opportunity of being heard within six months of such order and thereupon the Director General or the officer so authorised may, if necessary, by order in writing, confirm, modify or revoke such order."
                    }
                },
                "Section 14E.": {
                    "heading": "Offences and penalties.",
                    "paragraphs": {
                        "0": "(1) In case of a contravention relating to specified goods, services or technologies, the penalty shall be in accordance with the provisions of the Weapons of Mass Destruction and their Delivery Systems (Prohibition of Unlawful Activities) Act, 2005 (21 of 2005).",
                        "1": "(2) Where any person contravenes or attempts to contravene or abets, any of the provision(s) of this Chapter in relation to import or export of any specified goods or services or technology, he shall, without prejudice to any penalty which may be imposed on him, be punishable with imprisonment for a term stipulated in the Weapons of Mass Destruction and their Delivery Systems (Prohibition of Unlawful Activities) Act, 2005 (21 of 2005).",
                        "2": "(3) No court shall take cognizance of any offence punishable under this Chapter without the previous sanction of the Central Government or any officer authorised in this behalf by the Central Government by general or special order.]"
                    }
                }
            }
        },
        "6": {
            "ID": "CHAPTER V",
            "Name": "APPEAL AND REVIEW",
            "Sections": {
                "Section 15.": {
                    "heading": "Appeal.",
                    "paragraphs": {
                        "0": {
                            "text": "(1) Any person aggrieved by any decision or order made by the Adjudicating Authority under this Act may prefer an appeal,\u2014",
                            "contains": {
                                "0": "(a) where the decision or order has been made by the Director General, to the Central Government;",
                                "1": "(b) where the decision or order has been made by an officer subordinate to the Director General, to the Director General or to any officer superior to the Adjudicating Authority authorised by the Director General to hear the appeal,"
                            }
                        },
                        "1": {
                            "text": "within a period of forty-five days from the date on which the decision or order is served on such person:",
                            "contains": {
                                "0": "Provided that the Appellate Authority may, if it is satisfied that the appellant was prevented by sufficient cause from preferring the appeal within the aforesaid period, allow such appeal to be preferred within a further period of thirty days:",
                                "1": "Provided further that in the case of an appeal against a decision or order imposing a penalty or redemption charges, no such appeal shall be entertained unless the amount of penalty or redemption charges has been deposited by the appellant:",
                                "2": "Provided also that, where the Appellate Authority is of opinion that the deposit to be made will cause undue hardship to the appellant, it may, at its discretion, dispense with such deposit either unconditionally or subject to such conditions as it may impose.",
                                "3": "(2) The Appellate Authority may, after giving to the appellant a reasonable opportunity of being heard, if he so desires, and after making such further inquiries, if any, as it may consider necessary, make such orders as it thinks fit, confirming, modifying or reversing the decision or order appealed against, or may send back the case with such directions, as it may think fit, for a fresh adjudication or decision, as the case may be, after taking additional evidence, if necessary:",
                                "4": "Provided that an order enhancing or imposing a penalty or redemption charges or confiscating 2[the goods (including the goods connected with services or technology)] of a greater value shall not be made under this section unless the appellant has been given an opportunity of making a representation, and, if he so desires, of being heard in his defence.",
                                "5": "(3) The order made in appeal by the Appellate Authority shall be final."
                            }
                        }
                    }
                },
                "Section 16.": {
                    "heading": "Review.",
                    "paragraphs": {
                        "0": "The Central Government, in the case of any decision or order made by the Director General, or the Director General in the case of any decision or order made by any officer subordinate to him, may on its or his own motion or otherwise, call for and examine the records of any proceeding, for the purpose of satisfying itself or himself, as the case may be, as to the correctness, legality or propriety of such decision or order and make such orders thereon as may be deemed fit:",
                        "1": {
                            "text": "Provided that no decision or order shall be varied under this section so as to prejudicially affect any person unless such person\u2014",
                            "contains": {
                                "0": "(a) has, within a period of two years from the date of such decision or order, received a notice to showcause why such decision or order shall not be varied; and",
                                "1": "(b) has been given a reasonable opportunity of making representation and, if he so desires, of being heard in his defence.]"
                            }
                        }
                    }
                },
                "Section 17.": {
                    "heading": "Powers of Adjudicating and other Authorities.",
                    "paragraphs": {
                        "0": {
                            "text": "(1) Every authority making any adjudication or hearing any appeal or exercising any powers of 1[review] under this Act shall have all the powers of a civil court under the Code of Civil Procedure, 1908 (5 of 1908), while trying a suit, in respect of the following matters, namely:\u2014",
                            "contains": {
                                "0": "(a) summoning and enforcing the attendance of witnesses;",
                                "1": "(b) requiring the discovery and production of any document;",
                                "2": "(c) requisitioning any public record or copy thereof from any court or office;",
                                "3": "(d) receiving evidence on affidavits; and",
                                "4": "(e) issuing commissions for the examination of witnesses or documents."
                            }
                        },
                        "1": "(2) Every authority making any adjudication or hearing any appeal or exercising any powers of 1[review] under this Act shall be deemed to be a civil court for the purposes of sections 345 and 346 of the Code of Criminal Procedure, 1973 (2 of 1974).",
                        "2": "(3) Every authority making any adjudication or hearing any appeal or exercising any powers of 1[review] under this Act shall have the power to make such orders of an interim nature as it may think fit and may also, for sufficient cause, order the stay of operation of any decision or order.",
                        "3": "(4) Clerical or arithmetical mistakes in any decision or order or errors arising therein from any accidental slip or omission may at any time be corrected by the authority by which the decision or order was made, either on its own motion or on the application of any of the parties:",
                        "4": "Provided that where any correction proposed to be made under this sub-section will have the effect of prejudicially affecting any person, no such correction shall be made except after giving to that person a reasonable opportunity of making a representation in the matter and no such correction shall be made after the expiry of two years from the date on which such decision or order was made."
                    }
                }
            }
        },
        "7": {
            "ID": "CHAPTER VI",
            "Name": "MISCELLANEOUS",
            "Sections": {
                "Section 18.": {
                    "heading": "Protection of action taken in good faith.",
                    "paragraphs": {
                        "0": "No order made or deemed to have been made under this Act shall be called in question in any court, and no suit, prosecution or other legal proceeding shall lie against any person for anything in good faith done or intended to be done under this Act or any order made or deemed to have been made thereunder."
                    }
                },
                "Section 18A.": {
                    "heading": "Application of other laws not barred.",
                    "paragraphs": {
                        "0": "The provisions of this Act shall be in addition to, and not in derogation of, the provisions of any other law for the time being in force.]"
                    }
                },
                "Section 19.": {
                    "heading": "Power to make rules.",
                    "paragraphs": {
                        "0": "(1) The Central Government may, by notification in the Official Gazette, make rules for carrying out the provisions of this Act.",
                        "1": {
                            "text": "(2) In particular, and without prejudice to the generality of the foregoing power, such rules may provide for all or any of the following matters, namely:\u2014",
                            "contains": {
                                "0": "(a) the manner in which and the conditions subject to which a special licence may be issued under sub-section (2) of section 8;",
                                "1": "(b) the exceptions subject to which and the person or class of persons in respect of whom fees may belevied and the manner in which a 1[licence, certificate, scrip or any instrument bestowing financial or fiscal benefits] may be granted or renewed under sub-section (1) of section 9;",
                                "2": "2[(c) the class or classes of goods (including the goods connected with service or technology) for which a licence, certificate, scrip or any instrument bestowing financial or fiscal benefits may be granted under sub-section (2) of section 9;]",
                                "3": "(d) the form in which and the terms, conditions and restrictions subject to which 1[licence, certificate, scrip or any instrument bestowing financial or fiscal benefits] may be granted under sub-section (3) of section 9;",
                                "4": "(e) the conditions subject to which a 1[licence, certificate, scrip or any instrument bestowing financial or fiscal benefits] may be suspended or cancelled under sub-section (4) of section 9;",
                                "5": "3[(ea) the matter in which goods the import of which shall be subject to quantitative restrictions, may be identified and the manner in which the causes of serious injury or causes of threat of serious injury in relation to such goods may be determined under sub-section (3) of section 9A;]",
                                "6": "(f) the premises, 4[goods (including the goods connected with the service or technology)], documents, things and conveyances in respect of which and the requirements and conditions subject to which power of entry, search, inspection and seizure may be exercised under sub-section (1) of section10;",
                                "7": "(g) the class or classes of cases for which and the manner in which an amount, by way of settlement, may be determined under 5[sub-section (4) of section 11];",
                                "8": "6[(h) the requirements and conditions subject to which goods (including the goods connected with the service or technology) and conveyances shall be liable to confiscation under sub-section (8) of section 11;]",
                                "9": "7[(i) the manner in which and the conditions subject to which goods (including the goods connected with the service or technology) and conveyances may be released on payment of redemption charges under sub-section (9) of section 11;]",
                                "10": "(j) any other matter which is to be, or may be, prescribed, or in respect of which provision is to be, or may be, made by rules."
                            }
                        },
                        "2": "(3) Every rule and every Order made by the Central Government under this Act shall be laid, as soon as may be after it is made, before each House of Parliament, while it is in session, for a total period of thirty days which may be comprised in one session or in two or more successive sessions, and if, before the expiry of the session immediately following the session or the successive sessions aforesaid, both Houses agree in making any modification in the rule or the Order or both Houses agree that the rule or the Order should not be made, the rule or the Order, as the case may be, shall thereafter have effect only in such modified form or be of no effect, as the case may be; so, however, that any such modification or annulment shall be without prejudice to the validity of anything previously done under that rule or the Order."
                    }
                },
                "Section 20.": {
                    "heading": "Repeal and savings.",
                    "paragraphs": {
                        "0": "(1) The Imports and Exports (Control) Act, 1947 (18 of 1947) and the Foreign Trade (Development and Regulation) Ordinance, 1992 (Ord. 11 of 1992) are hereby repealed.",
                        "1": {
                            "text": "(2) The repeal of the Imports and Exports (Control) Act, 1947 (18 of 1947) shall, however, not affect,\u2014",
                            "contains": {
                                "0": "(a) the previous operation of the Act so repealed or anything duly done or suffered thereunder; or",
                                "1": "(b) any right, privilege, obligation or liability acquired, accrued or incurred under the Act so repealed; or",
                                "2": "(c) any penalty, confiscation or punishment incurred in respect of any contravention under the Act so repealed; or",
                                "3": "(d) any proceeding or remedy in respect of any such right, privilege, obligation, liability, penalty, confiscation or punishment as aforesaid,"
                            }
                        },
                        "2": {
                            "text": "and any such proceeding or remedy may be instituted, continued or enforced, and any such penalty, confiscation or punishment may be imposed or made as if that Act had not been repealed.",
                            "contains": {
                                "0": "(3) Notwithstanding the repeal of the Foreign Trade (Development and Regulation) Ordinance, 1992 (Ord. 11 of 1992), anything done or any action taken under the said Ordinance shall be deemed to have been done or taken under the corresponding provisions of this Act."
                            }
                        }
                    }
                }
            }
        }
    },
    "Schedule": {},
    "Annexure": {},
    "Appendix": {},
    "Forms": {},
    "Footnotes": {
        "Page 3": {
            "0": "1. Subs. by Act 25 of 2010, s. 2, for clause (e) (w.e.f.27-8-2010)."
        },
        "Page 4": {
            "0": "1. Ins. by Act 25 of 2010, s. 2 (w.e.f.27-8-2010).",
            "1": "2. Subs. by s.3, ibid., for \u201cEXPORT AND IMPORT POLICY\u201d (w.e.f.27-8-2010)."
        },
        "Page 5": {
            "0": "1. Subs. by Act 25 of 2010, s. 4, for \u201cimport or export of goods\u201d (w.e.f.27-8-2010).",
            "1": "2. Ins. by s. 4, ibid.(w.e.f.27-8-2010).",
            "2": "3. Subs. by s. 5,ibid., for section 5 (w.e.f.27-8-2010).",
            "3": "4. Subs. by s. 6, ibid., for \u201cexport and import policy\u201d (w.e.f.27-8-2010).",
            "4": "5. Ins. by s. 7, ibid. (w.e.f.27-8-2010)."
        },
        "Page 6": {
            "0": "1. Subs. by Act 25 of 2010, s. 8, for sub-section (1) (w.e.f.27-8-2010).",
            "1": "2. Subs. by s. 8, ibid., for \u201cimport or export any goods\u201d (w.e.f.27-8-2010).",
            "2": "3. Subs. by s. 9, ibid., for \u201clicence\u201d (w.e.f.27-8-2010).",
            "3": "4. Subs. by s. 9, ibid., for sub-section (2) (w.e.f.27-8-2010)."
        },
        "Page 7": {
            "0": "1. Subs. by Act 25 of 2010, s. 9, for \u201clicence\u201d (w.e.f.27-8-2010).",
            "1": "2. Ins. by s. 10, ibid. (w.e.f.27-8-2010)."
        },
        "Page 8": {
            "0": "1. Subs. by Act 25 of 2010, s. 11, for sub-section (1) (w.e.f.27-8-2010).",
            "1": "2. Subs. by s. 12, ibid., for section 11(w.e.f.27-8-2010)."
        },
        "Page 9": {
            "0": "1. Ins. by Act 25 of 2010, s. 13 (w.e.f.27-8-2010)."
        },
        "Page 10": {
            "0": "1. Subs. by Act 25 of 2010, s. 14, for \u201cgoods\u201d (w.e.f. 27-8-2010).",
            "1": "2. Ins. by s. 15, ibid. (w.e.f.27-8-2010)."
        },
        "Page 11": {
            "0": "1. Subs. by Act 25 of 2010, s. 16, for \u201cREVISION\u201d (w.e.f.27-8-2010).",
            "1": "2. Subs. by s. 17, ibid., for \u201cgoods\u201d (w.e.f.27-8-2010).",
            "2": "3. Subs. by s. 18, ibid., for section 16 (w.e.f.27-8-2010)."
        },
        "Page 12": {
            "0": "1. Subs. by Act 25 of 2010, s. 19, for \u201cRevision\u201d (w.e.f.27-8-2010).",
            "1": "2. Ins. by s. 20, ibid. (w.e.f.27-8-2010)."
        },
        "Page 13": {
            "0": "1. Subs. by Act 25 of 2010, s. 21, for \u201clicence\u201d (w.e.f.27-8-2010).",
            "1": "2. Subs. by s. 21, ibid., for clause (c) (w.e.f.27-8-2010).",
            "2": "3. Ins. by s.21, ibid. (w.e.f.27-8-2010).",
            "3": "4. Subs. by s. 21, ibid., for \u201cgoods\u201d (w.e.f.27-8-2010).",
            "4": "5. Subs. by s. 21, ibid., for \u201csub-section (3) of section 11\u201d (w.e.f.27-8-2010).",
            "5": "6. Subs. by s. 21, ibid., for clause (h) (w.e.f.27-8-2010).",
            "6": "7. Subs. by s. 21, ibid., for clause (i) (w.e.f.27-8-2010)."
        }
    }
}