{
    "Act Title": "THE CENTRAL LAWS (EXTENSION TO ARUNACHAL PRADESH) ACT, 1993",
    "Act ID": "ACT NO. 44 OF 1993",
    "Enactment Date": "[27th May, 1993.]",
    "Act Definition": {
        "0": "An Act to provide for the extension of certain Central laws to the State of Arunachal Pradesh."
    },
    "Sections": {
        "Section 1.": {
            "heading": "Short title and commencement.",
            "paragraphs": {
                "0": "(1) This Act may be called the Central Laws (Extension to Arunachal Pradesh) Act, 1993.",
                "1": "(2) It shall come into force on such date1 as the Central Government may, by notification in the Official Gazette, appoint."
            }
        },
        "Section 2.": {
            "heading": "Extension of certain laws.",
            "paragraphs": {
                "0": "The Acts mentioned in the Schedule and all rules, orders, regulations and schemes made thereunder are hereby extended to, and shall be in force in, the State of Arunachal Pradesh."
            }
        },
        "Section 3.": {
            "heading": "Construction of references to laws not in force in Arunachal Pradesh.",
            "paragraphs": {
                "0": "Any reference in any Act, mentioned in the Schedule, to a law which is not in force in the State of Arunachal Pradesh shall, in relation to that State, be construed as a reference to the corresponding law, if any, in force in that state."
            }
        },
        "Section 4.": {
            "heading": "Construction of references to authorities where new authorities have been constituted.",
            "paragraphs": {
                "0": "Any reference by whatever form of words in any law for the time being in force in the State of Arunachal Pradesh to any authority competent at the date of the passing of that law to exercise any powers or discharge any functions in that State shall, where a corresponding new authority has been constituted by or under any law now extended to that State, have effect as if it were a reference to the new authority."
            }
        },
        "Section 5.": {
            "heading": "Power to remove difficulties.",
            "paragraphs": {
                "0": "(1) If any difficulty arises in giving effect to the provisions of any Act now extended to the State of Arunachal Pradesh, the Central Government may, by order notified in the Official Gazette, make such provisions or give such directions as appear to it necessary for the removal of the difficulty.",
                "1": {
                    "text": "(2) In particular, and without prejudice to the generality of the foregoing power, any such notified order may,\u2014",
                    "contains": {
                        "0": "(a) specify the corresponding authorities within the meaning of section 4;",
                        "1": "(b) provide for the transfer of any matter pending immediately before the commencement of this Act before any court, tribunal or other authority, to any corresponding court, tribunal or other authority for disposal:"
                    }
                },
                "2": "Provided that no such order shall be made after the expiry of two years from the date of commencement of this Act.",
                "3": "(3) Every order made under this section shall be laid before each House of Parliament."
            }
        }
    },
    "Schedule": {
        "THE SCHEDULE": {
            "0": {
                "text": "THE SCHEDULE",
                "contains": {
                    "0": "(See section 2)"
                }
            },
            "1": {
                "text": "Year No. Short title",
                "contains": {
                    "0": "1 2 3"
                }
            },
            "2": "1862 3 The Government Seal Act, 1862",
            "3": "1873 5 The Government Savings Banks Act, 1873",
            "4": "1874 4 The Foreign Recruiting Act, 1874",
            "5": "1881 26 The Negotiable Instruments Act, 1881",
            "6": "1884 4 The Explosives Act, 1884",
            "7": "1885 13 The Indian Telegraph Act, 1885",
            "8": "1888 4 The Indian Reserve Forces Act, 1888",
            "9": "1905 4 The Indian Railway Board Act, 1905",
            "10": "1908 6 The Explosive Substances Act, 1908",
            "11": "1938 5 The Manoeuvres, Field Firing and Artillery Practice Act, 1938",
            "12": "1941 25 The Railways (Local Authorities\u2019 Taxation) Act, 1941",
            "13": "1948 31 The National Cadet Corps Act, 1948",
            "14": "1948 37 The Census Act, 1948",
            "15": "1948 46 The Coal Mines Provident Fund and Miscellaneous Provisions Act, 1948"
        }
    },
    "Annexure": {},
    "Appendix": {},
    "Forms": {},
    "Footnotes": {
        "Page 2": {
            "0": "1. 1st July, 1994, vide notification No. S.O. 491(E), dated1st July, 1994, see Gazette of India, Extraordinary, Part II, sec. 3(ii)."
        }
    }
}