{
    "Act Title": "THE OIL AND NATURAL GAS COMMISSION (TRANSFER OF UNDERTAKING AND REPEAL) ACT, 1993",
    "Act ID": "ACT NO. 65 OF 1993",
    "Enactment Date": "[4th September, 1993.]",
    "Act Definition": {
        "0": "An Act to provide for the transfer and vesting of the undertaking of the Oil and Natural Gas Commission to and in the Oil and Natural Gas Corporation Limited, a company incorporated under the Companies Act, 1956, and for matters connected therewith or incidental thereto and also to repeal the Oil and Natural Gas Commission Act, 1959."
    },
    "Sections": {
        "Section 1.": {
            "heading": "Short title and commencement.",
            "paragraphs": {
                "0": "(1) This Act may be called the Oil and Natural Gas Commission (Transfer of Undertaking and Repeal) Act, 1993.",
                "1": "(2) It shall be deemed to have come into force on the 2nd day of July, 1993."
            }
        },
        "Section 2.": {
            "heading": "Definitions.",
            "paragraphs": {
                "0": {
                    "text": "In this Act, unless the context otherwise requires,\u2014",
                    "contains": {
                        "0": "(a) \u201cappointed day\u201d means such date as the Central Government may, by notification in the Official Gazette, appoint under section 3;",
                        "1": "(b) \u201cCorporation\u201d means the Oil and Natural Gas Corporation Limited, a company registered under the Companies Act, 1956 (1 of 1956);",
                        "2": "(c) \u201cCommission\u201d means the Oil and Natural Gas Commission established under sub-section (1) of section 3 of the Oil and Natural Gas Commission Act, 1959 (43 of 1959);",
                        "3": "(d) \u201cprescribed\u201d means prescribed by rules made under this Act."
                    }
                }
            }
        },
        "Section 3.": {
            "heading": "Undertaking of Commission to vest in Corporation.",
            "paragraphs": {
                "0": "On such date1as the Central Government may, by notification in the Official Gazette, appoint, the undertaking of the Commission shall stand transferred to, and vest in, the Corporation."
            }
        },
        "Section 4.": {
            "heading": "General effect of vesting of undertaking in Corporation.",
            "paragraphs": {
                "0": "(1) On and from the appointed day, the entire capital of the Commission shall, by virtue of this Act, stand vested in the Corporation.",
                "1": "(2) The undertaking of the Commission which is transferred to, and which vests in, the Corporation under section 3 shall be deemed to include all assets, rights, powers, authorities and privileges and all properties, movable and immovable, real and personal, corporeal or incorporeal, in possession or reservation, present or contingent of whatever nature and wheresoever situate including lands, buildings, works, workshops, vehicles, oil rigs, oil platforms, cash balances, deposits, foreign currencies, reserves, reserve funds or any other investments, securities, tenancies, leases and book debts and all other rights and interests arising out of such properties as were immediately before the appointed day in the ownership, possession or power of the Commission in relation to its undertaking, whether within or outside India, all books of account and registers, records and documents relating thereto and shall also be deemed to include all liabilities and obligations of whatever kind, within or outside India, of the Commission in relation to its undertaking subsisting immediately before the appointed day.",
                "2": "(3) All contracts, deeds, bonds, guarantees, powers of attorney, other instruments and working arrangements subsisting immediately before the appointed day and affecting the Commission shall cease to have effect or to be enforceable against the Commission and shall be of as full force and effect against or in favour of the Corporation and enforceable as fully and effectually as if, instead of the Commission the Corporation had been named therein or had been a party thereto.",
                "3": "(4) Any proceeding or cause of action pending or existing immediately before the appointed day by or against the Commission, in relation to its undertaking may, as from the appointed day, be continued and enforced by or against the Corporation as it might have been enforced by or against the Commission, if this Act had not been in force, and shall cease to be enforceable by or against the Commission."
            }
        },
        "Section 5.": {
            "heading": "Licences, etc., to be deemed to have been granted to Corporation.",
            "paragraphs": {
                "0": "With effect from the appointed day, all licences, leases, concessions, permits, quotas, benefits, privileges and exemptions granted to the Commission in connection with the affairs of the Commission under any law for the time being in force, shall be deemed to have been granted to the Corporation."
            }
        },
        "Section 6.": {
            "heading": "Tax exemption or benefit to continue to have effect.",
            "paragraphs": {
                "0": "(1) Where any exemption from, or any assessment with respect to, any tax has been granted or made or any benefit by way of set off or carry forward of any unabsorbed depreciation or investment allowance or other allowance or loss has been extended or is available to the Commission under the Income-tax Act, 1961 (43 of 1961), such exemption, assessment or benefit shall continue to have effect, in relation to the Corporation.",
                "1": "(2) Where any payment made by the Commission is exempt from deduction of the tax at source under any provision of the Income-tax Act, 1961 (43 of 1961), the exemption from tax will continue to be available as if the provisions of the said Act made applicable to the Commission were operative in relation to the Corporation.",
                "2": "(3) The transfer and vesting of the undertaking or any part thereof in terms of section 3 shall not be construed as a transfer within the meaning of the Income-tax Act, 1961 (43 of 1961), for the purpose of capital gains."
            }
        },
        "Section 7.": {
            "heading": "Guarantee to be operative.",
            "paragraphs": {
                "0": "Any guarantee given for or in favour of the Commission with respect to any loan or lease finance or other assistance shall continue to be operative in relation to the Corporation."
            }
        },
        "Section 8.": {
            "heading": "Provisions in respect of officers and other employees of Commission.",
            "paragraphs": {
                "0": "(1) Every officer or other employee of the Commission (except a member or the chairman) serving in its employment immediately before the appointed day shall, in so far as such officer or other employee is employed in connection with the undertaking which has vested in the Corporation by virtue of this Act, become, as from the appointed day, an officer or, as the case may be, other employee of the Corporation and shall hold his office or service therein by the same tenure, at the same remuneration, upon the same terms and conditions with the same obligations and with the same rights and privileges as to leave, passage, insurance, superannuation scheme, provident fund, other funds, retirement, pension, gratuity and other benefits as he would have held under the Commission if its undertaking had not vested in the Corporation and shall continue to do so as an officer or other employee of the Corporation or until the expiry of a period of one year from the appointed day if such officer or other employee opts not to be the officer or other employee of the Corporation within such period.",
                "1": "(2) Where an officer or other employee of the Commission opts under sub-section (1) not to be in the employment or service of the Corporation such officer or other employee shall be deemed to have resigned.",
                "2": "(3) Notwithstanding anything contained in the Industrial Disputes Act, 1947 (14 of 1947) or in any other law for the time being in force, the transfer of the service of any officer or other employee of the Commission to the Corporation shall not entitle such officer or other employee to any compensation under this Act or under any other law for the time being in force and no such claim shall be entertained by any court, tribunal or other authority.",
                "3": "(4) The officers and other employees who have retired before the appointed day from the service of the Commission and are entitled to any benefits, rights or privileges shall be entitled to receive the same benefits, rights or privileges from the Corporation.",
                "4": "(5) The trusts of the provident fund, gratuity fund or the superannuation scheme of the Commission and any other bodies created for the welfare of officers or other employees shall continue to discharge their functions in the Corporation as was being done hitherto in the Commission and any tax exemption granted to the provident fund, gratuity fund and the superannuation scheme or any other bodies created for the welfare of officers or other employees shall continue to be applied to the Corporation.",
                "5": "(6) Notwithstanding anything contained in this Act or in the Companies Act, 1956 (1 of 1956) or in any other law for the time being in force or in the regulations of the Commission, no member or chairman of the Commission shall be entitled to any compensation against the Commission or the Corporation for the loss of office or for the premature termination of any contract of management entered into by him with the Commission."
            }
        },
        "Section 9.": {
            "heading": "Power of entry.",
            "paragraphs": {
                "0": {
                    "text": "(1) For the purposes of ascertaining the availability of any oil or natural gas, the Central Government may, on the request being made by the Corporation, authorise any officer or employee of the Corporation, by general or special order,\u2014",
                    "contains": {
                        "0": "(a) to enter and inspect any land;",
                        "1": "(b) to survey and take measurements of such land;",
                        "2": "(c) to dig holes or perform any other functions for the purposes of measuring or prospecting for the availability of oil and natural gas; and",
                        "3": "(d) to examine any document, book, register or record in the possession or power of any person having the control of or connected with any such land and place marks of identification thereon and take extracts from and make copies of any such document, book, register or record."
                    }
                },
                "1": "(2) Every person authorised by the Central Government under sub-section (1) shall be deemed to be a public servant within the meaning of section 21 of the Indian Penal Code (45 of 1860).",
                "2": "(3) The Corporation shall be liable to pay compensation for any loss or damage caused to the land caused by its officers or employees in performing the functions under sub-section (1) in such manner as may be prescribed to the occupier of the land.",
                "3": "(4) The amount of compensation payable under sub-section (3) shall be determined by the competent authority appointed by the Central Government in the manner prescribed."
            }
        },
        "Section 10.": {
            "heading": "Power to make rules.",
            "paragraphs": {
                "0": "(1) The Central Government may, by notification in the Official Gazette, make rules for carrying out the provisions of this Act.",
                "1": "(2) In particular, and without prejudice to the generality of the foregoing power, such rules may provide for the amount and the manner of paying compensation for any loss or damage caused to the land by the officers and employees of the Corporation under sub-sections (3) and (4) of section 9.",
                "2": "(3) Every rule made under this Act shall be laid, as soon as may be after it is made, before each House of Parliament, while it is in session, for a total period of thirty days which may be comprised in one session or in two or more successive sessions, and if, before the expiry of the session immediately following the session or the successive sessions aforesaid, both Houses agree in making any modification in the rule or both Houses agree that the rule should not be made, the rule shall thereafter have effect only in such modified form or be of no effect, as the case may be; so, however, that any such modification or annulment shall be without prejudice to the validity of anything previously done under that rule."
            }
        },
        "Section 11.": {
            "heading": "Repeal of Act 48 of 1959.",
            "paragraphs": {
                "0": "(1) On the appointed day, the Oil and Natural Gas Commission Act, 1959 shall stand repealed.",
                "1": "(2) Notwithstanding such repeal, the Corporation shall, so far as may be, comply with the provisions of sections 22 and 23 of the said Act so repealed for any of the purposes related to the annual accounts of the Commission."
            }
        },
        "Section 12.": {
            "heading": "Repeal and saving.",
            "paragraphs": {
                "0": "(1) The Oil and Natural Gas Commission (Transfer of Undertaking and Repeal) Ordinance, 1993 (Ord. 28 of 1993) is hereby repealed.",
                "1": "(2) Notwithstanding the repeal of the Oil and Natural Gas Commission (Transfer of Undertaking and Repeal) Ordinance, 1993 (Ord. 28 of 1993), anything done or any action taken under the said Ordinance, shall be deemed to have been done or taken under the corresponding provision of this Act."
            }
        }
    },
    "Schedule": {},
    "Annexure": {},
    "Appendix": {},
    "Forms": {},
    "Footnotes": {
        "Page 2": {
            "0": "1. 1st February, 1994, vide notification No. G.S.R. 44(E), dated 28th January 1994, see Gazette of India, Extraordinary,Part I, sec. 3(i)"
        }
    }
}