{
    "Act Title": "THE DESTRUCTIVE INSECTS AND PESTS (AMENDMENT AND VALIDATION) ACT, 1992",
    "Act ID": "ACT NO. 12 OF 1992",
    "Enactment Date": "[31st March, 1992.]",
    "Act Definition": {
        "0": "An Act further to amend the Destructive Insects and Pests Act, 1914."
    },
    "Sections": {
        "Section 1.": {
            "heading": "Short title and commencement.",
            "paragraphs": {
                "0": "(1) This Act may be called the Destructive Insects and Pests (Amendment and Validation) Act, 1992.",
                "1": "(2) It shall be deemed to have come into force on the 27th day of October, 1989."
            }
        },
        "Section 2.": {
            "heading": "Amendment of section 3 of Act 2 of 1914.",
            "paragraphs": {
                "0": "[Amendment of section 3 of Act 2 of 1914.]\u2013\u2013Rep. by the Repealing and Amending Act, 2001 (30 of 2001), s. 2 and Sch. (w.e.f. 3-9-2001)."
            }
        },
        "Section 3.": {
            "heading": "Validation.",
            "paragraphs": {
                "0": {
                    "text": "(1) Notwithstanding any judgment, decree or order of any court, tribunal or other authority,\u2013\u2013",
                    "contains": {
                        "0": "(i) the notification No.S.O.867(E), dated the 27th October, 1989 issued under sub-section (1) of the section 3 of the principal Act, and",
                        "1": "(ii) any fees levied or collected or purported to have been levied or collected for making an application for a permit to import, or for making inspection, fumigation, disinfection, disinfestation or supervision of, any article or class of articles or any insect or class of insects under the principal Act or the said notification,"
                    }
                },
                "1": {
                    "text": "shall, for all purposes, be deemed to be and to have always been validly issued or, as the case may be, levied or collected in accordance with the provisions of section 3 of the principal Act as amended by this Act, and accordingly\u2013\u2013",
                    "contains": {
                        "0": "(a) no suit or other proceeding shall be maintained or continued in any court for the refund of any fees so collected;",
                        "1": "(b) no court or other authority shall enforce any decree or order directing the refund of any fees so collected;",
                        "2": "(c) any fees levied or purported to have been levied but not collected, may be recovered under the principal Act as amended by this Act; and",
                        "3": "(d) anything done or any action taken or purported to have been done or taken under or for the purposes of the principal Act shall be deemed to have been validly done or taken in accordance with law as if the provisions of section 3 of the principal Act, as amended by this Act, had been in force at all material times.",
                        "4": {
                            "text": "(2) For the removal of doubts, it is hereby declared that nothing in sub-section (1) shall be construed as preventing any person\u2013\u2013",
                            "contains": {
                                "0": "(a) from questioning in accordance with the provisions of the principal Act, as amended by this Act, or the notification issued under section 3 of the principal Act, the levy or collection of such fees; or",
                                "1": "(b) from claiming refund of any fees paid by him in excess of the amount due from him under the principal Act, as amended by this Act, or the said notification."
                            }
                        }
                    }
                }
            }
        },
        "Section 4.": {
            "heading": "Repeal and saving.",
            "paragraphs": {
                "0": "(1) The Destructive Insects and Pests (Amendment and Validation) Ordinance, 1992 (Ord. 4 of 1992) is hereby repealed.",
                "1": "(2) Notwithstanding such repeal, anything done or any action taken under the principal Act, as amended by the said Ordinance, shall be deemed to have been done or taken under the principal Act, as amended by this Act."
            }
        }
    },
    "Schedule": {},
    "Annexure": {},
    "Appendix": {},
    "Forms": {},
    "Footnotes": {}
}