{
    "Act Title": "THE NATIONAL RURAL EMPLOYMENT GUARANTEE (EXTENSIONTO JAMMU ANDKASHMIR) ACT, 2007",
    "Act ID": "ACT NO. 23 OF 2007",
    "Enactment Date": "[11th May,2007.]",
    "Act Definition": {
        "0": "An Act to provide for the extension of the National Rural Employment Guarantee Act, 2005 to the State of Jammu and Kashmir*."
    },
    "Sections": {
        "Section 1.": {
            "heading": "Short title and commencement.",
            "paragraphs": {
                "0": "(1) This Act maybe called the National Rural Employment Guarantee (Extension to Jammu and Kashmir) Act, 2007.",
                "1": "(2) It shall come into force on such date1 as the Central Government may, by notification in the Official Gazette, appoint; and different dates may be appointed for different areas in the State and any reference to the commencement of this Act shall be construed as a reference to the coming into force of that Act in such areas."
            }
        },
        "Section 2.": {
            "heading": "Extension and amendment of the National Rural Employment Guarantee Act, 2005.",
            "paragraphs": {
                "0": "(1) The National Rural Employment Guarantee Act, 2005 (42 of 2005) (hereinafter referred to as the principal Act) and all rules, orders and schemes made there under by the Central Government are hereby extended to, and shall be in force in, the State of Jammu and Kashmir*.",
                "1": "(2) With effect from the date of commencement of this Act, in the principal Act, in sub-section (2) of section 1, the words \u201cexcept the State of Jammu and Kashmir*\u201d shall be omitted."
            }
        },
        "Section 3.": {
            "heading": "Construction of reference to a law not in force in Jammu and Kashmir.",
            "paragraphs": {
                "0": "Any reference in any Act mentioned in the principal Act to a law which is not in force in the State of Jammu and Kashmir* shall, in relation to that State, be construed as a reference to the corresponding law, if any, in force in that State."
            }
        }
    },
    "Schedule": {},
    "Annexure": {},
    "Appendix": {},
    "Forms": {},
    "Footnotes": {
        "Page 2": {
            "0": "1. 4th June, 2007, vide notification no. S.O. 943(E), dated 6th June, 2007, see Gazette of India, Extraordinary, Part II, sec. 3(ii).*. Vide notification No. S.O. 3912(E), dated 30th October, 2019, this Act is made applicable to the Union territory of Jammu andKashmir and the Union territory of Ladakh."
        }
    }
}