{
    "Act Title": "THE NATIONAL INSTITUTES OF TECHNOLOGY, SCIENCE EDUCATION AND RESEARCH ACT, 2007",
    "Act ID": "ACT NO. 29 OF 2007",
    "Enactment Date": "[5th June, 2007.]",
    "Act Definition": {
        "0": "An Act to declare 1[certain institutions of technology, science education and research] to be Institutions of national importance and to provide for instructions and research in branches of engineering, technology, management, education, sciences and arts and for the advancement of learning and dissemination of knowledge in such branches and for certain other matters connected with such institutions."
    },
    "Chapters": {
        "0": {
            "ID": "CHAPTER I",
            "Name": "PRELIMINARY",
            "Sections": {
                "Section 1.": {
                    "heading": "Short title and commencement.",
                    "paragraphs": {
                        "0": "(1) This Act may be called the 2[National Institutes of Technology, Science Education and Research] Act, 2007.",
                        "1": "(2) It shall come into force on such date3 as the Central Government may, by notification in the Official Gazette, appoint, and different dates may be appointed for different provisions of this Act."
                    }
                },
                "Section 2.": {
                    "heading": "Declaration of certain Institutions as Institutions of national importance.",
                    "paragraphs": {
                        "0": "Whereas the objects of the institution mentioned in 4[the First Schedule, the Second Schedule and the Third Schedule] are such as to make them Institutions of national importance, it is hereby declared that each such institute is an Institution of national importance."
                    }
                },
                "Section 3.": {
                    "heading": "Definitions.",
                    "paragraphs": {
                        "0": {
                            "text": "In this Act, unless the context otherwise requires,\u2014",
                            "contains": {
                                "0": "(a) \u201cBoard\u201d, in relation to any Institute, means the Board of Governors thereof;",
                                "1": "(b) \u201cChairperson\u201d, means the Chairperson of the Board;",
                                "2": "(c) \u201cCorresponding Institute\u201d, in relation to a society mentioned in column (2) of 4[the First Schedule, the Second Schedule and the Third Schedule] means the Institute as specified in column (3) of 4[the First Schedule, the Second Schedule and the Third Schedule];",
                                "3": "(d) \u201cCouncil\u201d, means the Council established under sub-section (1) of section 30 5[ 6*** as the case may be];",
                                "4": "(e) \u201cDeputy Director\u201d, in relation to any Institute, means the Deputy Director thereof;",
                                "5": "(f) \u201cDirector\u201d, in relation to any Institute, means the Director thereof;",
                                "6": "(g) \u201cInstitute\u201d means any of the Institutions mentioned in column (3) of 4[the First Schedule, the Second Schedule and the Third Schedule];",
                                "7": "(h) \u201cNotification\u201d means a notification published in the Official Gazette;",
                                "8": "(i) \u201cPrescribed\u201d means prescribed by rules made under this Act;",
                                "9": "(j) \u201cRegistrar\u201d in relation to any Institute, means the Registrar thereof;",
                                "10": "(k) \u201cSchedule\u201d means 1[the First Schedule, the Second Schedule and the Third Schedule];",
                                "11": "(l) \u201cSenate\u201d in relation to any Institute, means the Senate thereof;",
                                "12": "(m) \u201cSociety\u201d means any of the societies registered under the Societies Registration Act, 1860 (21 of 1860) and mentioned in column (2) of the 1[the First Schedule, the Second Schedule and the Third Schedule];",
                                "13": "(n) \u201cStatutes and Ordinances\u201d, in relation to any Institute, means the Statutes and Ordinances of that Institute made under this Act."
                            }
                        }
                    }
                }
            }
        },
        "1": {
            "ID": "CHAPTER II",
            "Name": "THE INSTITUTES",
            "Sections": {
                "Section 4.": {
                    "heading": "Incorporation of Institutes.",
                    "paragraphs": {
                        "0": "(1) Each of the Institutes mentioned in column (3) of the 2[the First Schedule, the Second Schedule and the Third Schedule] shall be a body corporate having perpetual succession and a common seal and shall, by its name, sue and be sued.",
                        "1": "3[(1A) The Bengal Engineering and Science University, Shibpur shall be deemed to have been incorporated under this Act, and on such incorporation, be called the Indian Institute of Engineering Science and Technology, Shibpur.]",
                        "2": "(2) The body corporate constituting each of the said Institutes shall consist of a Chairperson, a Director and other members of the Board for the time being of the institute."
                    }
                },
                "Section 5.": {
                    "heading": "Effect of incorporation of Institutes.",
                    "paragraphs": {
                        "0": {
                            "text": "On and from the commencement of this Act,\u2014",
                            "contains": {
                                "0": "(a) Any reference to a society in any law, other than this Act, or in any contract or other instrument shall be deemed as a reference to the corresponding Institute;",
                                "1": "(b) All property, movable and immovable, of or belonging to a society shall vest in the corresponding Institute;",
                                "2": "(c) All the rights and liabilities of a society shall be transferred to, and be the rights and liabilities of the corresponding Institute; and",
                                "3": "(d) every person employed by a society, immediately before such commencement shall hold his office or service in the corresponding Institute for the same tenure, at the same remuneration and upon the same terms and conditions and with the same rights and privileges as to pension, leave, gratuity, provident fund and other matters as he would have held if this Act had not been passed, and shall continue to do so unless and until his employment is terminated or until such tenure, remuneration and terms and conditions are duly altered by the Statutes:",
                                "4": "Provided that if the alteration so made is not acceptable to such employee, his employment may be terminated by the Institute in accordance with the terms of contract with the employee or, if no provision is made therein in this behalf, on payment to him by the Institute, of compensation equivalent to three months remuneration in the case of permanent employee and one month\u2019s remuneration in the case of other employee."
                            }
                        }
                    }
                },
                "Section 5A.": {
                    "heading": "Effect of incorporation of Bengal Engineering and Science University, Shibpur.",
                    "paragraphs": {
                        "0": {
                            "text": "On and from the commencement of the National Institutes of Technology, Science Education and Research (Amendment) Act, 2014 (9 of 2014)\u2014",
                            "contains": {
                                "0": "(a) any reference to the Bengal Engineering and Science University, Shibpur in any law, contract or other instrument shall be deemed as a reference to the Indian Institute of Engineering Science and Technology, Shibpur;",
                                "1": "(b) all property, movable and immovable, of or belonging to the Bengal Engineering and Science University, Shibpur, shall vest in the Indian Institute of Engineering Science and Technology, Shibpur;",
                                "2": "(c) all the rights and liabilities of the Bengal Engineering and Science University, Shibpur shall be the rights and liabilities of the Indian Institute of Engineering Science and Technology, Shibpur;",
                                "3": "(d) every person (including Director, officers and other employees) who is employed in the Bengal Engineering and Science University, Shibpur, immediately before the date of commencement of the National Institutes of Technology, Science Education and Research (Amendment) Act, 2014 (9 of 2014), shall, on and after such commencement, become an employee of the Indian Institute of Engineering Science and Technology, Shibpur and shall hold his office or service by the same tenure, at the same remuneration and upon the same terms and conditions and with the same rights and privileges as to pension, leave, gratuity, provident fund and other matters as he would have held the same on the date of the commencement of the National Institutes of Technology, Science Education and Research (Amendment) Act, 2014, as if the said Act had not been brought into force and shall continue to do so until his employment is terminated or until such tenure, remuneration, terms and conditions are altered by the Statutes or Ordinances:",
                                "4": "Provided that the tenure, remuneration, terms and conditions of service of such person shall not be altered to his disadvantage without the previous approval of the Central Government:",
                                "5": "Provided further that any reference to the Chancellor and the Vice-Chancellor of the Bengal Engineering and Science University, Shibpur in any law, instrument or other document made before the commencement of the said Act, shall be construed as a reference to the Visitor and the Director, respectively, of the Indian Institute of Engineering Science and Technology, Shibpur;",
                                "6": "(e) Vice-Chancellor of the Bengal Engineering and Science University, Shibpur shall be the Director of the Indian Institute of Engineering Science and Technology, Shibpur till such date the Central Government appoints new Director for the Indian Institute of Engineering Science and Technology, Shibpur;",
                                "7": "(f) any examination conducted by the Bengal Engineering and Science University, Shibpur immediately before the commencement of the National Institutes of Technology, Science Education and Research (Amendment) Act, 2014 (9 of 2014) for admission or award of degrees shall be valid examination and shall be deemed to have been conducted by the Indian Institute of Engineering Science and Technology, Shibpur.]"
                            }
                        }
                    }
                },
                "Section 6.": {
                    "heading": "Powers of Institutes.",
                    "paragraphs": {
                        "0": {
                            "text": "(1) Subject to the provisions of this Act, every Institute shall exercise the following powers and perform the following duties, namely:\u2014",
                            "contains": {
                                "0": "(a) to provide for instruction and research in such branches of engineering and technology, management, education, sciences and arts, as the Institute may think fit, and for the advancement of learning and dissemination of knowledge in such branches;",
                                "1": "(b) to hold examinations and grant degrees, diplomas and other academic distinctions or titles;",
                                "2": "(c) to confer honorary degrees or other distinctions;",
                                "3": "(d) to fix, demand and receive fees and other charges;",
                                "4": "(e) to establish, maintain and manage halls and hostels for the residence of students;",
                                "5": "(f) to supervise and control the residence and regulate the discipline of students of the Institute and to make arrangements for promoting their health, general welfare and cultural and corporate life;",
                                "6": "(g) to provide for the maintenance of units of the National Cadet Corps for the students of the Institute;",
                                "7": "(h) to institute academic and other posts with the prior approval of the Central Government, and to make appointments thereto excluding the Director 1***;",
                                "8": "(i) to frame Statutes and Ordinances and to alter, modify or rescind the same;",
                                "9": "(j) to deal with any property belonging to or vested in the institute in such manner as the Institute may deem fit for advancing the objects of the Institute;",
                                "10": "(k) to receive gifts, grants, donations or benefactions from the Government and to receive bequests, donations and transfers of movable or immovable properties from testators, donors or transferors, as the case may be;",
                                "11": "(l) to co-operate with educational or other institutions in any part of the world having objects wholly or partly similar to those of the Institute by exchange of teachers and scholars and generally in such manner as may be conducive to their common objects;",
                                "12": "(m) to institute and award fellowships, scholarships, exhibitions, prizes and medals;",
                                "13": "(n) to undertake consultancy in the areas or disciplines relating to the Institute; and",
                                "14": "(o) to do all such things as may be necessary, incidental or conducive to the attainment of all or any of the objects of the Institute."
                            }
                        },
                        "1": "(2) Notwithstanding anything contained in sub-section (1), an Institute shall not dispose of in any manner any immovable property without the prior approval of the Central Government."
                    }
                },
                "Section 7.": {
                    "heading": "Institutes to be open to all races, creeds and classes.",
                    "paragraphs": {
                        "0": "(1) Every Institute shall be open to persons of either sex and of whatever race, creed, caste or class, and no test or condition shall be imposed as to religious belief or profession in admitting or appointing members, students, teachers or workers or in any other connection whatsoever.",
                        "1": "(2) No bequest, donation or transfer of any property shall be accepted by any Institute, which in the opinion of the Council involves conditions or obligations opposed to the spirit and object of this section."
                    }
                },
                "Section 8.": {
                    "heading": "Teaching at Institutes.",
                    "paragraphs": {
                        "0": "All teaching at each of the Institutes shall be conducted by or in the name of the Institute in accordance with the Statutes and Ordinances made in this behalf."
                    }
                },
                "Section 9.": {
                    "heading": "Visitor.",
                    "paragraphs": {
                        "0": "(1) The President of India shall be the Visitor of every Institute.",
                        "1": "(2) The Visitor may appoint one or more persons to review the work and progress of any Institute and to hold inquiries into the affairs thereof and to report thereon in such manner as the Visitor may direct.",
                        "2": "(3) Upon receipt of any such report, the Visitor may take such action and issue such directions as he considers necessary in respect of any of the matters dealt with in the report and the Institute shall be bound to comply with such directions within reasonable time."
                    }
                },
                "Section 10.": {
                    "heading": "Authorities of Institutes.",
                    "paragraphs": {
                        "0": {
                            "text": "The following shall be the authorities of an Institute, namely:\u2014",
                            "contains": {
                                "0": "(a) a Board of Governors;",
                                "1": "(b) a Senate; and",
                                "2": "(c) such other authorities as may be declared by the Statutes to be the authorities of the Institute."
                            }
                        }
                    }
                },
                "Section 11.": {
                    "heading": "Board of Governors.",
                    "paragraphs": {
                        "0": {
                            "text": "The Board of every 2[Institute mentioned in the First Schedule] shall consist of the following members, namely:\u2014",
                            "contains": {
                                "0": "(a) the Chairperson to be nominated by the Visitor;",
                                "1": "(b) the Director, ex officio;",
                                "2": "(c) two persons not below the rank of the Joint Secretary to the Government of India to be nominated by the Central Government from amongst persons dealing with technical education and finance;",
                                "3": "(d) two persons to be nominated by the Government of the State in which the 1[Institute mentioned in the First Schedule] is situated, from amongst persons, who, in the opinion of that Government, are technologists or industrialists of repute;",
                                "4": "(e) two persons, at least one of whom shall be a woman, having special knowledge or practical experience in respect of education, engineering or science to be nominated by the Council; 2***",
                                "5": "(f) one professor and one assistant professor or a lecturer of the 1[Institute mentioned in the First Schedule] to be nominated by the Senate;",
                                "6": "3[(g) the Director of the Indian Institute of Technology in whose zone the Institute is located, or his nominee, not below the rank of a Professor]."
                            }
                        }
                    }
                },
                "Section 11A.": {
                    "heading": "Board of Institutes of Second Schedule and Third Schedule.",
                    "paragraphs": {
                        "0": {
                            "text": "The Board of every Institute mentioned in 6[the Second Schedule and the Third Schedule] shall consist of the following members, namely:\u2014",
                            "contains": {
                                "0": "(a) the Chairperson to be nominated by the Visitor;",
                                "1": "(b) Secretary, Department of Higher Education, Government of India, or his nominee not below the rank of the Joint Secretary to the Government of India, ex officio;",
                                "2": "(c) Director of the Institute, ex officio;",
                                "3": "(d) Director of Indian Institute of Science, Bangalore, ex officio;",
                                "4": "(e) Director of one of the Indian Institutes of Technology, to be nominated by the Central Government;",
                                "5": "(f) two Secretaries to the Government of India, to be nominated by the Central Government representing its Scientific or Industrial Ministries;",
                                "6": "(g) Chief Secretary of the State in which the Institute is located, or his nominee not below the rank of the Joint Secretary to the Government of India, ex officio;",
                                "7": "(h) two professors of the Institute to be nominated by the Senate;",
                                "8": "(i) two eminent scientists, to be nominated by the Council, having special knowledge of practical experience in respect of education, engineering or science, one of whom shall be a woman; and",
                                "9": "(j) Financial Advisor, Ministry of Human Resource Development, ex officio.](cid:29)"
                            }
                        }
                    }
                },
                "Section 12.": {
                    "heading": "Term of office of, vacancies among, and allowances payable to, members of Board.",
                    "paragraphs": {
                        "0": {
                            "text": "Save as otherwise provided in this section,\u2014",
                            "contains": {
                                "0": "(a) the term of office of the Chairperson or other members of the Board shall be three years from the date of his nomination;",
                                "1": "(b) the term of office of an ex officio member shall continue so long as he holds the office by virtue of which he is a member;",
                                "2": "(c) the term of office of a member nominated under clause (f) of section 11 1[and clause (h) of section 11A] shall be two years from the date of his nomination;",
                                "3": "(d) a casual vacancy shall be filled up in accordance with the provisions of section 11 1[or section 11A, as the case may be;]",
                                "4": "(e) the term of office of a member nominated to fill a casual vacancy shall continue for the remainder of the term of the member in whose place, he has been nominated;",
                                "5": "(f) the member of the Board shall be entitled to such allowances, if any, from the Institute as may be provided for in the Statutes but no member other than the members referred to in clauses (b) and (f) of section 11 1[and clauses (c) and (h) of section 11A] shall be entitled to any salary by reason of this clause."
                            }
                        }
                    }
                },
                "Section 13.": {
                    "heading": "Powers and functions of Board.",
                    "paragraphs": {
                        "0": "(1) Subject to the provisions of this Act, the Board of every Institute shall be responsible for the general superintendence, direction and control of the affairs of the Institute and shall exercise all the powers of the Institute not otherwise provided for by this Act, the Statutes and the Ordinances, and shall have the power to review the acts of the Senate.",
                        "1": {
                            "text": "(2) Without prejudice to the provisions of sub-section (1), the Board of every Institute shall,\u2014",
                            "contains": {
                                "0": "(a) take decisions on questions of policy relating to the administration and working of the Institute;",
                                "1": "(b) institute courses of study at the Institute;",
                                "2": "(c) make Statutes;",
                                "3": "(d) institute and appoint persons to academic as well as other posts in the Institute;",
                                "4": "(e) consider and modify or cancel Ordinances;",
                                "5": "(f) consider and pass resolutions on the annual report, the annual accounts and the budget estimates of the Institute for the next financial year as it thinks fit and submit them to the Council together with a statement of its development plans;",
                                "6": "(g) exercise such other powers and perform such other duties as may be conferred or imposed upon it by this Act or the Statutes;"
                            }
                        },
                        "2": "(3) The Board shall have the power to appoint such committees, as it considers necessary for the exercise of its powers and the performance of its duties under this Act."
                    }
                },
                "Section 14.": {
                    "heading": "Senate.",
                    "paragraphs": {
                        "0": {
                            "text": "The Senate of every Institute shall consist of the following persons, namely:\u2014",
                            "contains": {
                                "0": "(a) the Director, ex officio, who shall be the Chairman of the Senate;",
                                "1": "(b) the Deputy Director, ex officio;",
                                "2": "(c) the Professors appointed or recognised as such by the Institute for the purpose of imparting instructions in the Institute;",
                                "3": "(d) three persons, one of whom shall be a woman, not being employees of the Institute, to be nominated by the Chairperson in consultation with the Director, from amongst educationists of repute, one each from the field of science, engineering and humanities;",
                                "4": "(e) such other members of the staff as may be laid down in the Statutes."
                            }
                        }
                    }
                },
                "Section 15.": {
                    "heading": "Functions of Senate.",
                    "paragraphs": {
                        "0": "Subject to the provisions of this Act, the Statutes and the Ordinances, the Senate of an Institute shall have the control and general regulation, and be responsible for the maintenance of standards of instruction, education and examination in the Institute and shall exercise such other powers and perform such other duties as may be conferred or imposed upon it by the Statutes."
                    }
                },
                "Section 16.": {
                    "heading": "Chairperson of Board.",
                    "paragraphs": {
                        "0": "(1) The Chairperson shall ordinarily preside at the meetings of the Board and at the Convocations of the Institute.",
                        "1": "(2) It shall be the duty of the Chairperson to ensure that the decisions taken by the Board are implemented.",
                        "2": "(3) The Chairperson shall exercise such other powers and perform such other duties as may be assigned to him by this Act or the Statutes."
                    }
                },
                "Section 17.": {
                    "heading": "Director and Deputy Director.",
                    "paragraphs": {
                        "0": "(1) The Director 1*** of an Institute shall be appointed by the Visitor, on such terms and conditions of service and on the recommendations of a Selection Committee constituted by him in such manner, as may be prescribed by the Statutes.",
                        "1": "(2) The Director shall be the principal academic and executive officer of the Institute and shall be responsible for the proper administration of the Institute and for the imparting of instruction and maintenance of discipline therein.",
                        "2": "(3) The Director shall submit annual reports and accounts to the Board.",
                        "3": "(4) The Director shall exercise such other powers and perform such other duties as may be assigned to him by this Act or the Statutes or Ordinances.",
                        "4": "2[(5) The Deputy Director of every Institute shall be appointed in such manner and on such terms and conditions as may be laid down by the Statutes and shall exercise such powers and perform such duties as may be assigned to him by this Act or the Statutes or by the Director.]"
                    }
                },
                "Section 18.": {
                    "heading": "Registrar.",
                    "paragraphs": {
                        "0": "(1) The Registrar of every Institute shall be appointed on such terms and conditions as may be laid down by the Statutes and shall be the custodian of records, the common seal, the funds of the Institute and such other property of the Institute as the Board shall commit to his charge.",
                        "1": "(2) The Registrar shall act as the Secretary of the Board, Senate and such committees as may be prescribed by the Statutes.",
                        "2": "(3) The Registrar shall be responsible to the Director for the proper discharge of his functions.",
                        "3": "(4) The Registrar shall exercise such other powers and perform such other duties as may be assigned to him by this Act or the Statutes or by the Director."
                    }
                },
                "Section 19.": {
                    "heading": "Other authorities and officers.",
                    "paragraphs": {
                        "0": "The powers and duties of authorities and officers other than those mentioned above shall be determined by the Statutes."
                    }
                },
                "Section 20.": {
                    "heading": "Grants by Central Government.",
                    "paragraphs": {
                        "0": "For the purpose of enabling the Institutes to discharge their functions efficiently under this Act, the Central Government may, after due appropriation made by Parliament by law in this behalf, pay to every Institute in each financial year such sums of money and in such manner as it may think fit."
                    }
                },
                "Section 21.": {
                    "heading": "Fund of Institute.",
                    "paragraphs": {
                        "0": {
                            "text": "(1) Every Institute shall maintain a Fund to which shall be credited,\u2014",
                            "contains": {
                                "0": "(a) all moneys provided by the Central Government;",
                                "1": "(b) all fees and other charges received by the Institute;",
                                "2": "(c) all moneys received by the Institute by way of grants, gifts, donations, benefactions, bequests or transfers; and",
                                "3": "(d) all moneys received by the Institute in any other manner or from any other source."
                            }
                        },
                        "1": "(2) All moneys credited to the Fund of every Institute shall be deposited in such banks or invested in such manner as the Institute may, with the approval of the Central Government, decide.",
                        "2": "(3) The Fund of every Institute shall be applied towards meeting the expenses of the Institute including expenses incurred in the exercise of its powers and discharge of its duties under this Act."
                    }
                },
                "Section 22.": {
                    "heading": "Accounts and audit.",
                    "paragraphs": {
                        "0": "(1) Every Institute shall maintain proper accounts and other relevant records and prepare an annual statement of accounts including the balance sheet in such form as may be specified by notification, by the Central Government in consultation with the Comptroller and Auditor-General of India.",
                        "1": "(2) The accounts of every Institute shall be audited by the Comptroller and Auditor- General of India and any expenditure incurred by him in connection with such audit shall be payable by the Institute to the Comptroller and Auditor-General of India.",
                        "2": "(3) The Comptroller and Auditor-General of India and any person appointed by him in connection with the audit of the accounts of any Institute shall have the same rights, privileges and authority in connection with such audit as the Comptroller and Auditor-General of India has in connection with the audit of the Government accounts, and, in particular shall have the rights to demand the production of books, accounts, connected vouchers and other documents and papers and to inspect the offices of the Institute.",
                        "3": "(4) The accounts of every institute as certified by the Comptroller and Auditor-General of India or any other person appointed by him in this behalf together with the audit report thereon shall be forwarded annually to the Central Government and that Government shall cause the same to be laid before each House of Parliament in accordance with such procedure as may be laid down by the Central Government."
                    }
                },
                "Section 23.": {
                    "heading": "Pension and provident fund.",
                    "paragraphs": {
                        "0": "Every Institute shall constitute for the benefit of its employees such provident or pension fund or provide such insurance scheme as it may deem fit in such manner and subject to such conditions as may be prescribed by the Statutes."
                    }
                },
                "Section 24.": {
                    "heading": "Appointments.",
                    "paragraphs": {
                        "0": {
                            "text": "All appointments of the staff of every Institute, except that of the Director 1***, shall be made in accordance with the procedure laid down in the Statutes, by\u2014",
                            "contains": {
                                "0": "(a) the Board, if the appointment is made on the academic staff in the post of Lecturer or above or if the appointment is made on the non-academic staff in any cadre the maximum of the pay scale for which exceeds rupees ten thousand five hundred;",
                                "1": "(b) the Director, in any other case."
                            }
                        }
                    }
                },
                "Section 25.": {
                    "heading": "Statutes.",
                    "paragraphs": {
                        "0": {
                            "text": "Subject to the provisions of this Act, the Statutes may provide for all or any of the following matters, namely:\u2014",
                            "contains": {
                                "0": "(a) the conferment of honorary degrees;",
                                "1": "(b) the formation of departments of teaching:",
                                "2": "(c) the fees to be charged for courses of study in the Institute and for admission to the examinations of degrees and diplomas of the Institute;",
                                "3": "(d) the institution of fellowships, scholarships, exhibitions, medals and prizes.",
                                "4": "(e) the term of office and the method of appointment of officers of the institute;",
                                "5": "(f) the qualifications of teachers of the Institute;",
                                "6": "(g) the classification, the method of appointment and the determination of the terms and conditions of service of teachers and other staff of the Institute;",
                                "7": "(h) the constitution of pension, insurance and provident funds for the benefit of the officers, teachers and other staff of the Institute;",
                                "8": "(i) the constitution, powers and duties of the authorities of the Institute;",
                                "9": "(j) the establishment and maintenance of halls and hostels;",
                                "10": "(k) the conditions of residence of students of the Institute and the levying of fees for residence in the halls and hostels and of other charges;",
                                "11": "(l) the allowances to be paid to the Chairperson and members of the Board;",
                                "12": "(m) the authentication of the orders and decisions of the Board; and",
                                "13": "(n) the meetings of the Board, the Senate, or any Committee, the quorum at such meetings and the procedure to be followed in the conduct of their business."
                            }
                        }
                    }
                },
                "Section 26.": {
                    "heading": "Statutes how made.",
                    "paragraphs": {
                        "0": "(1) The first Statutes of each Institute shall be framed by the Central Government with the prior approval of the Visitor and a copy of the same shall be laid as soon as may be before each House of Parliament.",
                        "1": "(2) The Board may, from time to time, make new or additional Statutes or may amend or repeal the Statutes in the manner provided in this section.",
                        "2": "(3) Every new Statute or addition to the Statutes or any amendment or repeal of Statutes shall require the previous approval of the Visitor who may grant assent or withhold assent or remit it to the Board for consideration.",
                        "3": "(4) A new Statute or a Statute amending or repealing an existing Statute shall have no validity unless it has been assented to by the Visitor."
                    }
                },
                "Section 27.": {
                    "heading": "Ordinances.",
                    "paragraphs": {
                        "0": {
                            "text": "Subject to the provisions of this Act and the Statutes, the Ordinances of every Institute may provide for all or any of the following matters, namely:\u2014",
                            "contains": {
                                "0": "(a) the admission of the students to the Institute;",
                                "1": "(b) the courses of study to be laid down for all degrees and diplomas of the Institute;",
                                "2": "(c) the conditions under which students shall be admitted to the degree or diploma courses and to the examinations of the Institute, and shall be eligible for degrees and diplomas;",
                                "3": "(d) the conditions of award of the fellowships, scholarships, exhibitions, medals and prizes;",
                                "4": "(e) the conditions and mode of appointment and duties of examining bodies, examiners and moderators;",
                                "5": "(f) the conduct of examinations;",
                                "6": "(g) the maintenance of discipline among the students of the Institute; and",
                                "7": "(h) any other matter which by this Act or the Statutes is to be or may be provided for by the Ordinances."
                            }
                        }
                    }
                },
                "Section 28.": {
                    "heading": "Ordinances how made.",
                    "paragraphs": {
                        "0": "(1) Save as otherwise provided in this section, Ordinances shall be made by the Senate.",
                        "1": "(2) All Ordinances made by the Senate shall have effect from such date as it may direct, but every Ordinance so made shall be submitted, as soon as may be, to the Board and shall be considered by the Board at its next meeting.",
                        "2": "(3) The Board shall have power by resolution to modify or cancel any such Ordinance and such Ordinance shall from the date of such resolution stand modified accordingly or cancelled, as the case may be."
                    }
                },
                "Section 29.": {
                    "heading": "Tribunal of Arbitration.",
                    "paragraphs": {
                        "0": "(1) Any dispute arising out of a contract between an Institute and any of its employees shall, at the request of the employee concerned or at the instance of the Institute, be referred to a Tribunal of Arbitration consisting of one member appointed by the Institute, one member nominated by the employee, and an umpire appointed by the Visitor.",
                        "1": "(2) The decision of the Tribunal shall be final and shall not be questioned in any court.",
                        "2": "(3) No suit or proceeding shall lie in any court in respect of any matter, which is required by sub-section (1) to be referred to the Tribunal of Arbitration.",
                        "3": "(4) The Tribunal of Arbitration shall have power to regulate its own procedure.",
                        "4": "(5) Nothing in any law for the time being in force relating to arbitration shall apply to arbitrations under this section."
                    }
                }
            }
        },
        "2": {
            "ID": "CHAPTER III",
            "Name": "THE COUNCIL",
            "Sections": {
                "Section 30.": {
                    "heading": "Establishment of Council.",
                    "paragraphs": {
                        "0": "(1) With effect from such date as the Central Government may, by notification, specify in this behalf, there shall be established for all the Institutes specified in column (3) of the 1[First Schedule], 2[the Second Schedule and the Third Schedule] a central body to be called the Council.",
                        "1": {
                            "text": "(2) The Council shall consist of the following members, namely:\u2014",
                            "contains": {
                                "0": "(a) the Minister in charge of the Ministry or Department of the Central Government having administrative control of the technical education, ex officio, as Chairman;",
                                "1": "(b) the Secretary to the Government of India in charge of the Ministry or Department of the Central Government having administrative control of the technical education, ex officio, as Vice-Chairman;",
                                "2": "(c) the Chairperson of every Board, ex officio;",
                                "3": "(d) the Director of every Institute, ex officio;",
                                "4": "(e) the Chairman, University Grants Commission, ex officio;",
                                "5": "(f) the Director General, Council of Scientific and Industrial Research, ex officio;",
                                "6": "(g) four Secretaries to the Government of India, to represent the Ministries or Departments of the Central Government dealing with biotechnology, atomic energy, information technology and space, ex officio;",
                                "7": "(h) the Chairman, All India Council for Technical Education, ex officio;",
                                "8": "(i) not less than three, but not more than five persons to be nominated by the Visitor, at least one of whom shall be a woman, having special knowledge or practical experience in respect of education, industry, science or technology;",
                                "9": "(j) three members of Parliament, of whom two shall be chosen by the House of the People and one by the Council of States:",
                                "10": "Provided that the office of member of the Council shall not disqualify its holder for being chosen as or for being, a member of either House of Parliament;",
                                "11": "(k) two Secretaries to the State Government, from amongst the Ministries or Departments of that Government dealing with technical education where the Institutes are located, ex officio;",
                                "12": "(l) Financial Advisor, dealing with the Human Resource Development Ministry or Department of the Central Government, ex officio;",
                                "13": "(m) one officer not below the rank of Joint Secretary to the Government of India in the Ministry or Department of Central Government having administrative control of the Technical Education, ex officio, as Member-Secretary."
                            }
                        }
                    }
                },
                "Section 30A.": {
                    "heading": "[Omitted.]",
                    "paragraphs": {
                        "0": "Establishment of Council for the Institutes of Second Schedule.] Ins. by the National Institutes of Technology (Amendment) Act, 2012 (28 of 2012), s. 9 (w.e.f. 7-6-2012) and omitted by the National Institutes of Technology, Science Education and Research (Amendment) Act, 2014 (9 of 2014), s. 8 (w.e.f. 4-3-2014)."
                    }
                },
                "Section 31.": {
                    "heading": "Term of office of, vacancies among, and allowances payable to members of Council.",
                    "paragraphs": {
                        "0": "(1) The terms of office of a member shall be three years from the date of notification:",
                        "1": "Provided that the term of office of an ex officio member shall continue so long as he holds office by virtue of which he is such a member.",
                        "2": "(2) The term of office of a member elected under clause (j) of sub-section (2) of section 30 1*** shall expire as soon as he ceases to be member of the House, which elected him.",
                        "3": "(3) The term of office of a member nominated or elected to fill a casual vacancy shall continue for the remainder of the term of the member in whose place he has been appointed.",
                        "4": "(4) Notwithstanding anything contained in this section an outgoing member shall, unless the Central Government otherwise directs, continue in office until another person is appointed as a member in his place.",
                        "5": "(5) The members of the Council other than ex officio member shall be paid such travelling and other allowances as may be prescribed."
                    }
                },
                "Section 32.": {
                    "heading": "Functions of Council.",
                    "paragraphs": {
                        "0": "(1) It shall be the general duty of the Council to co-ordinate the activities of all the Institutes.",
                        "1": {
                            "text": "(2) Without prejudice to the provisions of sub-section (1), the Council shall perform the following functions, namely:\u2014",
                            "contains": {
                                "0": "(a) to advise on matters relating to the duration of the courses, the degrees and other academic distinctions to be conferred by the Institutes, admission standards and other academic matters;",
                                "1": "(b) to lay down policy regarding cadres, methods of recruitment and conditions of service of employees, institution of scholarships and free ships, levying of fees and other matters of common interest;",
                                "2": "(c) to examine the development plans of each Institute and to approve such of them as are considered necessary and also to indicate broadly the financial implications of such approved plans;",
                                "3": "(d) to advise the Visitor, if so required, in respect of any function to be performed by him under this Act; and",
                                "4": "(e) to perform such other functions as are assigned to it by or under this Act."
                            }
                        }
                    }
                },
                "Section 33.": {
                    "heading": "Chairman of Council.",
                    "paragraphs": {
                        "0": "(1) The Chairman of the Council shall ordinarily preside at the meetings of the Council:",
                        "1": "Provided that, in his absence, the Vice-Chairman of the Council shall preside at the meetings of the Council.",
                        "2": "(2) It shall be the duty of the Chairman of the Council to ensure that the decisions taken by the Council are implemented.",
                        "3": "(3) The Chairman shall exercise such other powers and perform such other duties as are assigned to him by this Act.",
                        "4": "(4) The Council shall meet once in every year and follow such procedure in its meetings as may be prescribed."
                    }
                },
                "Section 34.": {
                    "heading": "Power to make rules in respect of matters in this Chapter.",
                    "paragraphs": {
                        "0": "(1) The Central Government may, by notification, make rules to carry out the purposes of this Chapter.",
                        "1": {
                            "text": "(2) In particular and without prejudice to the generality of the foregoing power, such rules may provide for all or any of the following matters, namely:\u2014",
                            "contains": {
                                "0": "(a) the travelling and other allowances payable to members of the Council under sub-section (5) of section 31; and",
                                "1": "(b) the procedure to be followed in the meetings of the Council under sub-section (4) of section 33."
                            }
                        },
                        "2": "(3) Every rule made by the Central Government under this Chapter shall be laid, as soon as may be after it is made, before each House of Parliament, while it is in session, for a total period of thirty days which may be comprised in one session or in two or more successive sessions, and if, before the expiry of the session, immediately following the session or the successive sessions aforesaid, both Houses agree in making any modification in the rule or both Houses agree that the rule should not be made, the rule shall thereafter have effect only in such modified form or be of no effect, as the case may be; so, however, that any such modification or annulment shall be without prejudice to the validity of anything previously done under that rule."
                    }
                }
            }
        },
        "3": {
            "ID": "CHAPTER IV",
            "Name": "MISCELLANEOUS",
            "Sections": {
                "Section 35.": {
                    "heading": "Acts and proceedings not to be invalidated by vacancies, etc.",
                    "paragraphs": {
                        "0": {
                            "text": "No act of the Council, or any Institute or Board or Senate or any other body set up under this Act or the Statutes, shall be invalid merely by reason of\u2014",
                            "contains": {
                                "0": "(a) any vacancy or defect in the constitution thereof, or",
                                "1": "(b) any defect in the election, nomination or appointment of a person acting as a member thereof, or",
                                "2": "(c) any irregularity in its procedure not affecting the merits of the case."
                            }
                        }
                    }
                },
                "Section 36.": {
                    "heading": "Power to remove difficulties.",
                    "paragraphs": {
                        "0": "(1) If any difficulty arises in giving effect to the provisions of this Act the Central Government may, by order published in the Official Gazette, make such provisions not inconsistent with the provisions of this Act as may appear to it to be necessary or expedient for removing the difficulty:",
                        "1": "Provided that no such order shall be made after the expiry of a period of two years from the date on which this Act receives the assent of the President.",
                        "2": "(2) Every order made under this section shall, as soon as may be after it is made, be laid before each House of Parliament."
                    }
                },
                "Section 37.": {
                    "heading": "Transitional provisions.",
                    "paragraphs": {
                        "0": {
                            "text": "Notwithstanding anything contained in this Act\u2014",
                            "contains": {
                                "0": "(a) the Board of Governors of every Institute 1[mentioned in the First Schedule] functioning as such immediately before the commencement of this Act shall continue to so function until a new Board is constituted for that Institute under this Act, but on the constitution of a new Board under this Act, the member of the Board holding office before such constitution shall cease to hold office;",
                                "1": "(b) every Senate constituted in relation to every Institute before the commencement of this Act shall be deemed to be the Senate constituted under this Act until a Senate is constituted under this Act for that Institute but on the constitution of new Senate under this Act, the members of the Senate holding office before such constitution shall cease to hold office.",
                                "2": "1[(c) recruitment process and disciplinary proceedings, which had commenced before the commencement of the National Institutes of Technology (Amendment) Act, 2012 (28 of 2012), shall be completed, mutatis mutandis, in accordance with the relevant provisions in force immediately before such commencement.",
                                "3": "Explanation.\u2014Recruitment process for a post may be taken to have commenced from the date of publication of the advertisement inviting application for the post, and disciplinary proceedings against an employee of the Institute may be taken to have commenced on the date of issue of charge sheet for major penalty of show cause notice for minor penalty to such employee;",
                                "4": "(d) all matters, which are meant to be provided through Statutes and Ordinances under sections 25 and 27, respectively, shall, till such Statutes and Ordinances are made, be governed, mutatis mutandis, by the corresponding provisions in force immediately before the commencement of this Act.]",
                                "5": "2[(e) the court, the Academic Council and the Executive Council of the Bengal Engineering and Science University, Shibpur performing functions as such immediately before the commencement of the National Institutes of Technology, Science Education and Research (Amendment Act, 2014 (9 of 2914), shall continue to function until a Board is constituted for the Indian Institute of Engineering Science and Technology, Shibpur under this Act, but on and after the constitution of a Board under this Act, the members of the Court, the Academic Council and the Executive Council, shall cease to hold office;",
                                "6": "(f) the authorities of the Bengal Engineering and Science University, Shibpur, by whatever names so called, performing functions as such immediately before the commencement of the National Institutes of Technology, Science Education and Research (Amendment) Act, 2014 (9 of 2014) shall continue to function until a new Authority is appointed or constituted for performing the same functions under the said Act, but on and after such appointment or constitution, the authorities performing the functions under the Bengal Engineering and Science University, Shibpur Act, 2014 (13 of 2004) or any Statutes or Ordinances made thereunder shall cease to hold office;",
                                "7": "(g) every Senate or any other authorities in the names so called constituted in relation to every Institute before the commencement of the National Institutes of Technology, Science Education and Research (Amendment) Act, 2014 shall be deemed to be the Senate constituted under the said Act until a new Senate is constituted under this Act for that Institute, but on the constitution of a new Senate under this Act, the members of the Senate holding office before such constitution shall cease to hold office;",
                                "8": "(h) until the first Statutes and the Ordinances are made and brought in force under the National Institutes of Technology, Science Education and Research (Amendment) Act, 2014 (9 of 2014) the Statutes, Ordinances and rules made for the Bengal Engineering and Science University, Shibpur immediately before the commencement of the said Act shall continue to apply to the Indian Institute of Engineering Science and Technology, Shibpur in so far as they are not inconsistent with the provisions of the said Act.]"
                            }
                        }
                    }
                }
            }
        }
    },
    "Schedule": {
        "THE FIRST SCHEDULE": {
            "0": "1[THE FIRST SCHEDULE]",
            "1": "[See sections 3 (g), (m) and 4(1)]",
            "2": "LIST OF CENTRAL INSTITUTIONS INCORPORATED INTO THE ACT",
            "3": {
                "text": "SI. NO. Society Corresponding Institute",
                "contains": {
                    "0": "1 2 3",
                    "1": "1. Motilal Nehre National Institute of Technology, Motilal Nehru National Institute of Allahabad Society Technology, Allahabad.",
                    "2": "2. Maulana Azad National Institute Technology, Maulana Azad National Institute Bhopal Society Technology, Bhopal",
                    "3": "3. National Institute of Technology, Calicut National Institute of Technology, Society Calicut.",
                    "4": "4. National Institute of Technology, Durgapur National Institute of Technology, Society Durgapur.",
                    "5": "5. National Institute of Technology, Hamirpur National Institute of Technology, Society Hamirpur.",
                    "6": "6. Malaviya National Institute of Technology, Malaviya National Institute of Jaipur Society Technology, Jaipur.",
                    "7": "7. Dr. B.R. Ambedkar National Institute of Dr. B.R. Ambedkar National Institute Technology, Jalandhar Society of Technology, Jalandhar.",
                    "8": "8. National Institute of Technology, Jamshedpur National Institute of Technology, Society Jamshedpur.",
                    "9": "9. National Institute of Technology, Kurukshetra National Institute of Technology, Society Kurukshetra.",
                    "10": "10. Visvesvaraya National Institute of Technology, Visvesvaraya National Institute of Nagpur Society Technology, Nagpur.",
                    "11": "11. National Institute of Technology, Patna Society National Institute of Technology, Patna.",
                    "12": "12. National Institute of Technology, Rourkela National Institute of Technology, Society. Rourkela.",
                    "13": "13. National Institute of Technology, Silchar National Institute of Technology, Society. Silchar.",
                    "14": "14. National Institute of Technology, Srinagar National Institute of Technology, Society Srinagar.",
                    "15": "15. Sardar Vallabhbhai National Institute of Sardar Vallabhbhai National Institute Technology, Surat Society of Technology, Surat.",
                    "16": "16. National Institute of Technology, Karnataka, National Institute of Technology, Surathkal Society. Karnataka, Surathkal.",
                    "17": "17. National Institute of Technology, National Institute of Technology, Tiruchirappalli Society. Tiruchirappalli. 1 2 3",
                    "18": "18. National Institute of Technology, Warangal National Institute of Technology, Society Warangal.",
                    "19": "19. National Institute of Technology, Raipur National Institute of Technology, Society Raipur.",
                    "20": "20. National Institute of Technology, Agartala National Institute of Technology, Society Agartala.",
                    "21": {
                        "text": "1[21. National Institute of Technology, Goa, Society National Institute of Technology Goa.",
                        "contains": {
                            "0": "22. National Institute of Technology, Poducherry National Institute of Technology, Society Poducherry.",
                            "1": "23. National Institute of Technology, Delhi Society National Institute of Technology, Delhi.",
                            "2": "24. National Institute of Technology, Sumari National Institute of Technology, (Srinagar), Uttarakhand Society Uttarakhand.",
                            "3": "25. National Institute of Technology Sohra National Institute of Technology, (Meghalaya) Society Meghalaya.",
                            "4": "26. National Institute of Technology, Mizoram National Institute of Technology, Society Mizoram.",
                            "5": "27. National Institute of Technology, Manipur National Institute of Technology, Society Manipur.",
                            "6": "28. National Institute of Technology, Nagaland National Institute of Technology, Society Nagaland.",
                            "7": "29. National Institute of Technology, Arunachal National Institute of Technology, Pradesh Society Arunachal Pradesh. 30. National Institute of Technology, Sikkim National Institute of Technology, Sikkim.]"
                        }
                    },
                    "22": "2[31. National Institute of Technology, Andhra National Institute of Technology, Pradesh Andhra Pradesh.]"
                }
            }
        },
        "THE SECOND SCHEDULE": {
            "0": "1[THE SECOND SCHEDULE [See section 3(g), (m), 4(1) and 11A]",
            "1": "LIST OF INDIANS OF SCIENCE EDUCATION RESEARCH",
            "2": {
                "text": "SI. Sl. No. Society Corresponding Institute",
                "contains": {
                    "0": "1 2 3",
                    "1": {
                        "text": "1. Indian Institute of Science Education and Indian Institute of Science Education and Research, Kolkata Society Research, Kolkata.",
                        "contains": {
                            "0": "2. Indian Institute of Science Education and Indian Institute of Science Education and Research, Pune Society Research, Pune. 3. Indian Institute of Science Education and Indian Institute of Science Education and Research, Mohali Society Research, Mohali. 4. Indian Institute of Science Education and Indian Institute of Science Education and Research, Bhopal Society Research, Bhopal. 5. Indian Institute of Science Education and Indian Institute of Science Education and Research,Thiruvanathapuram Society. Research, Thiruvanathapuram.] 2[6. Indian Institute of Science Education and Indian Institute of Science Education and Research, Tirupati Society Research, Tirupati. 7. Indian Institute of Science Education and Indian Institute of Science Education and Research, Berhampur Society Research, Berhampur.]"
                        }
                    }
                }
            }
        },
        "THE THIRD SCHEDULE": {
            "0": "1[THE THIRD SCHEDULE",
            "1": "[See sections 3(g), (k), (m), 4(1) and 11A]",
            "2": "LIST OF INDIAN INSTITUTES OF ENGINEERING SCIENCE AND TECHNOLOGY",
            "3": "Sl. University or Society Corresponding Institute",
            "4": "No.",
            "5": {
                "text": "(1) (2) (3)",
                "contains": {
                    "0": "Bengal Engineering and Science Indian Institute of Engineering Science University, Shibpur. and Technology, Shibpur.]"
                }
            }
        }
    },
    "Annexure": {},
    "Appendix": {},
    "Forms": {},
    "Footnotes": {
        "Page 3": {
            "0": "1. Subs. by Act 28 of 2012, s.2, for \u201ccertain institutions of technology\u201d (w.e.f. 7-6-2012).",
            "1": "2.  Subs. by s. 3, ibid., for \u201cNational Institutes of Technology\u201d (w.e.f. 7-6-2012).",
            "2": "3. 15th August, 2007, vide notification No. S.O. 1384(E), dated 9th August, 2007, see Gazette of India, Extraordinary, PartII, sec. 3(ii).",
            "3": "4.  Subs. by Act 9 of 2014, s. 2, for  \u201c the First Schedule and the Second Schedule\u201d (w.e.f. 4-3-2014).",
            "4": "5.  Ins. by Act 28 of 2012, s. 5 (w.e.f. 7-6-2012).",
            "5": "6.  The  words,  brackets,  figures  and  letter  \u201cor  sub-section  (1)  of  section  30A\u201d  omitted  by  Act  9  of  2014,  s.  3(w.e.f. 4-3-2014)."
        },
        "Page 4": {
            "0": "1. Subs. by Act 9 of 2014, s.3, for \u201cthe First Schedule and the Second Schedule\u201d (w.e.f. 4-3-2014).",
            "1": "2. Subs. by s.4, ibid., for \u201cthe First Schedule and the Second Schedule\u201d (w.e.f. 4-3-2014).",
            "2": "3. Ins. by s. 4, ibid. (w.e.f.  4-3-2014).",
            "3": "4. Ins. by s. 5, ibid. (w.e.f. 4-3-2014)."
        },
        "Page 6": {
            "0": "1. The words \u201cand the Deputy Director\u201d omitted by Act 28 of 2012, s. 7 (w.e f.  7-6-2012).",
            "1": "2. Subs. by s.8, ibid., for \u201cInstitute\u201d (w.e.f. 7-6-2012)."
        },
        "Page 7": {
            "0": "1. Subs by Act 28 of 2012, s.8, for \u201cInstitute\u201d(w.e.f. 7-6-2012).",
            "1": "2. The word \u201cand\u201d omitted by s. 8, ibid. (w.e.f. 7-6-2012).",
            "2": "3. Ins. by s.8, ibid. (w.e.f. 7-6-2012).",
            "3": "4. Ins. by s.9, ibid. (w.e.f. 7-6-2012).",
            "4": "5. Subs. by Act 9 of 2014, s.6, for \u201cSecond Schedule\u201d (w.e.f. 4-3-2014).",
            "5": "6. Subs. by s.6, ibid., for \u201cthe Second Schedule\u201d (w.e.f. 4-3-2014)."
        },
        "Page 8": {
            "0": "1. Ins. by Act 28 of 2012, s. 10 (w.e.f. 7-6-2012)."
        },
        "Page 9": {
            "0": "1. The words \u201cand Deputy Director\u201d omitted by Act 28 of 2012, s.11 (w. e. f 7-6-2012).",
            "1": "2. Subs. by s. 11, ibid., for sub-section (5) (w.e.f 7-6-2012)."
        },
        "Page 10": {
            "0": "1. The words \u201cand Deputy Director\u201d omitted by Act of 28 of 2012, s.12 (w. e. f 7-6-2012)."
        },
        "Page 12": {
            "0": "1. Subs. by Act of 28 of 2012, s. 13 for \u201cSchedule\u201d (w. e. f 7-6-2012).(cid:28)",
            "1": "2. Ins. by Act 9 of 2014, s.7 (w.e.f. 4-3-2014)."
        },
        "Page 13": {
            "0": "1. The words, brackets, letters and figures \u201cand clause (j) of sub-section (2) of section 30A\u201d omitted by Act of 9 of 2014, s.9(w.e.f. 4-3-2014)."
        },
        "Page 14": {
            "0": "1. Ins. by Act 28 of 2012, s.16 (w.e.f. 7-6-2012)."
        },
        "Page 15": {
            "0": "1. Ins. by Act of 28 of 2012, s.16 (w.e.f. 7-6-2012).",
            "1": "2. Ins. by Act 9 of 2014, s.10 (w.e.f. 4-3-2014)."
        },
        "Page 16": {
            "0": "1. The existing Schedule numbered as the First Schedule by Act 28 of 2012, s.19 (w.e.f.7-6-2012)."
        },
        "Page 17": {
            "0": "1. Ins. by Act 28 of 2012, s.19 (w.e.f. 7-6-2012).",
            "1": "2. Ins. by Act 42 of 2016, s. 2 (w.e.f. 20-8-2015)."
        },
        "Page 18": {
            "0": "1. Ins. by Act 28 of 2012, s. 19 (w.e.f. 7-6-2012).",
            "1": "2. Ins. by Act 19 of 2017, s. 2 (w.e.f. 30-9-2017)."
        },
        "Page 19": {
            "0": "1. Ins. by Act 9 of 2014, s.12 (w. e. f. 4-3-2014)."
        }
    }
}