{
    "Act Title": "THE CENTRAL EDUCATIONAL INSTITUTIONS (RESERVATION IN TEACHERS\u2019 CADRE) ACT, 2019",
    "Act ID": "ACT NO. 10 OF 2019",
    "Enactment Date": "[9th July, 2019.]",
    "Act Definition": {
        "0": "An Act to provide for the reservation of posts in appointments by direct recruitment of persons belonging to the Scheduled Castes, the Scheduled Tribes, the socially and educationally backward classes and the economically weaker sections, to teachers\u2019 cadre in certain Central Educational Institutions established, maintained or aided by the Central Government, and for matters connected therewith or incidental thereto."
    },
    "Sections": {
        "Section 1.": {
            "heading": "Short title and commencement.",
            "paragraphs": {
                "0": "(1) This Act may be called the Central Educational Institutions (Reservation in Teachers\u2019 Cadre) Act, 2019.",
                "1": "(2) It shall be deemed to have come into force on the 7th day of March, 2019."
            }
        },
        "Section 2.": {
            "heading": "Definitions.",
            "paragraphs": {
                "0": {
                    "text": "In this Act, unless the context otherwise requires,\u2014",
                    "contains": {
                        "0": "(a) \u201cappropriate authority\u201d means the University Grants Commission established under the University Grants Commission Act, 1956 (3 of 1956), or any other authority or body established by or under a Central Act for the determination, coordination or maintenance of the standards of higher education in any Central Educational Institution;",
                        "1": "(b) \u201cbranch of study\u201d means a branch of study leading to three principal levels of qualifications at bachelors (under graduate), masters (post graduate) and doctoral levels;",
                        "2": {
                            "text": "(c) \u201cCentral Educational Institution\u201d means\u2014",
                            "contains": {
                                "0": "(i) a University established or incorporated by or under a Central Act;",
                                "1": "(ii) an institution of national importance established by an Act of Parliament;",
                                "2": "(iii) an institution, declared as an institution deemed to be University under section 3 of the University Grants Commission Act, 1956 (3 of 1956),, and maintained by or receiving aid from the Central Government;",
                                "3": "(iv) an institution maintained by or receiving aid from the Central Government, whether directly or indirectly, and affiliated to an institution referred to in sub-clause (i) or sub-clause (ii), or a constituent unit of an institution referred to in sub-clause (iii); and",
                                "4": "(v) an educational institution established by the Central Government under the Societies Registration Act, 1860 (21 of 1860);"
                            }
                        },
                        "3": "(d) \u201cdirect recruitment\u201d means the process of appointing faculty by inviting applications against public advertisement from persons eligible to teach in a Central Educational Institution;",
                        "4": "(e) \u201ceconomically weaker sections\u201d means such weaker sections as are referred to in Explanation to clause (6) of article 15 of the Constitution;",
                        "5": "(f) \u201cfaculty\u201d means the faculty of a Central Educational Institution;",
                        "6": "(g) \u201cMinority Educational Institution\u201d means an institution established and administered by the minorities under clause (1) of article 30 of the Constitution and so declared by an Act of Parliament or by the Central Government or declared as a Minority Educational Institution under the National Commission for Minority Educational Institutions Act, 2004 (2 of 2005);",
                        "7": "(h) \u201csanctioned strength\u201d means the number of posts in teachers\u2019 cadre approved by the appropriate authority;",
                        "8": "(i) \u201cScheduled Castes\u201d means the Scheduled Castes notified under article 341 of the Constitution;",
                        "9": "(j) \u201cScheduled Tribes\u201d means the Scheduled Tribes notified under article 342 of the Constitution;",
                        "10": "(k) \u201csocially and educationally backward classes\u201d means such backward classes as are so deemed under article 342A of the Constitution;",
                        "11": "(l) \u201cteachers\u2019 cadre\u201d means a class of all the teachers of a Central Educational Institution, regardless of the branch of study or faculty, who are remunerated at the same grade of pay, excluding any allowance or bonus."
                    }
                }
            }
        },
        "Section 3.": {
            "heading": "Reservation of posts in recruitments by Central Educational Institutions.",
            "paragraphs": {
                "0": "(1) Notwithstanding anything in any other law for the time being in force, there shall be reservation of posts in direct recruitment out of the sanctioned strength in teachers' cadre in a Central Educational Institution to the extent and in the manner as may be specified by the Central Government by notification in the Official Gazette.",
                "1": "(2) For the purpose of reservation of posts, a Central Educational Institution shall be regarded as one unit."
            }
        },
        "Section 4.": {
            "heading": "Act not to apply in certain cases.",
            "paragraphs": {
                "0": {
                    "text": "The provisions of section 3 shall not apply to\u2014",
                    "contains": {
                        "0": "(a) the institutions of excellence, research institutions, institutions of national and strategic importance specified in the Schedule to this Act;",
                        "1": "(b) a Minority Educational Institution."
                    }
                },
                "1": "(2) The Central Government may, by notification in the Official Gazette, amend the Schedule referred to in clause (a) of sub-section (1) from time to time."
            }
        },
        "Section 5.": {
            "heading": "Laying of notifications before Parliament.",
            "paragraphs": {
                "0": "Every notification made by the Central Government under this Act shall be laid, as soon as may be after it is made, before each House of Parliament while it is in session, for a total period of thirty days which may be comprised in one session or in two or more successive sessions, and if, before the expiry of the session immediately following the session or the successive sessions aforesaid, both Houses agree in making any modification in the notification or both Houses agree that the notification should not be made, the notification shall thereafter have effect only in such modified form or be of no effect, as the case may be; so, however, that any such modification or annulment shall be without prejudice to the validity of anything previously done under that notification."
            }
        },
        "Section 6.": {
            "heading": "Repeal and savings.",
            "paragraphs": {
                "0": "(1) The Central Educational Institutions (Reservation in Teachers' Cadre) Ordinance, 2019 (Ord. 13 of 2019) is hereby repealed.",
                "1": "(2) Notwithstanding such repeal, anything done or any action taken under the said Ordinance shall be deemed to have been done or taken under this Act."
            }
        }
    },
    "Schedule": {},
    "Annexure": {},
    "Appendix": {},
    "Forms": {},
    "Footnotes": {}
}