{
    "Act Title": "THE NATIONAL CAPITAL TERRITORY OF DELHI LAWS (SPECIAL PROVISIONS) SECOND ACT, 2011",
    "Act ID": "ACT NO. 20 OF 2011",
    "Enactment Date": "[23rd December, 2011.]",
    "Act Definition": {
        "0": "An Act to make special provisions for the National Capital Territory of Delhi 1[for a further period up to the 31st day of December, 2020] and for matters connected therewith or incidental thereto.",
        "1": "WHEREAS there has been phenomenal increase in the population of the National Capital Territory of Delhi owing to migration and other factors resulting in tremendous pressure on land and infrastructure leading to encroachment or unauthorised developments which are not in consonance with the concept of planned development as provided in the Master Plan for Delhi, 2001 and the relevant Acts and building bye-laws made thereunder;",
        "2": "AND WHEREAS the Master Plan for Delhi, 2001 was extensively modified and notified by the Central Government on the 7th day of February, 2007 with the perspective for the year 2021 keeping in view the emerging new dimensions in urban development vis-a-vis the social, financial and other ground realities;",
        "3": "AND WHEREAS the Master Plan for Delhi with the perspective for the year 2021 specifically provides for strategies for housing for urban poor as well as to deal with the informal sector;",
        "4": "2* * * * *",
        "5": "AND WHEREAS based on the policy finalised by the Central Government regarding regularisation of unauthorised colonies, village abadi area and their extension, the guidelines and regulations for this purpose have been issued;",
        "6": "AND WHEREAS based on the policy finalised by the Central Government regarding regularisation of unauthorised colonies, village abadi area and their extensions, the Building Regulations for Special Area, Unauthorised Regularised Colonies and Village Abadis, have been made by the Delhi Development Authority under sub-section (1) of section 57 of the Delhi Development Act, 1957 (61 of 1957) notified in the Gazette of India vide S.O. 97(E), dated the 17th January, 2011;",
        "7": "AND WHEREAS in pursuance of the guidelines and regulations necessary steps are being taken for the regularisation of unauthorised colonies which, inter alia, involve scrutiny of layout plans, assessment of built-up percentage existed as on the 31st day of March, 2002, identification of mixed use of streets, approval of layout plans, fixation of boundaries, change in land use and identification of colonies not eligible for regularisation;",
        "8": "AND WHEREAS the Government of National Capital Territory of Delhi has received one hundred forty redrafted layout plans and is in process of fixing the boundary on these layout plans and the complete process of redrafting or finalisation of layout plans is likely to take considerable time to regularise all the unauthorised colonies;",
        "9": "3[AND WHEREAS more time is required for the regularisation of unauthorised colonies, village abadi area and their extensions and special areas;]",
        "10": "AND WHEREAS the revised policy for proper arrangements for relocation and rehabilitation of slum dwellers and jhuggi-jhompri clusters in the National Capital Territory of Delhi has been formulated and accordingly, the Delhi Urban Shelter Improvement Board Act, 2010 (Delhi Act 7 of 2010) has been enacted by the Legislature of the National Capital Territory of Delhi and notified with effect from the 1st July, 2010to provide for implementation of schemes for improvement of slums and jhuggi-jhompri clusters with a view to bring improvement in environment and living conditions, and to prepare housing scheme for such persons;",
        "11": "AND WHEREAS the Delhi Urban Shelter Improvement Board has identified about six hundred and eighty-five jhuggi-jhompri clusters in the National Capital Territory of Delhi and relocation thereof is likely to take considerable time;",
        "12": "AND WHEREAS the draft policy regarding farm houses is being prepared by the Delhi Development Authority and its finalisation is likely to take about two years;",
        "13": "AND WHEREAS pursuant to the Master Plan for Delhi, 2021, the Zonal Development Plans in respect of various Zones have been notified which provides for regularisation of schools, dispensaries, religious institutions and cultural institutions established on or before the 1st January, 2006 in non-conforming areas;",
        "14": "AND WHEREAS the policy with respect to storages, warehouses and godowns used for agricultural inputs or produce (including dairy and poultry) in rural areas built on agricultural land and guidelines for redevelopment of existing godown clusters in non-conforming areas (including those for a storage of non- agricultural goods) required to cater to the needs of the people of the National Capital Territory of Delhi are under consideration of the Central Government in consultation with the Delhi Development Authority;",
        "15": "AND WHEREAS with respect to special areas (being the areas consisting of walled city, walled city extension and area known as Karol Bagh and as such other areas as may be designated as special area) referred to in clause (vi) of regulation 2 of the Building Regulations for Special Area, Unauthorised Regularised Colonies and Village Abadis, 2010 notified in the Gazette of India vide S.O. 97(E), dated the 17th January, 2011, is being taken for formulation of redevelopment plan and schemes by concerned local authority which is likely to take considerable time;",
        "16": "AND WHEREAS rule 12 of the Delhi Development (Master Plan and Zonal Development Plan) Rules, 1959 provides for amendment of whole or any part of the Master Plan, if necessary, at the expiry of every five years and accordingly in pursuance of the aforesaid rule 12, the process of quinquennial revision of the provisions of the Master Plan notified on the 7th February, 2007, is being undertaken for such modifications and updating that have emerged based on ground realities which is likely to take some time for finalisation;",
        "17": "AND WHEREAS in view of the foregoing paragraphs, it is expedient and in public interest that no hardship be caused (whether by way of sealing or demolition of the structures or otherwise), to the public until the revision of Master Plan as stated in the preceding paragraph is undertaken to facilitate the smooth review of the Master Plan;",
        "18": "AND WHEREAS the National Capital Territory of Delhi Laws (Special Provisions) Act, 2007 (43 of 2007) was enacted on the 5th day of December, 2007 to make special provisions for the areas of National Capital Territory of Delhi for a period of up to the 31st day of December, 2008 which ceased to operate after the 31st December, 2008;",
        "19": "AND WHEREAS the National Capital Territory of Delhi Laws (Special Provisions) Act, 2009 (24 of 2009) was enacted in continuation of the aforesaid Act for a period up to the 31st day of December, 2009 to make special provisions for the areas of the National Capital Territory of Delhi and that Act ceased to operate after the 31st day of December, 2009;",
        "20": "AND WHEREAS the National Capital Territory of Delhi Laws (Special Provisions) Second Act, 2009 (40 of 2009) was enacted in continuation of the aforesaid Act for a period up to the 31st day of December, 2010 to make special provisions for the areas of National Capital Territory of Delhi and that Act ceased to operate after the 31st day of December, 2010;",
        "21": "AND WHEREAS the National Capital Territory of Delhi Laws (Special Provisions) Act, 2011 (5 of 2011) has been enacted to give continued effect to provisions of the enactment specified in the preceding paragraph for a period up to the 31st day of December, 2011 and to make special provisions for the areas of the National Capital Territory of Delhi and that Act, shall cease to operate after the 31st day of December, 2011;",
        "22": "AND WHEREAS it is expedient to have a law in terms of the Master Plan for Delhi, 2021, in continuation of the said Acts 1[for a period up to the 31st day of December, 2020] to provide for relief and to minimise avoidable hardships and irreparable loss to the people of the National Capital Territory of Delhi against any punitive action by any agency in respect of the persons covered by the policies referred to above."
    },
    "Sections": {
        "Section 1.": {
            "heading": "Short title, extent, commencement and duration.",
            "paragraphs": {
                "0": "(1) This Act may be called the National Capital Territory of Delhi Laws (Special Provisions) Second Act, 2011.",
                "1": "(2) It extends to the National Capital Territory of Delhi.",
                "2": "(3) It shall come into force on the 1st day of January, 2012.",
                "3": "(4) 2[It shall cease to have effect on the 31st day of December, 2020], except as respects things done or omitted to be done before such cesser, and upon such cesser section 6 of the General Clauses Act, 1897 (10 of 1897), shall apply as if this Act had then been repealed by a Central Act."
            }
        },
        "Section 2.": {
            "heading": "Definitions.",
            "paragraphs": {
                "0": {
                    "text": "(1) In this Act, unless the context otherwise requires,\u2014",
                    "contains": {
                        "0": "(a) \u201cbuilding bye-laws\u201d means bye-laws made under section 481 of the Delhi Municipal Corporation Act, 1957 (66 of 1957) or the bye-laws made under section 188, sub-section (3) of section 189 and sub-section (1) of section 190 of the Punjab Municipal Act, 1911 (Punjab Act 3 of 1911), as in force in New Delhi or the regulations made under sub-section (1) of section 57 of the Delhi Development Act, 1957 (61 of 1957), relating to buildings;",
                        "1": "(b) \u201cDelhi\u201d means the entire area of the National Capital Territory of Delhi except the Delhi Cantonment as defined in clause (11) of section 2 of the Delhi Municipal Corporation Act, 1957 (66 of 1957);",
                        "2": "(c) \u201cencroachment\u201d means unauthorised occupation of Government land or public land other than streets, lanes, footpath and parks, by way of putting temporary, semi-permanent or permanent structure for residential use or commercial use or any other use;",
                        "3": "(d) \u201clocal authority\u201d means the Delhi Municipal Corporation established under the Delhi Municipal Corporation Act, 1957 (66 of 1957), or the New Delhi Municipal Council established under the New Delhi Municipal Council Act, 1994 (44 of 1994) or the Delhi Development Authority established under the Delhi Development Act, 1957 (61 of 1957), legally entitled to exercise control in respect of the areas under their respective jurisdiction;",
                        "4": "(e) \u201cMaster Plan\u201d means the Master Plan for Delhi with the perspective for the year 2021, notified vide notification number S.O.141(E), dated the 7th day of February, 2007 under the Delhi Development Act, 1957 (61 of 1957);",
                        "5": "(f) \u201cnotification\u201d means a notification published in the Official Gazette;",
                        "6": "(g) \u201cpunitive action\u201d means action taken by a local authority under the relevant law against unauthorised development and shall include demolition, sealing of premises and displacement of persons or their business establishment from their existing location, whether in pursuance of court orders or otherwise;",
                        "7": {
                            "text": "(h) \u201crelevant law\u201d means in case of\u2014",
                            "contains": {
                                "0": "(i) the Delhi Development Authority, the Delhi Development Act, 1957 (61 of 1957);",
                                "1": "(ii) the Municipal Corporation of Delhi, the Delhi Municipal Corporation Act, 1957 (66 of 1957); and",
                                "2": "(iii) the New Delhi Municipal Council, the New Delhi Municipal Council Act, 1994 (44 of 1994);"
                            }
                        },
                        "8": "(i) \u201cspecial area\u201d, shall have the meaning assigned to it in clause (vi) of regulation 2 of the Building Regulations for Special Area, Unauthorised Regularised Colonies and Village Abadis, 2010 notified in the Gazette of India vide S.O. 97(E), dated the 17th January, 2011;",
                        "9": "(j) \u201cunauthorised development\u201d means use of land or use of building or construction of building or development of colonies carried out in contravention of the sanctioned plans or without obtaining the sanction of plans, or in contravention of the land use as permitted under the Master Plan or Zonal Plan or layout plan, as the case may be, and includes any encroachment."
                    }
                },
                "1": "(2) The words and expressions used but not defined herein shall have the meanings respectively assigned to them in the Delhi Development Act, 1957 (61 of 1957), the Delhi Municipal Corporation Act, 1957 (66 of 1957) and the New Delhi Municipal Council Act, 1994 (44 of 1994)."
            }
        },
        "Section 3.": {
            "heading": "Enforcement to be kept in abeyance.",
            "paragraphs": {
                "0": {
                    "text": "(1) Notwithstanding anything contained in any relevant law or any rules, regulations or bye-laws made thereunder, the Central Government shall before the expiry of this Act, take all possible measures to finalise norms, policy guidelines, feasible strategies and make orderly arrangements to deal with the problem of encroachment or unauthorised development in the form of encroachment by slum dwellers and Jhuggi-Jhompri clusters, 1*** unauthorised colonies, village abadi area (including urban villages), and their extensions, existing farm houses involving construction beyond permissible building limits and schools, dispensaries, religious institutions, cultural institutions, storages, warehouses and godowns used for agricultural inputs or produce (including dairy and poultry) in rural areas built on agricultural land, as mentioned below:\u2014",
                    "contains": {
                        "0": "(a) orderly arrangements for relocation and rehabilitation of slum dwellers and Jhuggi-Jhompri clusters in Delhi in accordance with the provisions of the Delhi Urban Shelter Improvement Board Act, 2010 (Delhi Act 7 of 2010) and the Master Plan for Delhi, 2021 to ensure its development in a sustainable, planned and humane manner;",
                        "1": "2* * * * *",
                        "2": "(c) orderly arrangements pursuant to guidelines and regulations for regularisation of unauthorised colonies, village abadi area (including urban villages) and their extensions, as existed on the 31st day of March, 2002, and where construction took place even beyond that date and 3[up to the 1st day of June, 2014];",
                        "3": "(d) policy regarding existing farm houses involving construction beyond permissible building limits;",
                        "4": "(e) policy or plan for orderly arrangement regarding schools, dispensaries, religious institutions, cultural institutions, storages, warehouses and godowns used for agricultural inputs or produce (including dairy and poultry) in rural areas built on agricultural land and guidelines for redevelopment of existing godown clusters (including those for a storage of non-agricultural goods) required to cater to the needs of the people of the National Capital Territory of Delhi;",
                        "5": "(f) orderly arrangements in respect of special areas in accordance with the Building Regulations for Special Area, Unauthorised Regularised Colonies and Village Abadis, 2010 within overall ambit of Master Plan in force; and",
                        "6": "(g) policy or plan for orderly arrangements in all other areas of the National Capital Territory of Delhi in consonance with the Master Plan on its review."
                    }
                },
                "1": {
                    "text": "(2) Subject to the provisions contained in sub-section (1) and notwithstanding any judgment, decree or order of any court, status quo\u2014",
                    "contains": {
                        "0": "(i) as on the 1st day of January, 2006 in respect of encroachment or unauthorised development;",
                        "1": "(ii) in respect of unauthorised colonies, village abadi area (including urban villages) and their extensions, which existed on the 31st day of March, 2002 and where construction took place even beyond that date and 1[up to the 1st day of June, 2014], mentioned in sub-section (1);",
                        "2": "(iii) in respect of special areas as per the Building Regulations for Special Area, Unauthorised Regularised Colonies and Village Abadis, 2010; and",
                        "3": "(iv) in respect of all other areas within the National Capital Territory of Delhi as on the 8th day of February, 2007,"
                    }
                },
                "2": {
                    "text": "shall be maintained.",
                    "contains": {
                        "0": "Explanation.\u2014 For the purposes of this sub-section, it is hereby clarified that any development approved by the competent authority or the local authority under the relevant laws and the rules or regulations made thereunder, including repairs permissible under the building bye-laws in force, shall continue to remain permitted.",
                        "1": {
                            "text": "(3) All notices issued by any local authority for initiating action against encroachment or unauthorised development in respect of areas referred to in sub-section (1), shall be deemed to have been suspended and no punitive action shall be taken 2[till the 31st day of December, 2020], if\u2014",
                            "contains": {
                                "0": "(a) it is constructed prior to the dates specified for different areas as enumerated in sub-section (2);",
                                "1": "(b) it conforms to the safety standards as in force or such other safety requirements as may be notified by the Central Government; and",
                                "2": "(c) it complies with the directions with respect to safety, if any, issued by the Central Government:"
                            }
                        },
                        "2": "Provided that in case punitive action is required to be taken by any local authority, prior approval of the Administrator of the National Capital Territory of Delhi or the officer authorised by him in this behalf, shall be obtained by the authority or officer concerned.",
                        "3": "(4) Notwithstanding any other provision contained in this Act, the Central Government may, 3[at any time before the 31st day of December, 2020], withdraw the exemption by notification in respect of encroachment or unauthorised development mentioned in sub-section (2) or sub-section (3), as the case may be."
                    }
                }
            }
        },
        "Section 4.": {
            "heading": "Provisions of this Act not to apply in certain cases.",
            "paragraphs": {
                "0": {
                    "text": "During the period of operation of this Act, no relief shall be available under the provisions of section 3 in respect of the following encroachment or unauthorised development, namely:\u2014",
                    "contains": {
                        "0": "(a) encroachment on public land except in those cases which are covered under clauses 4[(a) and (c)] of sub-section (1) of section 3;",
                        "1": "(b) removal of slums and Jhuggi-Jhompri dwellers, 5*** unauthorised colonies or part thereof, village abadi area (including urban villages) and their extensions in accordance with the relevant policies approved by the Central Government for clearance of land required for specific public projects."
                    }
                }
            }
        },
        "Section 5.": {
            "heading": "Power of Central Government to give directions.",
            "paragraphs": {
                "0": "The Central Government may, from time to time, issue such directions to the local authorities as it may deem fit, for giving effect to the provisions of this Act and it shall be the duty of the local authorities, to comply with such directions."
            }
        },
        "Section 6.": {
            "heading": "Validation of acts done or omitted to be done, etc., during 1st January, 2012 up to the date of enactment of this Act.",
            "paragraphs": {
                "0": "Notwithstanding any judgment, decree or order of any court, all things done, or, omitted to be done, and all action taken, or, not taken, during the period beginning on or after the 1st day of January, 2012 and ending immediately before the date of enactment of this Act, shall, in so far as they are in conformity with the provisions of this Act, be deemed to have been done, or, omitted to be done, or, taken, or, not taken, under these provisions as if such provisions were in force at the time such things were done or omitted to be done and action taken or not taken during the aforesaid period."
            }
        }
    },
    "Schedule": {},
    "Annexure": {},
    "Appendix": {},
    "Forms": {},
    "Footnotes": {
        "Page 2": {
            "0": "1. Subs. by Act 32 of 2017, s. 2, for \u201cfor a further period up to the 31st December, 2017\u201d (w.e.f. 31-12-2017).",
            "1": "2. Fourth paragraph omitted by s. 3, ibid. (w.e.f. 31-12-2017).",
            "2": "3. Subs. by s. 3, ibid., for ninth and tenth paragraphs (w.e.f. 31-12-2017)."
        },
        "Page 4": {
            "0": "1. Subs. by Act 32 of 2017, s. 3, for \u201cfor a period up to the 31st day of December, 2017\u201d (w.e.f. 31-12-2017).",
            "1": "2. Subs. by s. 4, for \u201cIt shall cease to have effect on the 31st day of December, 2017\u201d (w.e.f. 31-12-2017)."
        },
        "Page 5": {
            "0": "1. The words \u201chawkers and urban street vendors,\u201d omitted by Act 32 of 2017, s. 5 (w.e.f. 31-12-2017).",
            "1": "2. Clause (b) omitted by s. 5, ibid. (w.e.f. 31-12-2017).",
            "2": "3. Subs. by Act 39 of 2014, s. 5, for \u201cup to the 8th day of February, 2007\u201d (w.e.f. 26-12-2014)."
        },
        "Page 6": {
            "0": "1. Subs. by Act 39 of 2014, s. 5, for \u201cup to the 8th day of February, 2007\u201d (w.e.f. 26-12-2014).",
            "1": "2. Subs. by Act 32 of 2017, s. 5, for \u201ctill the 31st day of December, 2017\u201d (w.e.f. 31-12-2017).",
            "2": "3. Subs. by s. 5, ibid., for \u201cat any time before the 31st day of December, 2017\u201d (w.e.f. 31-12-2017).",
            "3": "4. Subs. by s. 6, ibid., for \u201c(a), (b) and (c)\u201d (w.e.f. 31-12-2017).",
            "4": "5. The words \u201chawkers and urban street vendors,\u201d omitted by s. 6, ibid. (w.e.f. 31-12-2017)."
        }
    }
}